area,units_per_area,txmonth,number_in_area,tariff
BEACON VALLEY,1009307.4,Nov-24,3447,Domestic
EASTRIDGE,810164.4,Nov-24,2860,Domestic
,2672144.1,Nov-24,9403,Domestic
LENTEGEUR,1243236.9,Nov-24,4420,Domestic
ROCKLANDS,1075632.9,Nov-24,3669,Domestic
TAFELSIG,1044920.1,Nov-24,3873,Lifeline2
TAFELSIG,836595.7,Nov-24,2518,Domestic
BONTEHEUWEL,1047311.1,Nov-24,2939,Domestic
MANENBERG,767818.6,Nov-24,2519,Domestic
GUGULETU,1048100.7,Nov-24,4890,Lifeline2
HANOVER PARK,746445.3,Nov-24,2935,Lifeline2
GUGULETU,1220536.4,Nov-24,9205,Lifeline1
MANENBERG,694161.4,Nov-24,2745,Lifeline2
GUGULETU,593343.2,Nov-24,2577,Domestic
BONTEHEUWEL,806328.2,Nov-24,2923,Lifeline2
,978982.5,Nov-24,3941,Lifeline2
PORTLANDS,840390.5,Nov-24,2610,Domestic
MFULENI,795596.8,Nov-24,3690,Lifeline2
OCEAN VIEW,490597.6,Nov-24,1682,Domestic
HEIDEVELD,511922.6,Nov-24,1601,Domestic
,4553334,Nov-24,9864,Home
LAVENDER HILL,443758.2,Nov-24,1732,Lifeline2
HANOVER PARK,437042,Nov-24,1174,Domestic
HANOVER PARK,395389.7,Nov-24,2355,Lifeline1
LANGA,425847.1,Nov-24,2031,Domestic
KUILSRIVIER,537944.1,Nov-24,1765,Domestic
RAVENSMEAD,558042.2,Nov-24,1552,Domestic
ASANDA,905592.3,Nov-24,1787,Domestic
RETREAT,556726.5,Nov-24,1615,Domestic
NYANGA,505082.2,Nov-24,2472,Lifeline2
PHILIPPI,708536.5,Nov-24,5569,Lifeline1
NYANGA,595459.4,Nov-24,4402,Lifeline1
BRIDGETOWN,651473.3,Nov-24,1731,Domestic
LOTUS RIVER,531682.8,Nov-24,1418,Domestic
WELTEVREDEN VALLEY,609819.4,Nov-24,2090,Domestic
,727281.7,Nov-24,4923,Lifeline1
WOODLANDS,319004.6,Nov-24,1178,Domestic
MITCHELLS PLAIN,492622.2,Nov-24,1607,Domestic
MANENBERG,376702.8,Nov-24,2357,Lifeline1
SCOTTSVILLE,297030.2,Nov-24,918,Domestic
SAXONSEA,354294,Nov-24,975,Domestic
TAFELSIG,389389.7,Nov-24,2199,Lifeline1
LANGA,653679.9,Nov-24,4700,Lifeline1
STRANDFONTEIN,1170734.5,Nov-24,3101,Home
VRYGROND,337185.5,Nov-24,966,Domestic
VALHALLA PARK,266679.3,Nov-24,1030,Lifeline2
FACTRETON,274775.1,Nov-24,933,Domestic
PHILIPPI,455202.2,Nov-24,2356,Lifeline2
WOODLANDS - MITCHELLS PLAIN,349510.9,Nov-24,1219,Domestic
BELLVILLE SOUTH,271460.5,Nov-24,725,Domestic
KUILSRIVIER,1849058.5,Nov-24,4108,Home
LAVENDER HILL,292586.6,Nov-24,1761,Lifeline1
GRASSY PARK,1214184.8,Nov-24,2861,Home
STRANDFONTEIN,679287.4,Nov-24,2150,Domestic
WESTRIDGE,320251.6,Nov-24,995,Domestic
LAVENDER HILL,240691.9,Nov-24,650,Domestic
LANSDOWNE,1743406.4,Nov-24,3514,Home
BELHAR,379642.1,Nov-24,1108,Domestic
HEIDEVELD,305796,Nov-24,1156,Lifeline2
MFULENI,246106.2,Nov-24,1075,Domestic
EASTRIDGE,264953.1,Nov-24,957,Lifeline2
MFULENI,479374.7,Nov-24,3170,Lifeline1
SAXONSEA,244511.5,Nov-24,858,Lifeline2
MACASSAR,242836.7,Nov-24,996,Lifeline2
LANGA,367056.2,Nov-24,1651,Lifeline2
ROBINVALE,183557.8,Nov-24,557,Domestic
WOODSTOCK,1136126.9,Nov-24,2848,Home
SILVERTOWN,356832.5,Nov-24,942,Domestic
SHERWOOD,162903.8,Nov-24,514,Domestic
STRAND,415459,Nov-24,1579,Domestic
PELIKAN PARK(1),215537,Nov-24,826,Domestic
RETREAT,353950.1,Nov-24,1195,Lifeline2
VALHALLA PARK,150315.5,Nov-24,413,Domestic
LENTEGEUR,269706.3,Nov-24,904,Lifeline2
PHILIPPI,237566.4,Nov-24,1026,Domestic
KEWTOWN,250488.9,Nov-24,713,Domestic
HOUT BAY,377166.2,Nov-24,1419,Lifeline2
LWANDLE,365065.6,Nov-24,1347,Lifeline2
RETREAT,877459.1,Nov-24,2023,Home
KENSINGTON,805273.2,Nov-24,1959,Home
STEENBERG,287129.1,Nov-24,781,Domestic
KUILSRIVIER,276146.1,Nov-24,1002,Lifeline2
STRAND,1589978.1,Nov-24,4239,Home
OCEAN VIEW,212240,Nov-24,796,Lifeline2
BROWNS FARM,286640.8,Nov-24,1374,Lifeline2
PLUMSTEAD,1784438.2,Nov-24,4137,Home
LWANDLE,297541.8,Nov-24,706,Domestic
PARKWOOD,193523.6,Nov-24,824,Lifeline2
LOTUS RIVER,756717.5,Nov-24,1651,Home
WYNBERG,1160683.1,Nov-24,3087,Home
WELTEVREDEN VALLEY,259720.1,Nov-24,1216,Lifeline2
FLORIDA,174149.2,Nov-24,481,Domestic
JOE SLOVO PARK,262233.9,Nov-24,653,Domestic
KALKSTEENFONTEIN,103153.8,Nov-24,335,Domestic
BONTEHEUWEL,257962.3,Nov-24,1538,Lifeline1
SHERWOOD,186435.3,Nov-24,666,Lifeline2
MAMRE,289387.8,Nov-24,726,Domestic
BEACON VALLEY,181560.4,Nov-24,588,Lifeline2
ATHLONE,797648.1,Nov-24,1743,Home
PROTEA PARK,168842.2,Nov-24,474,Domestic
AVONDALE(1),162371.1,Nov-24,510,Domestic
LWANDLE,323632.4,Nov-24,2412,Lifeline1
PARKWOOD,164348.4,Nov-24,519,Domestic
BELLVILLE SOUTH     BELLVILLE,108262.5,Nov-24,325,Domestic
LOTUS RIVER,217293.6,Nov-24,773,Lifeline2
CLAREMONT,2150221.9,Nov-24,4804,Home
BROWNS FARM,286407.5,Nov-24,2234,Lifeline1
PROTEA PARK,170082.3,Nov-24,588,Lifeline2
HEIDEVELD,186105.9,Nov-24,1034,Lifeline1
HOUT BAY,320543.6,Nov-24,874,Domestic
PELIKAN PARK(2),179824.5,Nov-24,622,Domestic
ROBINVALE,135327.2,Nov-24,476,Lifeline2
MASIPHUMELELE,303185.6,Nov-24,807,Domestic
OTTERY,907363.5,Nov-24,1905,Home
BROOKLYN,494086.5,Nov-24,1158,Home
TARENTAALPLAAS,94224.1,Nov-24,259,Domestic
RAVENSMEAD     PAROW,130204.3,Nov-24,341,Domestic
HOUT BAY,298261.7,Nov-24,1919,Lifeline1
MAITLAND,428884.8,Nov-24,1046,Home
KENSINGTON,186082.7,Nov-24,564,Domestic
SOMERSET WEST,1551757.8,Nov-24,3376,Home
PELIKAN PARK(1),162323,Nov-24,563,Lifeline2
HAZENDAL,134743.3,Nov-24,380,Domestic
NYANGA,138945.7,Nov-24,586,Domestic
MAMRE,161835.6,Nov-24,598,Lifeline2
STRAND,261124.9,Nov-24,1824,Lifeline1
PARKWOOD,134984.7,Nov-24,950,Lifeline1
STEENBERG,169194.7,Nov-24,556,Lifeline2
PHOENIX,218204.4,Nov-24,652,Domestic
TARENTAALPLAAS,106174.9,Nov-24,397,Lifeline2
BELMONT PARK,348363.9,Nov-24,782,Home
MONTAGU'S GIFT,171928.6,Nov-24,441,Domestic
KALKSTEENFONTEIN,69813.6,Nov-24,269,Lifeline2
SUMMER GREENS,429916.7,Nov-24,1078,Home
RONDEBOSCH,1737857.9,Nov-24,3683,Home
GRASSY PARK,236293.7,Nov-24,660,Domestic
PORTLAND,222758.7,Nov-24,728,Domestic
SEA POINT,1370946.7,Nov-24,3851,Home
ROCKLANDS,157975.7,Nov-24,529,Lifeline2
SEA WINDS,121317.7,Nov-24,374,Domestic
KENILWORTH,1067634,Nov-24,2893,Home
SEA WINDS,138545.6,Nov-24,485,Lifeline2
WELTEVREDEN VALLEY,194889.8,Nov-24,1525,Lifeline1
KALKFONTEIN,88724.1,Nov-24,238,Domestic
VALHALLA PARK,106155.8,Nov-24,704,Lifeline1
MUIZENBERG,833936.9,Nov-24,2248,Home
STRAND,190792.7,Nov-24,677,Lifeline2
RETREAT,152533.5,Nov-24,827,Lifeline1
OCEAN VIEW,120199.5,Nov-24,704,Lifeline1
HOUT BAY,1728959.8,Nov-24,3111,Home
MACASSAR,90220.1,Nov-24,296,Domestic
ATHLONE,183348.9,Nov-24,515,Domestic
LENTEGEUR,129381.9,Nov-24,653,Lifeline1
BROOKLYN,201558,Nov-24,707,Domestic
EASTRIDGE,105158.5,Nov-24,579,Lifeline1
BROWNS FARM,106520.4,Nov-24,491,Domestic
CRAWFORD,666252,Nov-24,1315,Home
ASANDA,239083.5,Nov-24,748,Lifeline2
MAITLAND,206734.9,Nov-24,705,Domestic
SAREPTA,90842.2,Nov-24,340,Domestic
BELHAR EXT 23,81895.5,Nov-24,223,Domestic
PINELANDS,1318455,Nov-24,2607,Home
FISH HOEK,1208634.5,Nov-24,2982,Home
BEACON VALLEY,83686.9,Nov-24,390,Lifeline1
WINDERMERE,93749.5,Nov-24,344,Domestic
OBSERVATORY,664568.2,Nov-24,1868,Home
PAROW,454618.2,Nov-24,1024,Home
ATHLONE,92860.2,Nov-24,325,Lifeline2
THORNTON,592408.6,Nov-24,1458,Home
AVONDALE(1),90934.1,Nov-24,359,Lifeline2
KEWTOWN,105106.1,Nov-24,391,Lifeline2
DURBANVILLE,1086299.6,Nov-24,2417,Home
SOMERSET WEST,190104.3,Nov-24,608,Domestic
IKWEZI PARK,107817.3,Nov-24,498,Domestic
KALKFONTEIN,116677.6,Nov-24,398,Lifeline2
PAROW,158692.8,Nov-24,599,Domestic
HEATHFIELD,402828.6,Nov-24,985,Home
SOUTHFIELD,512438.1,Nov-24,1170,Home
SHERWOOD,89241.6,Nov-24,528,Lifeline1
GARDENS,966529.8,Nov-24,2486,Home
RAVENSMEAD,112025.1,Nov-24,382,Lifeline2
THE RANGE,65378.1,Nov-24,204,Domestic
WOODLANDS - MITCHELLS PLAIN,109169.3,Nov-24,403,Lifeline2
EDGEMEAD,1013145.5,Nov-24,2254,Home
EAGLE PARK,63646.6,Nov-24,191,Domestic
VASCO ESTATE,443275.4,Nov-24,967,Home
PELIKAN PARK(1),101054.9,Nov-24,613,Lifeline1
HEINZ PARK,51047.2,Nov-24,180,Domestic
GREENLANDS,54775.3,Nov-24,146,Domestic
MACASSAR,81149.9,Nov-24,494,Lifeline1
SALT RIVER,237975.3,Nov-24,685,Home
GOODWOOD ESTATE,454989.6,Nov-24,1007,Home
RUSTHOF(2),63534.7,Nov-24,217,Domestic
BELMONT PARK,104076.2,Nov-24,337,Domestic
WESTLAKE ESTATE,124287.2,Nov-24,232,Domestic
HEINZ PARK,53465.9,Nov-24,241,Lifeline2
TOWNSEND ESTATE,451749.9,Nov-24,967,Home
GLENLILY,413420.5,Nov-24,888,Home
MASIPHUMELELE,151064.1,Nov-24,648,Lifeline2
VRYGROND,85710.8,Nov-24,294,Lifeline2
MORGANS VILLAGE,92314.4,Nov-24,359,Domestic
GRASSY PARK,144151.2,Nov-24,483,Lifeline2
BEACONHILL,87070.2,Nov-24,274,Domestic
PELIKAN PARK,98822.6,Nov-24,385,Domestic
WELTEVREDEN VALLEY,191377.5,Nov-24,594,Home
EXT 23     BELHAR,58498.8,Nov-24,165,Domestic
LOTUS RIVER,88065.6,Nov-24,430,Lifeline1
WOODLANDS,79522.5,Nov-24,275,Lifeline2
GUSTROW,40518.3,Nov-24,132,Domestic
ROCKLANDS,86582.1,Nov-24,449,Lifeline1
PORTLANDS,130472.3,Nov-24,441,Lifeline2
THE RANGE,48665.8,Nov-24,189,Lifeline2
RUGBY,253933.6,Nov-24,562,Home
WESTRIDGE - MITCHELS PLA,117654.4,Nov-24,376,Domestic
WYNBERG,178356.7,Nov-24,705,Domestic
MITCHELLS PLAIN,88738.3,Nov-24,314,Lifeline2
WETTON,333479.2,Nov-24,707,Home
NEWFIELDS,201038.6,Nov-24,472,Home
STEENBERG,81423,Nov-24,380,Lifeline1
BOSTON,512742.8,Nov-24,1129,Home
RONDEVLEI PARK,103055.6,Nov-24,332,Domestic
SURREY,303826.6,Nov-24,655,Home
PLUMSTEAD,201630.7,Nov-24,853,Domestic
KRAAIFONTEIN,357260.8,Nov-24,774,Home
SAXONSEA,62277.7,Nov-24,341,Lifeline1
MONTAGU'S GIFT,68102.3,Nov-24,254,Lifeline2
BELHAR EXT 19,53513.4,Nov-24,144,Domestic
SUMMER GREENS,115580,Nov-24,371,Domestic
SOMERSET WEST,93893.9,Nov-24,324,Lifeline2
PENLYN ESTATE,303451.6,Nov-24,642,Home
PAROWVALLEI,268737,Nov-24,598,Home
MORNINGSTAR,38092,Nov-24,128,Domestic
SCOTTSDENE,53170.5,Nov-24,235,Lifeline2
CAFDA VILLAGE,66631.2,Nov-24,212,Domestic
AVONDALE - WESFLEUR,50503.5,Nov-24,195,Lifeline2
BRACKENFELL SOUTH,561818.1,Nov-24,1448,Home
NEW WOODLANDS,69211,Nov-24,264,Domestic
VREDEHOEK,673682.5,Nov-24,1824,Home
CASABLANCA,36471.1,Nov-24,120,Domestic
WOODLANDS - MITCHELLS PLAIN,90781.2,Nov-24,528,Lifeline1
CONSTANTIA,1486467.9,Nov-24,1780,Home
SUNNYDALE,132019,Nov-24,962,Lifeline1
GREEN POINT,720492.7,Nov-24,1833,Home
RYLANDS,379990.5,Nov-24,762,Home
STRANDFONTEIN,139039.7,Nov-24,458,Lifeline2
SONSTRAAL HEIGHTS,601660.6,Nov-24,1660,Home
SERCOR PARK,44042.6,Nov-24,108,Domestic
MOWBRAY,407834,Nov-24,1003,Home
EIKENDAL,87041.9,Nov-24,250,Domestic
MARLOW,43884.9,Nov-24,140,Domestic
KLIPKOP,234026.4,Nov-24,490,Home
PEERLESS PARK EAST,205958.2,Nov-24,496,Home
AVONDALE - WESFLEUR,50218.4,Nov-24,163,Domestic
SEAWINDS,62567.8,Nov-24,190,Domestic
WINSOR ESTATE,330172.8,Nov-24,788,Home
STEENBERG,241384.2,Nov-24,555,Home
SUNNYDALE,485343.6,Nov-24,1129,Home
BELGRAVIA VYGEKRAAL,192533.2,Nov-24,429,Home
EIKENDAL,137830.7,Nov-24,340,Home
PELIKAN PARK,57088.3,Nov-24,201,Lifeline2
NEWLANDS,953553.9,Nov-24,1641,Home
GOODWOOD,335092,Nov-24,696,Home
MILNERTON,623902.5,Nov-24,1243,Home
HIGHBURY PARK,86847.4,Nov-24,344,Domestic
BELGRAVIA,218553.9,Nov-24,503,Home
KOSOVO,95295,Nov-24,863,Lifeline1
KUILSRIVIER,72253.8,Nov-24,388,Lifeline1
RAVENSMEAD,134570.5,Nov-24,329,Home
SEAWINDS,62072.6,Nov-24,206,Lifeline2
RICHMOND ESTATE,263502.2,Nov-24,590,Home
HAZENDAL,60010.6,Nov-24,196,Lifeline2
PINEHURST,678920.7,Nov-24,1674,Home
SURREY ESTATE,204620.6,Nov-24,452,Home
BELHAR EXT 21,53602.9,Nov-24,153,Domestic
NOMZAMO,105212.6,Nov-24,243,Domestic
CROSSROADS,53286.9,Nov-24,256,Lifeline2
BONNIE BRAE,311691,Nov-24,761,Home
ROSEBANK,321901.7,Nov-24,1009,Home
PROTEA PARK,47594.9,Nov-24,279,Lifeline1
RUSTHOF(1),32152.1,Nov-24,87,Domestic
SUNNYDALE,126955.2,Nov-24,336,Domestic
WOODSTOCK,126520.4,Nov-24,242,Small Power 2
CASABLANCA,39869.3,Nov-24,134,Lifeline2
PELIKAN PARK(2),64224.1,Nov-24,204,Lifeline2
HOUT BAY HARBOUR,42952.8,Nov-24,121,Domestic
ROBINVALE,39580.7,Nov-24,234,Lifeline1
EXT 19     BELHAR,51390.6,Nov-24,131,Domestic
RONDEBOSCH EAST,318975.2,Nov-24,625,Home
RETREAT,73953.3,Nov-24,193,Small Power 2
WOODSTOCK,103994.7,Nov-24,300,Domestic
SEAWINDS,48270.9,Nov-24,270,Lifeline1
HOUT BAY HARBOUR,47471.4,Nov-24,179,Lifeline2
PHILIPPI,131201.3,Nov-24,287,Home
LAVENDER HILL EAST,28995.5,Nov-24,97,Domestic
NEW WOODLANDS,63964.2,Nov-24,416,Lifeline1
LANSDOWNE,111258,Nov-24,350,Domestic
PELIKAN PARK,60686.7,Nov-24,342,Lifeline1
LAKESIDE,438066.3,Nov-24,1094,Home
JAGTERSHOF,194260.1,Nov-24,485,Home
BERGVLIET,709309.8,Nov-24,1308,Home
GATESVILLE,252260.8,Nov-24,519,Home
CAFDA VILLAGE,37810.3,Nov-24,150,Lifeline2
MAMRE,50273,Nov-24,287,Lifeline1
PHILIPPI WEST,52171.2,Nov-24,264,Lifeline2
BELTHORN ESTATE,246124.9,Nov-24,525,Home
BRIDGETOWN,64894.4,Nov-24,208,Lifeline2
DURBANVILLE,135032.9,Nov-24,583,Domestic
SEA WINDS,55516.7,Nov-24,337,Lifeline1
BROADLANDS,47158.3,Nov-24,183,Domestic
SANDDRIFT,248910.6,Nov-24,527,Home
SCOTTSVILLE,53740.3,Nov-24,171,Lifeline2
PORTLANDS,98719.1,Nov-24,220,Home
TOKAI,694915.3,Nov-24,1271,Home
WYNBERG,108181.9,Nov-24,219,Small Power 2
BELLVILLE SOUTH,115687.8,Nov-24,254,Home
NOMZAMO,74817.2,Nov-24,257,Lifeline2
BELLVILLE SOUTH ,18930.4,Nov-24,53,Domestic
RUGBY,73903.3,Nov-24,275,Domestic
KALKSTEENFONTEIN,25774,Nov-24,163,Lifeline1
BELLVILLE SOUTH     BELLVILLE,33019,Nov-24,113,Lifeline2
RUSTHOF(2),83242.6,Nov-24,194,Home
WOODLANDS,40166.5,Nov-24,211,Lifeline1
BELHAR EXT 22,34845.3,Nov-24,107,Domestic
MAITLAND,147199.8,Nov-24,267,Small Power 2
BELHAR EXT 18,29960.1,Nov-24,85,Domestic
MELKBOSCHSTRAND,535597,Nov-24,997,Home
JOE SLOVO PARK,52085.2,Nov-24,226,Lifeline2
SCOTTSVILLE,103680,Nov-24,246,Home
EXT 21     BELHAR,35058.5,Nov-24,100,Domestic
PEERLESS PARK NORTH,215974,Nov-24,478,Home
PINELANDS,84210.5,Nov-24,310,Domestic
TIJGERHOF,227088.3,Nov-24,494,Home
BELHAR EXT 23,41866.6,Nov-24,237,Lifeline1
UITSIG,370954.1,Nov-24,819,Home
TYGERDAL,242770.2,Nov-24,536,Home
LAVENDER HILL EAST,36201.1,Nov-24,138,Lifeline2
ROBINVALE,110583.1,Nov-24,242,Home
MONTE VISTA,418881.8,Nov-24,807,Home
MAKHOSI STREET,45133.1,Nov-24,233,Lifeline2
VREDEKLOOF,346235.5,Nov-24,837,Home
WOODLANDS,27481.7,Nov-24,95,Home
PELIKAN PARK(2),127201.2,Nov-24,314,Home
PAROW,66895.6,Nov-24,250,Lifeline2
BELHAR EXT 20,33174.9,Nov-24,99,Domestic
ATHLONE,39128.7,Nov-24,206,Lifeline1
THORNTON,65514.7,Nov-24,231,Domestic
EUROPE,55085.7,Nov-24,430,Lifeline1
HIGHBURY,156295.9,Nov-24,358,Home
STRAND,141862.3,Nov-24,330,Small Power 2
PAROW NORTH,326861.7,Nov-24,633,Home
SCHOTSCHEKLOOF,143501.3,Nov-24,335,Home
MILNERTON,92296.7,Nov-24,341,Domestic
KOMMETJIE,481114.9,Nov-24,999,Home
ORANJEZICHT,481213.2,Nov-24,1092,Home
LANGEBERG RIDGE,274906.1,Nov-24,651,Home
PROTEA HOOGTE,324155.2,Nov-24,675,Home
BOSTON,71238.1,Nov-24,282,Domestic
SOMERSET WEST,170363,Nov-24,366,Small Power 2
OTTERY,99783.3,Nov-24,294,Domestic
NEWFIELDS,34241.1,Nov-24,101,Domestic
MASIPHUMELELE,70916.2,Nov-24,463,Lifeline1
CLAREMONT,108497.2,Nov-24,200,Small Power 2
RAVENSMEAD,41092.6,Nov-24,219,Lifeline1
GREENLANDS     BELLVILLE,25145.7,Nov-24,63,Domestic
KALKFONTEIN,41195.6,Nov-24,239,Lifeline1
MONTAGU'S GIFT,124790.8,Nov-24,269,Home
ELFINDALE,242890.1,Nov-24,468,Home
TAMBOERSKLOOF,407505.2,Nov-24,1020,Home
THREE ANCHOR BAY,279902.5,Nov-24,868,Home
SOMERSET WEST,67396.8,Nov-24,396,Lifeline1
HEINZ PARK,28304,Nov-24,199,Lifeline1
MITCHELLS PLAIN,43899.1,Nov-24,220,Lifeline1
BELLVILLE SOUTH,38015.8,Nov-24,125,Lifeline2
GRASSY PARK,49822,Nov-24,229,Lifeline1
RUGBY,47596.4,Nov-24,165,Lifeline2
MAITLAND VILLAGE GARDEN,26046.4,Nov-24,71,Domestic
BROOKLYN,54868.9,Nov-24,120,Small Power 2
KEWTOWN,39036.5,Nov-24,219,Lifeline1
MORGENS VILLAGE,24639.7,Nov-24,107,Domestic
KTC,36104.4,Nov-24,180,Lifeline2
SIMON'S TOWN,406862.1,Nov-24,968,Home
HAZENDAL,31711.5,Nov-24,152,Lifeline1
ATHLONE,95058,Nov-24,134,Small Power 2
BELLVILLE,195752.2,Nov-24,406,Home
PORTLANDS,54987.9,Nov-24,282,Lifeline1
PROTEA VILLAGE,193228.6,Nov-24,525,Home
SOUTHFIELD,67085.4,Nov-24,242,Domestic
STELLENDALE,84877.5,Nov-24,359,Domestic
KENSINGTON,66380.6,Nov-24,216,Lifeline2
OTTERY EAST,171092.9,Nov-24,380,Home
BROADLANDS VILLAGE,56074.5,Nov-24,225,Domestic
AVONDALE(1),31570.9,Nov-24,182,Lifeline1
PELIKAN PARK(1),141291.6,Nov-24,306,Home
ZONNEBLOEM (DISTRICT SIX),68002.5,Nov-24,209,Domestic
FLORIDA,28084.4,Nov-24,104,Lifeline2
MUIZENBERG,117977.1,Nov-24,455,Domestic
WESTLAKE VILLAGE,34339.4,Nov-24,71,Domestic
COLORADO PARK,64112.7,Nov-24,180,Domestic
GROENVALLEI,124849.5,Nov-24,355,Home
PAROW,79060.6,Nov-24,124,Small Power 2
WESTGATE,53027.4,Nov-24,165,Domestic
NOORDHOEK,541121,Nov-24,927,Home
OAKDALE,161716.7,Nov-24,333,Home
LANSDOWNE,87818.5,Nov-24,150,Small Power 2
CHARLESVILLE,38073.3,Nov-24,116,Domestic
PAROW VALLEY,147375.3,Nov-24,311,Home
MITCHELLS PLAIN ,17184.2,Nov-24,55,Domestic
SOUTHFORK,79248.1,Nov-24,204,Home
WINDSOR PARK ESTATE,179952.5,Nov-24,477,Home
GREENWAYS,22326.3,Nov-24,69,Domestic
CLAREMONT,139692.3,Nov-24,501,Domestic
WELGELEGEN,367985.5,Nov-24,711,Home
HAZENDAL,113978.4,Nov-24,248,Home
WESTRIDGE,46995.1,Nov-24,162,Lifeline2
CAPE TOWN CENTRAL,163282.6,Nov-24,411,Home
MELKBOSCHSTRAND,44584.6,Nov-24,164,Domestic
MONTCLAIR,41293.1,Nov-24,199,Domestic
,139933.7,Nov-24,323,Small Power 2
MONTANA/DURRHEIM,98543.9,Nov-24,239,Home
VRYGROND,25786.5,Nov-24,128,Lifeline1
SCOTTSDENE,23423,Nov-24,72,Domestic
BELHAR EXT 23,23443.8,Nov-24,83,Lifeline2
CAPE FARMS,28056.1,Nov-24,103,Lifeline2
MORGENS VILLAGE,30651.9,Nov-24,116,Lifeline2
GRASSY PARK,76037.9,Nov-24,126,Small Power 2
KUILSRIVIER SOUTH SALLHO,39215.6,Nov-24,238,Lifeline1
SILVERTOWN,42459.4,Nov-24,145,Lifeline2
SALT RIVER,75932.3,Nov-24,149,Small Power 2
CENTURY CITY,296481,Nov-24,726,Home
BELLVILLE,44625,Nov-24,146,Domestic
CROSSROADS,36942,Nov-24,290,Lifeline1
ZONNEBLOEM (DISTRICT SIX),124546.7,Nov-24,322,Home
GUSTROW,58535.9,Nov-24,141,Home
MELKBOSCH STRAND,435874,Nov-24,827,Home
PEERLESS PARK EAST,59091.6,Nov-24,199,Domestic
CAPE FARMS,26239.7,Nov-24,85,Domestic
ZEEKOEVLEI,132048.3,Nov-24,272,Home
CAPE TOWN,22539.2,Nov-24,87,Lifeline2
NEW REST,37234.2,Nov-24,165,Lifeline2
GREENLANDS,27037.2,Nov-24,88,Lifeline2
MOWBRAY,68280.2,Nov-24,301,Domestic
TARENTAALPLAAS,23176.8,Nov-24,128,Lifeline1
VASCO ESTATE,71932.2,Nov-24,289,Domestic
ZEEKOEIVLEI,101196.5,Nov-24,228,Home
PELIKAN PARK(2),36725.7,Nov-24,199,Lifeline1
GUSTROW,20701,Nov-24,71,Lifeline2
KUILSRIVIER SOUTH SALLHO,21254.7,Nov-24,113,Domestic
DE LA HAYE,176373.7,Nov-24,330,Home
KTC,34309,Nov-24,230,Lifeline1
WOODLANDS - MITCHELLS PLAIN,26992.4,Nov-24,79,Home
FACTRETON,32809.2,Nov-24,114,Lifeline2
PINATI,25999.4,Nov-24,96,Lifeline2
BELHAR,37469.3,Nov-24,114,Lifeline2
EXT 22     BELHAR,25886.5,Nov-24,74,Domestic
WESTRIDGE - MITCHELLS PLA,40884.5,Nov-24,131,Domestic
SUN VALLEY,229262.2,Nov-24,517,Home
TOWNSEND ESTATE,66879.7,Nov-24,283,Domestic
GLENHAVEN,89024.5,Nov-24,204,Home
DIEP RIVER,192264.5,Nov-24,479,Home
BELLVILLE SOUTH INDUSTRIAL,11133.2,Nov-24,34,Domestic
DIEPRIVIER,211304.3,Nov-24,514,Home
KIRSTENHOF,262732.6,Nov-24,579,Home
BEACONHILL,28026.7,Nov-24,96,Lifeline2
WESTLAKE,45210.4,Nov-24,97,Domestic
STRANDFONTEIN,53505.3,Nov-24,290,Lifeline1
RUSTHOF(2),31705.7,Nov-24,108,Lifeline2
BARCELONA,41904,Nov-24,309,Lifeline1
AVONDALE - WESFLEUR,23566,Nov-24,143,Lifeline1
PELIKAN PARK(3),93667.8,Nov-24,199,Home
GREENLANDS     BELLVILLE,29470,Nov-24,97,Lifeline2
KENILWORTH,112751.5,Nov-24,456,Domestic
MORGENSTER,181835.2,Nov-24,389,Home
MORNINGSTAR     DURBANVILLE,22131.4,Nov-24,69,Domestic
VANGUARD,90955.3,Nov-24,213,Home
GREENWAYS,134986.9,Nov-24,374,Home
LOEVENSTEIN,269812.3,Nov-24,526,Home
KANANA,30936.4,Nov-24,153,Lifeline2
RUSTHOF(2),35125.4,Nov-24,273,Lifeline1
BELRAIL,84178,Nov-24,158,Home
GATESVILLE,22275.6,Nov-24,145,Lifeline1
PANORAMA,276795.1,Nov-24,558,Home
COLORADO,28998.5,Nov-24,91,Domestic
SCHAAP KRAAL,99586.8,Nov-24,172,Home
SUNNYDALE,62307.6,Nov-24,227,Lifeline2
WINDSOR ESTATE,140139.3,Nov-24,313,Home
MILNERTON RIDGE,227006.3,Nov-24,460,Home
MONTANA/DURRHEIM,31894.5,Nov-24,102,Domestic
EXT 18     BELHAR,34033.2,Nov-24,84,Domestic
WELCOME,68873.5,Nov-24,148,Home
SHERWOOD PARK,32291.5,Nov-24,93,Domestic
SAREPTA,59270.6,Nov-24,141,Home
BARCELONA,28933.1,Nov-24,154,Lifeline2
BEACON HILL,25637.1,Nov-24,77,Domestic
CHURCHILL,142979.5,Nov-24,314,Home
SURREY,27994.7,Nov-24,100,Domestic
DE OUDE SPRUIT,174104.4,Nov-24,378,Home
FERNDALE,61824,Nov-24,282,Domestic
BRACKENFELL,175261.8,Nov-24,373,Home
OAKDALE(2),147536,Nov-24,303,Home
LEONSDALE,29085.3,Nov-24,123,Lifeline1
PEERLESS PARK WEST,65808,Nov-24,154,Home
MEADOWRIDGE,351970.8,Nov-24,615,Home
KEMPENVILLE,48249.1,Nov-24,62,Small Power 2
BO-KAAP,104250.5,Nov-24,223,Home
PROTEA HEIGHTS,217352.2,Nov-24,458,Home
CROSSROADS,19002.4,Nov-24,67,Domestic
BRIDGETOWN,67899.6,Nov-24,162,Home
OBSERVATORY,62158.1,Nov-24,124,Small Power 2
IKWEZI PARK,54140.5,Nov-24,184,Home
KANANA,31209.9,Nov-24,223,Lifeline1
PRIMROSE PARK,65562.7,Nov-24,176,Home
SAXONSEA,66841.3,Nov-24,154,Home
COLORADO,61082.4,Nov-24,150,Home
FAIRWAYS,102618.5,Nov-24,226,Home
PINATI ESTATE,17890.6,Nov-24,62,Lifeline2
SYBRAND PARK,154713.7,Nov-24,303,Home
PROTEA PARK - WESFLUR,20646,Nov-24,74,Lifeline2
ZOO PARK,124187,Nov-24,264,Home
COLORADO PARK,59555.2,Nov-24,129,Home
MONTROSE PARK,11299.4,Nov-24,33,Domestic
PHILIPPI WEST,17236.9,Nov-24,88,Domestic
FAIRFIELD,109021.3,Nov-24,238,Home
MORNINGSTAR,25333.7,Nov-24,152,Lifeline1
PLUMSTEAD,65216.8,Nov-24,227,Lifeline2
BROOKLYN,45708.8,Nov-24,185,Lifeline2
MARINA DA GAMA,157456.1,Nov-24,368,Home
MACASSAR VILLAGE,21029.6,Nov-24,85,Lifeline2
KRAAIFONTEIN,26478.7,Nov-24,93,Domestic
MORGANS VILLAGE,17038.5,Nov-24,66,Lifeline2
SUNSET BEACH,357544.5,Nov-24,545,Home
HOUT BAY HARBOUR,20032.6,Nov-24,123,Lifeline1
KUILSRIVIER SOUTH SALLHO,23448.3,Nov-24,86,Lifeline2
MAKHOSI STREET,22266.6,Nov-24,152,Lifeline1
FRESNAYE,403190.2,Nov-24,503,Home
D'URBANVALE,227832.6,Nov-24,514,Home
KLEIN BRON,227115.7,Nov-24,474,Home
GORDON'S BAY,171822.4,Nov-24,388,Home
KEMPENVILLE,92321.9,Nov-24,216,Home
TEMPERANCE TOWN,21095.1,Nov-24,78,Lifeline2
ADMIRALS PARK,121256.2,Nov-24,334,Home
PLATTEKLOOF,287424.7,Nov-24,445,Home
BONNIE BROOK,134999.5,Nov-24,251,Home
BURGUNDY,197731.4,Nov-24,456,Home
IMIZAMO YETHU,21794.8,Nov-24,87,Lifeline2
TURF HALL ESTATE,105334.1,Nov-24,250,Home
WOODSTOCK,42034.3,Nov-24,285,Lifeline1
AVONDALE,8167.6,Nov-24,27,Domestic
CHARLESVILLE,45046.6,Nov-24,133,Home
CAPE TOWN CENTRAL,87080.9,Nov-24,110,Small Power 2
GOODWOOD ESTATE,62272.6,Nov-24,258,Domestic
PHILIPPI WEST,25759.8,Nov-24,174,Lifeline1
MAITLAND,32854.2,Nov-24,111,Lifeline2
EUROPE,21669.5,Nov-24,117,Lifeline2
WELCOME ESTATE,48945.9,Nov-24,122,Home
LANSDOWNE,60126.1,Nov-24,186,Lifeline2
DISTRICT SIX,58431.4,Nov-24,233,Home
WELGEMOED,302883.2,Nov-24,474,Home
FLORIDA,46717.9,Nov-24,100,Home
CHURCHILL ESTATE,114883.6,Nov-24,247,Home
WOODSTOCK,52489.6,Nov-24,182,Lifeline2
DE TIJGER,160140.5,Nov-24,322,Home
PAROW NORTH,69834.2,Nov-24,333,Domestic
OTTERY,27239.8,Nov-24,193,Lifeline1
CAPE TOWN CITY CENTRE,93934.4,Nov-24,94,Small Power 2
SERCOR PARK,19952.8,Nov-24,71,Lifeline2
CHARLESVILLE,18619.5,Nov-24,69,Lifeline2
SCHAAP KRAAL,28928.8,Nov-24,80,Domestic
SONKRING,159905.8,Nov-24,317,Home
UITZICHT,179488,Nov-24,402,Home
FISH HOEK,86938.7,Nov-24,332,Domestic
CONISTON PARK,40168.4,Nov-24,117,Domestic
GLENCAIRN,165744.6,Nov-24,412,Home
ASANDA,39789.4,Nov-24,199,Lifeline1
OAK GLEN,142469.3,Nov-24,330,Home
RAVENSMEAD     PAROW,21628.2,Nov-24,69,Lifeline2
SILVERTOWN,61274.9,Nov-24,139,Home
RYLANDS/DOORNHOOGTE,102242.8,Nov-24,215,Home
CAPE TOWN,8983.8,Nov-24,27,Domestic
MOWBRAY,51569.6,Nov-24,80,Small Power 2
SANDDRIFT,22107.9,Nov-24,68,Domestic
AVONDALE(2),107781.4,Nov-24,240,Home
MANDALAY,19883.9,Nov-24,74,Domestic
PLUMSTEAD,77979.1,Nov-24,162,Small Power 2
LABIANCE,100575.6,Nov-24,214,Home
CAMPS BAY,380309.6,Nov-24,468,Home
OCEAN VIEW,44870.1,Nov-24,105,Home
PROTEA PARK - WESFLUR,20351.4,Nov-24,52,Domestic
VIERLANDEN,268476.2,Nov-24,431,Home
SCOTTSDENE,15794.9,Nov-24,101,Lifeline1
WESTRIDGE - MITCHELS PLAIN,34725.5,Nov-24,120,Domestic
MORGENSTER HOOGTE,137525.5,Nov-24,265,Home
STRANDFONTEIN,45108,Nov-24,55,Small Power 2
HIGHLANDS ESTATE,25137,Nov-24,66,Domestic
BELGRAVIA VYGEKRAAL,22883.2,Nov-24,57,Domestic
GLENLILY,45666,Nov-24,183,Domestic
PINATI,24132.8,Nov-24,75,Domestic
NEWLANDS,30537.4,Nov-24,270,Lifeline1
EAGLE PARK,20142.3,Nov-24,102,Lifeline1
CENTURY CITY,117100.6,Nov-24,329,Domestic
HIGHBURY,26247.7,Nov-24,85,Domestic
CAMPS BAY / BAKOVEN,504151.4,Nov-24,524,Home
LOURENSIA PARK,23883.9,Nov-24,143,Lifeline1
BRIDGETOWN,24729.4,Nov-24,123,Lifeline1
BROOKLYN,47256.2,Nov-24,307,Lifeline1
MOUNTVIEW,65302.5,Nov-24,131,Home
PLATTEKLOOF GLEN,153100.5,Nov-24,374,Home
CAPE TOWN CENTRAL,52641.5,Nov-24,141,Domestic
PINATI ESTATE,15495.8,Nov-24,48,Domestic
FAIRFIELD ESTATE,83843.4,Nov-24,191,Home
OAK GLEN,52071.1,Nov-24,234,Domestic
PROTEAHOOGTE,149640.1,Nov-24,296,Home
VREDELUST,90466.1,Nov-24,226,Home
AVONDALE(1),52415.9,Nov-24,136,Home
RUSTHOF(1),13065.1,Nov-24,44,Lifeline2
NEWFIELDS,21905,Nov-24,80,Lifeline2
RUWARI,85619,Nov-24,182,Home
KENSINGTON,31088.8,Nov-24,179,Lifeline1
BROADLANDS PARK,7708.5,Nov-24,23,Domestic
HIGHBURY PARK,36303.3,Nov-24,111,Home
CAPRI,143390.3,Nov-24,291,Home
EAGLE PARK,20481.9,Nov-24,68,Lifeline2
FACTRETON,46339.8,Nov-24,108,Home
KIRSTENHOF(1),171527.9,Nov-24,384,Home
SHERATON PARK,20959.6,Nov-24,69,Domestic
BELHAR,17808.7,Nov-24,84,Lifeline1
CAFDA VILLAGE,14601.3,Nov-24,86,Lifeline1
OTTERY,42164.1,Nov-24,134,Lifeline2
BIG BAY,269501.1,Nov-24,457,Home
KEMPENVILLE,36751.7,Nov-24,162,Domestic
HANOVER PARK,21645.4,Nov-24,49,Home
SOUTHFORK,18303.2,Nov-24,54,Domestic
MELKBOSCHSTRAND,12013.2,Nov-24,68,Lifeline1
PAROWVALLEI,31758.9,Nov-24,115,Domestic
JOE SLOVO PARK,23917,Nov-24,155,Lifeline1
FACTRETON,18454.9,Nov-24,125,Lifeline1
GORDONS BAY,107718.6,Nov-24,310,Home
WYNBERG,46549.4,Nov-24,152,Lifeline2
SCHAAP KRAAL,21677.1,Nov-24,145,Lifeline1
CAPE TOWN CITY CENTE,42954.2,Nov-24,51,Small Power 2
SCHOTSCHEKLOOF,23566.7,Nov-24,78,Domestic
ANCHORAGE PARK,102817.8,Nov-24,254,Home
MONTAGU'S GIFT,17814.9,Nov-24,102,Lifeline1
PARKWOOD,37930.5,Nov-24,90,Home
KEWTOWN,30962,Nov-24,74,Home
BRANTWOOD,50029.5,Nov-24,130,Home
LOTUS RIVER,29355.4,Nov-24,56,Small Power 2
FLORIDA,11577.6,Nov-24,62,Lifeline1
BELMONT PARK,25853.6,Nov-24,44,Small Power 2
THE RANGE,12398,Nov-24,70,Lifeline1
SOUTHFIELD,26380,Nov-24,86,Lifeline2
MUIZENBERG,102624.3,Nov-24,138,Small Power 2
EIKENBOSCH,86936.4,Nov-24,223,Home
GATESVILLE,19718.1,Nov-24,67,Lifeline2
OAKGLEN,101415.9,Nov-24,257,Home
DURBANVILLE,77626.2,Nov-24,197,Small Power 2
STELLENDALE,22647.3,Nov-24,152,Lifeline1
KENWYN,89827.5,Nov-24,188,Home
RAVENSMEAD     PAROW,13947,Nov-24,39,Home
OBSERVATORY,50500,Nov-24,161,Domestic
BELRAIL,27002.8,Nov-24,115,Domestic
WELCOME,14906.7,Nov-24,52,Domestic
CAPE FARMS,12839.4,Nov-24,75,Lifeline1
OTTERY,62741.7,Nov-24,109,Small Power 2
BLOUBERGSTRAND,177084.3,Nov-24,395,Home
BRACKENFELL SOUTH,49766.3,Nov-24,143,Domestic
BELLVILLE SOUTH EXT.5,46724.9,Nov-24,103,Home
COSTA DA GAMA/CAPRICORN/VRYGROND,19071.8,Nov-24,75,Domestic
MANENBERG,19723.5,Nov-24,61,Home
GOODWOOD ESTATE,38400.7,Nov-24,69,Small Power 2
OAKGLEN,47764.9,Nov-24,225,Domestic
HIGHLANDS VILLAGE,19131.5,Nov-24,72,Domestic
VANGUARD,28599.6,Nov-24,74,Domestic
MAITLAND,111280.6,Nov-24,44,Small Power 1
PHILLIPI,19518.5,Nov-24,188,Lifeline1
PORTLAND,30604.4,Nov-24,80,Home
PELIKAN PARK,42283.5,Nov-24,121,Home
BELLVILLE CBD,37086.3,Nov-24,42,Small Power 2
ROCKLANDS,26604.4,Nov-24,78,Home
SOMERSET RIDGE,125449.4,Nov-24,339,Home
BELLVILLE CENTRAL,21749.5,Nov-24,53,Small Power 2
PINATI ESTATE,10073.1,Nov-24,51,Lifeline1
PEERLESS PARK WEST,17816.2,Nov-24,60,Domestic
GROENVALLEI,30263.6,Nov-24,165,Domestic
PAROW INDUSTRIA,33301.9,Nov-24,166,Domestic
PAROWVALLEI     PAROW,44867.1,Nov-24,99,Home
WESTRIDGE,19935.3,Nov-24,93,Lifeline1
HARMONY VILLAGE,12117.8,Nov-24,55,Domestic
EDGEMEAD     GOODWOOD,132885.6,Nov-24,274,Home
MAITLAND GARDEN VILAGE,10767.9,Nov-24,31,Domestic
BELLVILLE SOUTH     ,3528.2,Nov-24,11,Domestic
CAPE TOWN,8586,Nov-24,50,Lifeline1
ATLANTIS,8729.4,Nov-24,22,Domestic
HAASENDAL,87986.8,Nov-24,152,Home
SILVEROAKS,65526.3,Nov-24,159,Home
MOUILLE POINT,160948.6,Nov-24,450,Home
ROUXVILLE,95317,Nov-24,196,Home
LANSDOWNE,27860.2,Nov-24,153,Lifeline1
MORGENSTER,27492.2,Nov-24,138,Domestic
HEATHFIELD,41202.5,Nov-24,178,Domestic
BELGRAVIA,16894.9,Nov-24,62,Lifeline2
EXT 20     BELHAR,12481.9,Nov-24,31,Domestic
CHURCHILL ESTATE,17979.6,Nov-24,71,Domestic
MARCONI BEAM,100089.4,Nov-24,210,Small Power 2
TOWNSEND ESTATE,24240.3,Nov-24,53,Small Power 2
WINDSOR PARK,69381,Nov-24,138,Home
GREENWAYS,9835.4,Nov-24,38,Lifeline2
SCOTTSVILLE,16171.4,Nov-24,82,Lifeline1
WETTON,38289.6,Nov-24,148,Domestic
KUILSRIVIER,33830.7,Nov-24,80,Small Power 2
GUGULETU,10770.5,Nov-24,42,Small Power 2
BELGRAVIA,28060.1,Nov-24,69,Domestic
GRASSY PARK,52817.5,Nov-24,20,Small Power 1
DURHEIM,29566.1,Nov-24,77,Home
TEMPERANCE TOWN,16058.6,Nov-24,44,Domestic
CHRISMAR,119109.4,Nov-24,215,Home
TAXI SITE,4041,Nov-24,17,Domestic
BLAAUWBERGSTRAND,203327.5,Nov-24,393,Home
LANSDOWNE,69884.5,Nov-24,23,Small Power 1
GOEDEMOED,122505.6,Nov-24,248,Home
SONEIKE,84327.1,Nov-24,170,Home
COSTA DA GAMA/CAPRICORN/VRYGROND,54142.3,Nov-24,165,Home
ALBERT ROAD,24400.8,Nov-24,73,Home
ATLANTIS,9881.3,Nov-24,32,Lifeline2
HELDERBERG PARK,10449.6,Nov-24,36,Domestic
KENRIDGE,149700.3,Nov-24,288,Home
STELLENBERG,124609,Nov-24,259,Home
PAROW,20924,Nov-24,109,Lifeline1
FERNDALE,102205.8,Nov-24,221,Home
RONDEBOSCH,57215.2,Nov-24,194,Domestic
EAGLE PARK,36876.9,Nov-24,84,Home
KOSOVO,14667.4,Nov-24,95,Lifeline2
SONEIKE II,74734.9,Nov-24,182,Home
MAITLAND,18229.9,Nov-24,116,Lifeline1
CLAMHALL,23328.6,Nov-24,95,Domestic
GARDENS,86124.6,Nov-24,242,Domestic
TAMBO SQUARE,7963.5,Nov-24,37,Lifeline2
VREDEKLOOF EAST,75128.4,Nov-24,240,Home
ST DUMAS,57158.6,Nov-24,127,Home
VREDEHOEK,59869,Nov-24,211,Domestic
SILVERTOWN,19979.2,Nov-24,102,Lifeline1
AVONDALE - PAROW,79465.5,Nov-24,173,Home
MILLERS CAMP,11715.9,Nov-24,45,Lifeline2
LA ROCHELLE,114460.3,Nov-24,237,Home
RIDGEWORTH,126926.6,Nov-24,263,Home
BONTEHEUWEL,43979.1,Nov-24,97,Home
THE CREST,108971.6,Nov-24,276,Home
GARDENS,101965.9,Nov-24,132,Small Power 2
SEA POINT,104039.9,Nov-24,267,Domestic
MACASSAR VILLAGE,13068.8,Nov-24,50,Domestic
NOORDHOEK,32027.2,Nov-24,69,Domestic
VANGUARD ESTATE,41875.8,Nov-24,99,Home
GATESVILLE,30699.7,Nov-24,92,Domestic
BLOEMHOF ROAD,18246.5,Nov-24,83,Lifeline2
GREENHAVEN,28611,Nov-24,62,Home
VICTORIA PARK,39025.1,Nov-24,127,Home
LAVENDER HILL EAST,10737.3,Nov-24,58,Lifeline1
BELLVILLE SOUTH EXT.5,21313.4,Nov-24,49,Domestic
SCHAAP KRAAL,14871.2,Nov-24,55,Lifeline2
STRAND,113895.4,Nov-24,32,Small Power 1
IMIZAMO YETHU,12372.4,Nov-24,40,Domestic
BELGRAVIA ESTATE,29571.1,Nov-24,70,Home
OCEAN VIEW ,4782.1,Nov-24,17,Lifeline2
VAN RIEBEECKSHOF,165327,Nov-24,329,Home
BELMONT PARK,21526.2,Nov-24,70,Lifeline2
MAMRE,50347.9,Nov-24,103,Home
PELLA,10868.7,Nov-24,43,Lifeline2
PLUMSTEAD,44312,Nov-24,206,Lifeline1
BELLAIR,114472.2,Nov-24,218,Home
WESTRIDGE,18284.5,Nov-24,43,Home
VIKING VILLAGE,51596.3,Nov-24,144,Home
SIMON'S TOWN,21008.3,Nov-24,89,Lifeline2
MITCHELLS PLAIN CBD,12794.2,Nov-24,29,Small Power 2
VREDEKLOOF HEIGHTS,97830.3,Nov-24,228,Home
WINDERMERE,12100.5,Nov-24,39,Lifeline2
MASIPHUMELELE,27862.7,Nov-24,64,Home
PAROW EAST,54816.6,Nov-24,99,Small Power 2
JACARANDAS,79255.3,Nov-24,183,Home
VRIJZEE     GOODWOOD,41151.5,Nov-24,85,Home
JOE SLOVO PARK,23512.1,Nov-24,35,Home
CONISTON PARK,31172,Nov-24,86,Home
GUGULETU,13631.4,Nov-24,54,Home
GLENCAIRN,19609.9,Nov-24,127,Lifeline1
PEERLESS PARK OOS,29888.3,Nov-24,66,Home
BLOMTUIN,78552.7,Nov-24,151,Home
SAREPTA,12592.9,Nov-24,43,Lifeline2
LANGA,10361.9,Nov-24,38,Home
GERSHAM,37623.5,Nov-24,111,Home
SONNEKUIL,38848.9,Nov-24,96,Home
ELSIES RIVER INDUSTRIAL,29177.3,Nov-24,63,Small Power 2
NEW REST,9474.7,Nov-24,41,Domestic
PINATI,51108.7,Nov-24,116,Home
MORGENSTER HEIGHTS,102477.3,Nov-24,219,Home
WETTON,31662.7,Nov-24,65,Small Power 2
PHOENIX,42907.6,Nov-24,73,Home
SCARBOROUGH,122404.4,Nov-24,313,Home
MFULENI,27704.6,Nov-24,69,Home
WESTRIDGE - MITCHELLS PLAIN,8049.4,Nov-24,29,Domestic
BRACKEN HEIGHTS,106648.4,Nov-24,219,Home
BEACONVALE,42387.6,Nov-24,93,Small Power 2
MORNINGSTAR,10081.4,Nov-24,37,Lifeline2
SHIRLEY PARK,38115.4,Nov-24,79,Home
MARINDA PARK,35243.1,Nov-24,86,Home
RICHMOND ESTATE,26232.7,Nov-24,105,Domestic
MAITLAND GARDEN VILLAGE,5030.9,Nov-24,14,Domestic
HIGHLANDS ESTATE,12437.6,Nov-24,34,Lifeline2
PELLA,9685.9,Nov-24,29,Domestic
MITCHELLS PLAIN ,4253.3,Nov-24,14,Lifeline2
DA GAMA PARK,35916.4,Nov-24,118,Home
BELGRAVIA VYGEKRAAL,17231.6,Nov-24,39,Small Power 2
WESTLAKE ESTATE,157529,Nov-24,224,Home
WESTLAKE ESTATE,13699,Nov-24,50,Lifeline2
CHURCHILL ESTATE,13431.5,Nov-24,49,Lifeline2
CLAMHALL,70285.1,Nov-24,143,Home
EASTRIDGE,37700.4,Nov-24,74,Home
STIKLAND INDUSTRIA,70384.9,Nov-24,103,Small Power 2
MITCHELLS PLAIN,58431.6,Nov-24,134,Home
LANGA,26483,Nov-24,28,Small Power 2
RYLANDS,27545.6,Nov-24,69,Small Power 2
CASABLANCA,8812.5,Nov-24,50,Lifeline1
KENSINGTON,28628.7,Nov-24,48,Small Power 2
BROADLANDS PARK,7177.3,Nov-24,30,Lifeline2
GORDON STRAND,46306.2,Nov-24,119,Home
SEA POINT,95575.9,Nov-24,108,Small Power 2
PAROW VALLEY     PAROW,31266.1,Nov-24,70,Home
CONSTANTIA,30748.5,Nov-24,72,Domestic
BELLVILLE SOUTH EXT.7,13708.9,Nov-24,28,Domestic
FISH HOEK,36295.2,Nov-24,87,Small Power 2
GLENLILY,21023.4,Nov-24,43,Small Power 2
GERSHAM,22459.8,Nov-24,90,Domestic
OUDE WESTHOF,148009.2,Nov-24,296,Home
,110558.1,Nov-24,35,Small Power 1
ROYAL ASCOT,93748.4,Nov-24,273,Home
STEENBERG GOLF ESTATE,5892.1,Nov-24,12,Domestic
SOUTHFIELD,15341.3,Nov-24,75,Lifeline1
NEW REST,14168.7,Nov-24,88,Lifeline1
BLOEMHOF ROAD,12614.6,Nov-24,86,Lifeline1
GREENFIELDS,13216.8,Nov-24,50,Lifeline2
AURORA,141130,Nov-24,273,Home
PROTEA PARK - WESFLUR,8634.2,Nov-24,47,Lifeline1
SANLAMHOF,24139.3,Nov-24,113,Domestic
BANTRY BAY,204002.8,Nov-24,242,Home
AVALON ESTATE,103168.5,Nov-24,237,Home
NEWFIELDS,8445.5,Nov-24,45,Lifeline1
ROSEBANK,29932.2,Nov-24,128,Domestic
MELKBOSCHSTRAND,11227.6,Nov-24,43,Lifeline2
BELLVILLE SOUTH    ,1687,Nov-24,7,Domestic
LUSAKA,14056.4,Nov-24,116,Lifeline1
EVERSDAL,124922.3,Nov-24,213,Home
RICHMOND,33213.8,Nov-24,75,Home
STELLENRIDGE,72842.9,Nov-24,156,Home
DISTRICT SIX,19881.5,Nov-24,60,Domestic
BOSTON,17689.8,Nov-24,61,Lifeline2
CAPE TOWN CENTRAL,82676.7,Nov-24,23,Small Power 1
ZONNEBLOEM (DISTRICT SIX),19179.1,Nov-24,67,Lifeline2
GUGULETU CENTRAL,8699.4,Nov-24,38,Lifeline2
VREDENBERG,62102.2,Nov-24,128,Home
PAROW VALLEY,23182.7,Nov-24,102,Domestic
BELGRAVIA VYGEKRAAL,15647.5,Nov-24,52,Lifeline2
MACASSAR VILLAGE,13122,Nov-24,74,Lifeline1
WELCOME GLEN,59980.1,Nov-24,162,Home
WYNBERG,26431,Nov-24,130,Lifeline1
NEW CROSS ROADS,9688,Nov-24,41,Lifeline2
GREEN POINT,58662.4,Nov-24,200,Domestic
STELLENDALE,11607,Nov-24,55,Lifeline2
PROTEA PARK - WESFLEUR,8713,Nov-24,29,Lifeline2
PHILLIPI,8397.1,Nov-24,84,Lifeline2
EIKENDAL,18214.9,Nov-24,56,Lifeline2
SIMON'S TOWN,16813.2,Nov-24,116,Lifeline1
AMANDELRUG,64395.5,Nov-24,138,Home
GATESVILLE,22500.8,Nov-24,48,Small Power 2
HERITAGE PARK,83781.1,Nov-24,258,Home
BEACONHILL,7956,Nov-24,39,Lifeline1
CAPE TOWN CITY CENTRE,62480.4,Nov-24,177,Home
NEWLANDS,29377.1,Nov-24,66,Domestic
NEWFIELDS,16715.5,Nov-24,50,Small Power 2
HEATHFIELD,24670.3,Nov-24,72,Lifeline2
DOBSON,50053.1,Nov-24,112,Home
WETTON,16852.9,Nov-24,52,Lifeline2
LABIANCE,25004.3,Nov-24,91,Domestic
BELLVILLE SOUTH  ,2671.6,Nov-24,7,Domestic
MONTAGUS GIFT,8122.7,Nov-24,23,Domestic
HOUT BAY,41109,Nov-24,110,Small Power 2
NEWLANDS,13391.1,Nov-24,70,Lifeline2
HELDERBERG PARK,17671.6,Nov-24,39,Home
SURREY ESTATE,12731.1,Nov-24,16,Small Power 2
PINATI ESTATE,30335.2,Nov-24,71,Home
BELLVILLE SOUTH,8409.5,Nov-24,42,Lifeline1
TIJGERHOF,26308.2,Nov-24,102,Domestic
BELRAIL,14764.5,Nov-24,22,Small Power 2
OAKDENE,31750,Nov-24,69,Home
SHERATON PARK,24653.5,Nov-24,54,Home
LANGEBERG HOOGTE,71588.4,Nov-24,167,Home
ZONNENDAL,30517.2,Nov-24,75,Home
ST MONTAGUE VILLAGE,6061.1,Nov-24,22,Lifeline2
CHURCHILL,24597.6,Nov-24,80,Lifeline2
SALT RIVER,25519.8,Nov-24,80,Domestic
KINGSTON,72204.7,Nov-24,119,Home
BLOMMENDAL,88114,Nov-24,201,Home
PENLYN ESTATE,15635.8,Nov-24,42,Domestic
ELSIES RIVER INDUSTRIAL,9269.6,Nov-24,38,Domestic
SURREY ESTATE,17250,Nov-24,48,Domestic
KLEINBRON,82967.4,Nov-24,205,Home
MOUNTAINSIDE ESTATE,75359.9,Nov-24,156,Home
HANOVER PARK,22432.3,Nov-24,44,Small Power 2
HELDERVUE,103558,Nov-24,211,Home
RUGBY,12997.3,Nov-24,66,Lifeline1
MABILLE PARK,32490.3,Nov-24,74,Home
SEARIDGE PARK,1442.5,Nov-24,4,Domestic
WINDERMERE,8226,Nov-24,54,Lifeline1
ONVERWACHT - THE STAND,36018.8,Nov-24,90,Home
MARLOW,9465.4,Nov-24,32,Lifeline2
GUGULETU CENTRAL,11401.7,Nov-24,81,Lifeline1
MONTANA,12886.7,Nov-24,39,Domestic
PELIKAN PARK(3),9609.3,Nov-24,35,Domestic
BELHAR EXT 21,4906.8,Nov-24,16,Lifeline2
MARINDA HEIGHTS,5779.4,Nov-24,19,Domestic
NEW CROSS ROADS,7672.3,Nov-24,52,Lifeline1
PROTEA HOOGTE,11141.7,Nov-24,44,Domestic
ANNANDALE,40663.7,Nov-24,97,Home
KLEIN BEGIN,14846.4,Nov-24,37,Home
BLOEMHOF ROAD,14145.6,Nov-24,41,Domestic
LAVENDER HILL,17007.1,Nov-24,41,Home
VAN DER STEL,37577.4,Nov-24,88,Home
EASTRIDGE,12089.1,Nov-24,34,Small Power 2
AVONDALE(2),11387.9,Nov-24,33,Lifeline2
ELIM,73415.2,Nov-24,147,Home
TURTLE CREEK,30473.1,Nov-24,98,Home
MAKHOSI STREET,4408.9,Nov-24,29,Domestic
SCHOTSCHEKLOOF,15027.8,Nov-24,52,Lifeline2
MITCHELLS PLAIN CENTRE,7306.6,Nov-24,22,Small Power 2
DIEP RIVER,27956.2,Nov-24,129,Domestic
KAAPZICHT,84122.3,Nov-24,156,Home
MONTANA,19138.8,Nov-24,53,Home
PAROW ,8006.9,Nov-24,26,Domestic
BELLVILLE CBD,22978.6,Nov-24,18,Home
GARDEN VILLAGE,4963.3,Nov-24,14,Domestic
BAYVIEW,9541.2,Nov-24,33,Domestic
BRACKENFELL INDUSTRIA,41883.8,Nov-24,72,Small Power 2
PELIKAN HEIGHTS,33665.7,Nov-24,68,Home
HUNTERS CREEK,40950.1,Nov-24,109,Home
BRIDGETOWN,16153.7,Nov-24,24,Small Power 2
ALICEDALE,7061.8,Nov-24,22,Domestic
GORDON STRAND,9303.4,Nov-24,31,Domestic
SURREY,19340.9,Nov-24,9,Small Power 1
FAIRFIELD,19174.6,Nov-24,79,Domestic
SOMERSET WEST,120599.2,Nov-24,34,Small Power 1
RONDEBOSCH EAST,19140.3,Nov-24,76,Domestic
KLEINBOSCH,80518.5,Nov-24,179,Home
ELFINDALE,61038.4,Nov-24,111,Small Power 2
BEACON VALLEY,30949.5,Nov-24,66,Home
NOMZAMO,14109.6,Nov-24,72,Lifeline1
SONSTRAAL,98881.7,Nov-24,171,Home
EVERSDAL HEIGHTS,109975.3,Nov-24,170,Home
DREYERSDAL,73348.4,Nov-24,159,Home
TEMPERANCE TOWN,8015.5,Nov-24,46,Lifeline1
PHILLIPI,3328.8,Nov-24,36,Domestic
ST MONTGUE VILLAGE,4784.3,Nov-24,14,Domestic
FISH HOEK,32892.6,Nov-24,116,Lifeline2
BELGRAVIA VYGEKRAAL,8452.1,Nov-24,46,Lifeline1
PINELANDS,29004.4,Nov-24,111,Lifeline2
GREENFIELDS,7821.3,Nov-24,17,Domestic
DIEPRIVIER,33954.5,Nov-24,106,Domestic
MITCHELLS PLAIN ,5124.8,Nov-24,20,Lifeline1
WELLWAY PARK EAST,74648.4,Nov-24,148,Home
PELLA,5960.6,Nov-24,40,Lifeline1
HARDEKRAALTJIE,20046.5,Nov-24,79,Domestic
KNOLE PARK,21606.4,Nov-24,40,Home
TOKAI,32532.7,Nov-24,67,Domestic
DIE BOS,32967.8,Nov-24,71,Home
BAKOVEN,136673.9,Nov-24,184,Home
BEACON VALLEY,33081.5,Nov-24,29,Small Power 2
MORGANS VILLAGE,8013.5,Nov-24,46,Lifeline1
GOODWOOD  EXT 1,59030.5,Nov-24,111,Home
CLAREMONT,67844,Nov-24,29,Small Power 1
ZEVENDAL,87752.6,Nov-24,176,Home
STELLENRYK,62715.9,Nov-24,136,Home
UITSIG,20324.3,Nov-24,84,Domestic
PORTLAND,13680,Nov-24,43,Lifeline2
PARKWOOD EST,3139.4,Nov-24,14,Lifeline2
EDENPARK,60563.1,Nov-24,143,Home
GLENWOOD,36753.9,Nov-24,104,Home
PAROW ,11357,Nov-24,42,Lifeline2
BELHAR,18155.8,Nov-24,42,Home
DE TUIN,37157.9,Nov-24,102,Home
BELHAR EXT 19,5569.3,Nov-24,18,Lifeline2
BELLVILLE SOUTH     BELLVILLE,5860.7,Nov-24,30,Lifeline1
KENILWORTH,41657.5,Nov-24,79,Small Power 2
BONTEHEUWEL,15218.4,Nov-24,37,Small Power 2
CLAREMONT,37633.3,Nov-24,130,Lifeline2
SERCOR PARK,6964.3,Nov-24,36,Lifeline1
DE KUILEN,29188,Nov-24,70,Home
BIG BAY,6754.7,Nov-24,23,Domestic
WOODSTOCK,59171.2,Nov-24,19,Small Power 1
FAIRFIELD ESTATE,15885.5,Nov-24,69,Domestic
KUILSRIVIER SOUTH SMALLHO,7117.8,Nov-24,39,Domestic
LOURENSIA PARK,8772,Nov-24,32,Lifeline2
SONEIKE I,44042.6,Nov-24,82,Home
AMANDELSIG,66303.3,Nov-24,166,Home
OOSTERSEE,27331.3,Nov-24,119,Domestic
WESTGATE,26649.2,Nov-24,63,Home
OAKDALE(1),38891,Nov-24,72,Home
CLOVELLY,111581.1,Nov-24,219,Home
VILLAGE 4A,6421.5,Nov-24,34,Lifeline2
AVONDALE,4236.6,Nov-24,15,Lifeline2
DURMONTE,52618.4,Nov-24,121,Home
GULDENLAND,16375.6,Nov-24,72,Lifeline2
HILL VIEW,3414.5,Nov-24,10,Domestic
DE DUIN,67196.7,Nov-24,113,Home
MUIZENBERG NORTH,6637.5,Nov-24,22,Domestic
SIMON'S TOWN,27742.9,Nov-24,44,Small Power 2
NEW WOODLANDS,9345.2,Nov-24,31,Lifeline2
CHURCHILL,12612.8,Nov-24,54,Domestic
VOELVLEI,27633.2,Nov-24,71,Home
OKAVANGO PARK,41378.6,Nov-24,84,Small Power 2
CHARLESVILLE,6540.8,Nov-24,32,Lifeline1
PAARDEN EILAND,43230.1,Nov-24,50,Small Power 2
ZEVENZICHT,63245.4,Nov-24,134,Home
WELGEDACHT/SPRINGFIELD,140606.5,Nov-24,197,Home
GORDONS BAY,24048.6,Nov-24,113,Domestic
PHILIPPI EAST,7688,Nov-24,60,Lifeline1
OTTERY EAST,16069.8,Nov-24,51,Domestic
UNKNOWN,7239.9,Nov-24,54,Lifeline1
WINDERMERE,20289.3,Nov-24,44,Home
PARKWOOD,7013.6,Nov-24,22,Small Power 2
ZEEKOEIVLEI,14753,Nov-24,41,Domestic
MONTEVIDEO,9869.9,Nov-24,27,Domestic
PROTEA VALLEY,77637.9,Nov-24,168,Home
BELGRAVIA,28488,Nov-24,39,Small Power 2
FORESHORE,35379.5,Nov-24,56,Small Power 2
NORMANDIE ESTATE,40340.9,Nov-24,115,Home
KTC,5628.5,Nov-24,25,Domestic
SANDDRIFT,18421,Nov-24,67,Lifeline2
ASANDA,18020.2,Nov-24,25,Home
RONDEVLEI PARK,14630,Nov-24,35,Home
KAYMOR,52996,Nov-24,78,Small Power 2
LENTEGEUR,24170.5,Nov-24,26,Small Power 2
WESTLAKE,141818.8,Nov-24,196,Home
THORNTON,21772.5,Nov-24,80,Lifeline2
TYGERDAL     GOODWOOD,45414.3,Nov-24,92,Home
MUIZENBERG,17072.7,Nov-24,63,Lifeline2
DURHEIM,5670.7,Nov-24,22,Domestic
SIMON'S TOWN,25115.4,Nov-24,76,Domestic
MOWBRAY,53425.8,Nov-24,16,Small Power 1
WYNBERG,40331.2,Nov-24,18,Small Power 1
GLENCAIRN HEIGHTS,61851,Nov-24,157,Home
DE BRON,67844,Nov-24,150,Home
VREDEKLOOF,27647,Nov-24,114,Domestic
SOUTHFIELD,15012.7,Nov-24,38,Small Power 2
BOSTON,10754.3,Nov-24,81,Lifeline1
RYLANDS,24954.2,Nov-24,68,Domestic
BISHOPSCOURT,179187.3,Nov-24,157,Home
SURREY,8033.8,Nov-24,20,Small Power 2
MILNERTON EXT.6,59131.8,Nov-24,146,Home
MORGENS VILLAGE,5890.5,Nov-24,37,Lifeline1
KLEINBEGIN,9437.9,Nov-24,26,Home
LOTUS RIVER,32704.3,Nov-24,11,Small Power 1
ROCKLANDS,9906.3,Nov-24,25,Small Power 2
STEENBERG,10876.8,Nov-24,36,Small Power 2
MONTE VISTA     GOODWOOD,71062.7,Nov-24,126,Home
HIGHLANDS ESTATE,7666.2,Nov-24,47,Lifeline1
OAKDALE,17153.3,Nov-24,72,Domestic
DIE WINGERD,58844.5,Nov-24,131,Home
SHERATON PARK,6329.6,Nov-24,19,Lifeline2
KLEINBOS,16550.7,Nov-24,64,Domestic
MARTINVILLE,58114.5,Nov-24,132,Home
GATESVILLE,34042.3,Nov-24,13,Small Power 1
STELLENDALE,41734.3,Nov-24,84,Home
BELGRAVIA,7236.2,Nov-24,43,Lifeline1
SALT RIVER,7914.5,Nov-24,38,Lifeline1
MFULENI,10855.9,Nov-24,20,Small Power 2
HEATHFIELD,11523.5,Nov-24,24,Small Power 2
LANGEBERG GLEN,54981.7,Nov-24,126,Home
HARMONY VILLAGE,9046.2,Nov-24,37,Lifeline2
SONSTRAAL HEIGHTS,31826.2,Nov-24,132,Domestic
STRANDVALE,46611,Nov-24,99,Home
SAREPTA,9200.9,Nov-24,43,Lifeline1
ST MICHAELS,30217.7,Nov-24,66,Home
GORDONS BAY VILLAGE,45612.9,Nov-24,115,Home
DOOR DE KRAAL,72745.5,Nov-24,146,Home
OBSERVATORY,14152.9,Nov-24,48,Lifeline2
PARKLAAN,2825.4,Nov-24,13,Domestic
LENTEGEUR,14737.6,Nov-24,34,Home
VREDELUST BELLVILLE,46561.9,Nov-24,78,Home
KALKBAAI,13518.4,Nov-24,37,Domestic
GOEDEMOED     DURBANVILLE,46788.3,Nov-24,97,Home
TAMBO SQUARE,5083.3,Nov-24,18,Domestic
VREDEKLOOF EAST,23910.6,Nov-24,102,Domestic
UNKNOWN,4918.4,Nov-24,29,Lifeline2
WINSLOW,40433.1,Nov-24,96,Home
OOSTERSEE,40546.2,Nov-24,89,Home
CONISTON PARK,13288.1,Nov-24,43,Lifeline2
GLEEMOOR,19034.1,Nov-24,41,Home
LANGA ,7391.7,Nov-24,49,Lifeline1
TRIANGLE FARM,28746.6,Nov-24,44,Small Power 2
PHOENIX,10889.1,Nov-24,25,Small Power 2
DES HAMPDEN,32233.5,Nov-24,76,Home
MORNINGSTAR,13604.6,Nov-24,32,Home
PLATTEKLOOF 3,77919.5,Nov-24,113,Home
IBIS ST,610.9,Nov-24,2,Domestic
BOSBELL,37507.3,Nov-24,73,Home
PENLYN ESTATE,17714.8,Nov-24,59,Lifeline2
ST MONTGUE VILLAGE,4302.4,Nov-24,16,Lifeline2
WOODLANDS ,1829,Nov-24,8,Domestic
BLOEMHOF,29391.7,Nov-24,103,Domestic
SILVEROAKS,16389.7,Nov-24,72,Domestic
ADMIRALS PARK,19063.4,Nov-24,78,Domestic
CAPE TOWN CITY CENTE,57124.6,Nov-24,150,Home
ROME GLEN,36605.5,Nov-24,76,Home
PINATI,7633.3,Nov-24,53,Lifeline1
MANENBERG,11460.1,Nov-24,24,Small Power 2
AMANDA GLEN,63994.9,Nov-24,139,Home
STEENBERG,22654.4,Nov-24,6,Small Power 1
SONSTRAAL HEIGHTS     DURBANVILLE,55834.7,Nov-24,116,Home
CRAWFORD,20307.5,Nov-24,63,Lifeline2
WOODRIDGE,4226.1,Nov-24,14,Domestic
DURBANVILLE HILLS,94906.7,Nov-24,161,Home
BRIDGETOWN,14801.8,Nov-24,7,Small Power 1
BRACKENFELL,17763.9,Nov-24,66,Domestic
KLEIN BEGIN,6308,Nov-24,17,Domestic
DE LA HAYE,17407.3,Nov-24,77,Domestic
MUIZENBERG NORTH,45539.1,Nov-24,98,Home
RAVENSMEAD,35349.1,Nov-24,8,Small Power 1
TWIN PALMS,40644,Nov-24,120,Home
BO OAKDALE,34976,Nov-24,67,Home
SEA CREST,9879.8,Nov-24,23,Home
PLATTEKLOOF 2,66231.8,Nov-24,102,Home
PAROW INDUSTRIA,31231,Nov-24,50,Small Power 2
CAPE TOWN CENTRAL,10702.7,Nov-24,36,Lifeline2
MANSFIELD,42366.3,Nov-24,83,Home
ATLANTIS,3099,Nov-24,19,Lifeline1
RUSTICANASTRAAT,1956.8,Nov-24,8,Domestic
FERNWOOD,51365.2,Nov-24,137,Home
FAIRFIELD ESTATE,8599.4,Nov-24,12,Small Power 2
IMIZAMO YETHU,5355.4,Nov-24,37,Lifeline1
MILNERTON,10089.6,Nov-24,36,Lifeline2
HEIDEVELD,15632.7,Nov-24,35,Home
DELLVILLE 34 SHERWOOD,336.4,Nov-24,1,Domestic
TURF HALL ESTATE,13050.4,Nov-24,52,Domestic
VERGESIG,70387.3,Nov-24,145,Home
RAVENSMEAD     PAROW,3577.5,Nov-24,21,Lifeline1
WESTLAKE,6432.7,Nov-24,18,Lifeline2
SUMMERVILLE,8597.5,Nov-24,19,Domestic
ORANJEZICHT,17388.3,Nov-24,60,Domestic
BELLVILLE SOUTH EXT.7,9144.7,Nov-24,9,Small Power 2
EVERITE,29195,Nov-24,53,Small Power 2
CHURCHILL ESTATE,7869.7,Nov-24,43,Lifeline1
ZONE 20,5650.7,Nov-24,44,Lifeline1
TOWNSEND ESTATE,18196.6,Nov-24,7,Small Power 1
ST JAMES,79518.3,Nov-24,178,Home
VYGEBOOM,1811.8,Nov-24,5,Domestic
PINE ACRES,34347.2,Nov-24,91,Home
ELFINDALE,9355.2,Nov-24,54,Lifeline1
TARENTAALPLAAS,24040.4,Nov-24,51,Home
BOSTON     BELLVILLE,44478.6,Nov-24,91,Home
OAKDALE(1),3336.3,Nov-24,16,Domestic
OOSTERZEE,37255.6,Nov-24,65,Home
VANGUARD,8806.3,Nov-24,27,Lifeline2
BOSTON,23548.3,Nov-24,31,Small Power 2
BELHAR EXT 20,4786.9,Nov-24,15,Lifeline2
WELGEVONDEN,51484.1,Nov-24,104,Home
ONVERWACHT - THE STRAND,23024,Nov-24,55,Home
EPPING INDUSTRIAL,46067,Nov-24,29,Small Power 2
VASCO ESTATE,17877.3,Nov-24,37,Small Power 2
GUSTROW,5660.2,Nov-24,30,Lifeline1
CHURCH CIRCLE,3211.4,Nov-24,13,Domestic
KUILSRIVER ,10278.9,Nov-24,19,Home
RONDEVLEI,7000.8,Nov-24,20,Domestic
FISH HOEK,24567.7,Nov-24,126,Lifeline1
BLOEMHOF,47270.9,Nov-24,100,Home
BONTEHEUWEL ,873.6,Nov-24,2,Domestic
TAFELSIG,7893.2,Nov-24,20,Small Power 2
ATHLONE,38090.1,Nov-24,11,Small Power 1
RYLANDS,13100.2,Nov-24,39,Lifeline2
MAITLAND VILLAGE GARDEN,6196.5,Nov-24,18,Lifeline2
PHILIPPI,32675.3,Nov-24,36,Small Power 2
AVONDALE - WESFLEUR,10292.8,Nov-24,20,Small Power 2
EIKENBOSCH KUILS RIER,23999.3,Nov-24,64,Home
BOSONIA,18429.7,Nov-24,35,Home
KEWTOWN,2870.2,Nov-24,5,Small Power 2
MILNERTON RIDGE,14089.9,Nov-24,39,Domestic
GORDON'S BAY,10525.8,Nov-24,15,Small Power 2
PEERLESS PARK NOORD,27572.2,Nov-24,59,Home
DE GOEDE HOOP,68739.5,Nov-24,104,Home
BELHAR EXT 22,2930.6,Nov-24,12,Lifeline2
SHERWOOD PARK,6783.6,Nov-24,21,Lifeline2
BELLVILLE SOUTH,10585.5,Nov-24,18,Small Power 2
MANSFIELD,9945.7,Nov-24,29,Small Power 2
DUYNEFONTEIN,53742.9,Nov-24,87,Home
EXT 19     BELHAR,4904.7,Nov-24,15,Lifeline2
EDGEMEAD,19710.1,Nov-24,61,Small Power 2
CAPRICORN BEACH,14804,Nov-24,41,Home
PEERLESS PARK NORTH,9519.6,Nov-24,20,Domestic
THE RANGE ,745.1,Nov-24,4,Domestic
LAKESIDE,19063.4,Nov-24,67,Domestic
THABO MBEKI WEST,6805,Nov-24,56,Lifeline1
GREENLANDS     ,1281.3,Nov-24,5,Lifeline2
RONDEBOSCH,39080,Nov-24,51,Small Power 2
EIKENDAL,11991.4,Nov-24,41,Lifeline1
BELLVILLE CBD,22881.3,Nov-24,8,Small Power 1
OAKDALE,14607.7,Nov-24,20,Small Power 2
HARMONY VILLAGE,8508.2,Nov-24,52,Lifeline1
ARAUNA,49014.7,Nov-24,95,Home
GOODWOOD  EXT 1,14584.1,Nov-24,59,Domestic
HOHEIZEN,49822.9,Nov-24,110,Home
THE CREST     DURBANVILLE,40914.7,Nov-24,84,Home
EASTRIDGE ,430.2,Nov-24,2,Domestic
NORMANDY ESTATE,33905.5,Nov-24,80,Home
WINDSOR ESTATE,10473.2,Nov-24,49,Domestic
SALT RIVER,11008.2,Nov-24,38,Lifeline2
PEERLESS PARK EAST,14609.5,Nov-24,42,Lifeline2
GORDON'S BAY,17416.1,Nov-24,64,Domestic
MUIZENBERG,12869.5,Nov-24,91,Lifeline1
VYGEBOOM,69058.2,Nov-24,102,Home
GOODWOOD ESTATE,20651,Nov-24,68,Lifeline2
GRAANENDAL,64895.9,Nov-24,138,Home
FAIRVIEW GOLF ESTAT,22951.3,Nov-24,72,Home
THORNTON,14800.6,Nov-24,83,Lifeline1
MONTE VISTA,19839.1,Nov-24,15,Small Power 2
LOTUS RIVER ,682.2,Nov-24,3,Domestic
WESTLAKE ,4701.3,Nov-24,9,Domestic
BELLVILLE WEST,21071,Nov-24,49,Home
MARLBOROUGH PARK,26800.7,Nov-24,74,Home
LANGEBERG RIDGE,8116.6,Nov-24,18,Domestic
PHUMLANI,2750.5,Nov-24,6,Domestic
KENILWORTH,22722.3,Nov-24,81,Lifeline2
LOEVENSTEIN,7039.1,Nov-24,32,Domestic
PEERLESS PARK WES,11628.1,Nov-24,29,Home
WESTLAKE VILLAGE,4809,Nov-24,16,Lifeline2
MANENBERG,29876.6,Nov-24,12,Small Power 1
SAMORA MACHEL,1613.3,Nov-24,8,Lifeline2
RUSTHOF,5632.6,Nov-24,14,Domestic
LOUCHARMANTE,13451,Nov-24,37,Home
BERGVLIET,18498.5,Nov-24,33,Domestic
NYANGA,9702.9,Nov-24,21,Small Power 2
FLORIDA     RAVENSMEAD,1477,Nov-24,9,Domestic
ZONNEBLOEM (DISTRICT SIX),33917.2,Nov-24,26,Small Power 2
WOODLANDS - MITCHELLS PLAIN,20467,Nov-24,4,Small Power 1
VALHALLA PARK ,1361.6,Nov-24,5,Lifeline2
BOSTON,36484.4,Nov-24,10,Small Power 1
WESFLEUR,1452.7,Nov-24,6,Domestic
BROADLANDS PARK,4876.3,Nov-24,29,Lifeline1
HELENA HEIGHTS,69725.5,Nov-24,129,Home
ATLANTIS INDUSTRIAL,9526.3,Nov-24,25,Small Power 2
DURBANVILLE,61651.6,Nov-24,21,Small Power 1
KLEIN BRON,14575.7,Nov-24,61,Domestic
BELLVILLE CENTRAL,22025.6,Nov-24,7,Small Power 1
LA BOHEMELAAN,1494.9,Nov-24,6,Domestic
HOOGSTEDE,29834.1,Nov-24,63,Home
PROTEA PARK - WESFLEUR,4583.4,Nov-24,21,Lifeline1
OBSERVATORY,53865.8,Nov-24,20,Small Power 1
BLOMTUIN,12470.8,Nov-24,55,Domestic
KLIPKOP,13125.8,Nov-24,43,Lifeline2
ROSENDAL,60401.1,Nov-24,113,Home
ZEEKOEVLEI,17500.7,Nov-24,46,Domestic
BELLVILLE SOUTH     BELLVILLE,15792.9,Nov-24,32,Home
GULDENLAND,16857.7,Nov-24,43,Home
BELLAIR,15683.4,Nov-24,77,Domestic
KENT 114 SAXONSEA,211.8,Nov-24,1,Domestic
PARKLAAN,3088.1,Nov-24,15,Lifeline2
MITCHELLS PLAIN,2709.3,Nov-24,8,Small Power 2
HOSTEL TO HOMES,4760.5,Nov-24,39,Lifeline1
PAROWVALLEI,9850.2,Nov-24,34,Lifeline2
FORESHORE,19422.9,Nov-24,50,Home
HAZELDEAN,4350.8,Nov-24,22,Domestic
PLATTEKLOOF 1,46825.2,Nov-24,62,Home
VRYGROND,16639.9,Nov-24,35,Home
PAREL VALLEI,76894.2,Nov-24,131,Home
MOWBRAY SOUTH,22826.7,Nov-24,88,Home
WINSOR ESTATE,9153.1,Nov-24,35,Domestic
OAKDALE     BELLVILLE,27731.5,Nov-24,63,Home
WESTRIDGE - MITCHELS PLA,6748.7,Nov-24,18,Home
TOWNSEND ESTATE,17565.9,Nov-24,51,Lifeline2
DENNEGEUR,52165.2,Nov-24,125,Home
MILLERS CAMP,5252.6,Nov-24,37,Lifeline1
ROSEBANK,6966.7,Nov-24,39,Lifeline1
PROTEA VILLAGE,3668,Nov-24,12,Domestic
BEACON HILL,4817.7,Nov-24,18,Home
RUGBY,3554.5,Nov-24,11,Small Power 2
GREENFIELDS     LWANDLE,3075.4,Nov-24,11,Lifeline2
CRAWFORD,8258.8,Nov-24,21,Domestic
SOUTHFORK,5995.5,Nov-24,20,Lifeline2
PAROWVALLEI,11225.6,Nov-24,32,Small Power 2
GREENLANDS     BELLVILLE,4396,Nov-24,21,Lifeline1
TYGERBERG,19642.4,Nov-24,73,Home
KRAAIFONTEIN,9826,Nov-24,34,Lifeline2
LA BOHEMELAAN,2235.6,Nov-24,11,Lifeline2
FERNWOOD ESTATE,37323.8,Nov-24,92,Home
HOUT BAY,99988.5,Nov-24,28,Small Power 1
GREENWAYS,3997.1,Nov-24,22,Lifeline1
MILNERTON,20755.8,Nov-24,28,Small Power 2
BRIZA,61766,Nov-24,134,Home
SAN MICHEL,3012.1,Nov-24,7,Domestic
WELCOME ESTATE,10609.3,Nov-24,31,Domestic
BELLVILLE WEST,3902.8,Nov-24,17,Domestic
ALLEGHENY 20 SHERWOOD,224.6,Nov-24,1,Domestic
MONTAGUE,6283.9,Nov-24,20,Domestic
SURREY,13339.3,Nov-24,40,Lifeline2
DANARAND,7973.6,Nov-24,27,Home
LUSAKA,4737.1,Nov-24,24,Lifeline2
MORNINGSTAR     DURBANVILLE,4167.5,Nov-24,10,Home
DEEPFREEZE,3195.3,Nov-24,14,Lifeline2
KOMMETJIE,25460.6,Nov-24,48,Small Power 2
SALT RIVER,24325.3,Nov-24,15,Small Power 1
BELLRAIL     BELLVILLE,3550.4,Nov-24,5,Home
PORTLAND,6298.8,Nov-24,30,Lifeline1
STIKLAND,12530,Nov-24,45,Domestic
BEL OMBRE,7017.1,Nov-24,8,Domestic
GLENWOOD     GOODWOOD,23947.4,Nov-24,50,Home
AUDAS ESTATE,21629.9,Nov-24,66,Home
MUIZENBERG,52622.7,Nov-24,23,Small Power 1
PRIMROSE PARK,11702.5,Nov-24,33,Domestic
WELLWAY PARK EAST,4045,Nov-24,12,Lifeline2
ANCHORAGE PARK,11902.5,Nov-24,51,Domestic
HIGHBURY,8081.3,Nov-24,23,Lifeline2
MONTAGUS GIFT,2808.1,Nov-24,9,Lifeline2
BARBAROSSA/DEURDRIF/LANSTEAD,79472.8,Nov-24,104,Home
BELMONTPARK,2126.4,Nov-24,8,Domestic
NDABENI,12380,Nov-24,27,Home
SYBILLE 7 SAXONSEA,420.7,Nov-24,1,Lifeline2
WESTRIDGE - MITCHELLS PLA,4742.8,Nov-24,15,Lifeline2
COLORADO,7611.1,Nov-24,23,Lifeline2
GEORGE PARK,5253.1,Nov-24,15,Small Power 2
WELGELEGEN     PAROW,54564.5,Nov-24,100,Home
MORNING STAR,585.2,Nov-24,2,Domestic
GALLERY CIRCLE,734.4,Nov-24,3,Domestic
YORKWEG     WINDSOR PARK,8561.5,Nov-24,37,Domestic
BIZWENI,43131.6,Nov-24,118,Home
BRANDWAG,22075.5,Nov-24,41,Home
DE KUILEN,13271.2,Nov-24,25,Small Power 2
WHISPERING PINES,17114.7,Nov-24,43,Home
HARBOUR ISLAND,45528.8,Nov-24,117,Home
VANGUARD ESTATE,5653.2,Nov-24,20,Domestic
SOUTHFORK,5756.2,Nov-24,31,Lifeline1
CHRISMAR,19977.4,Nov-24,78,Domestic
KIEWIET 5 ROBINVALE,362,Nov-24,1,Domestic
ANNA 28 SAXONSEA,353.6,Nov-24,1,Domestic
GARDENS,76117.2,Nov-24,21,Small Power 1
EXT 18     BELHAR,4817.4,Nov-24,13,Lifeline2
ELFINDALE,15023.2,Nov-24,45,Lifeline2
AVONDALE - WESFLEUR,11872.5,Nov-24,32,Home
UITZICHT,16346.8,Nov-24,72,Domestic
BEACON HILL,5940.7,Nov-24,19,Lifeline2
TAMBOERSKLOOF,20419.4,Nov-24,73,Domestic
COSMOS 8 PROTEA PARK,343,Nov-24,1,Lifeline2
GANTS PARK,27632.9,Nov-24,40,Small Power 2
MACASSAR,12433.7,Nov-24,28,Home
LANGEBERG HEIGHTS,36974.9,Nov-24,77,Home
CLIFTON,116211.8,Nov-24,119,Home
WELGEDACHT,71705.2,Nov-24,113,Home
OBSERVATORY,8187.8,Nov-24,45,Lifeline1
ZONNEBLOEM (DISTRICT SIX),6198.8,Nov-24,36,Lifeline1
PORTLANDS,9951.9,Nov-24,17,Small Power 2
HELDERBERG VILLAGE,54485.1,Nov-24,179,Home
ISLAND 51 AVONDALE,201,Nov-24,1,Domestic
VASCO ESTATE,14718.8,Nov-24,53,Lifeline2
KLIPDAM,33273,Nov-24,71,Home
PARKWOOD ESTATE,2574.6,Nov-24,10,Domestic
VIERLANDEN     DURBANVILLE,51860.4,Nov-24,91,Home
TRAFALGAR 10 SAXONSEA,294.5,Nov-24,1,Domestic
BELLVILLE CBD,9212.2,Nov-24,27,Domestic
PAROW,12857.2,Nov-24,9,Small Power 1
OTTERY EAST,8262.2,Nov-24,29,Lifeline2
LLANDUDNO,77949.5,Nov-24,76,Home
DA GAMA PARK,10064.2,Nov-24,28,Domestic
BELMONT PARK,7974,Nov-24,35,Lifeline1
DURBANVILLE WEST,48846.3,Nov-24,102,Home
BRACKENSTRAAT     PROTEAHOOGTE,10938,Nov-24,39,Home
EVERITE INDUSTRIA,23092.9,Nov-24,56,Small Power 2
THABO MBEKI EAST,5215.5,Nov-24,36,Lifeline1
JOUBERTPARK,11554.9,Nov-24,29,Home
RETREAT INDUSTRIAL AREA,401,Nov-24,2,Lifeline2
BROOKLYN,35684.8,Nov-24,13,Small Power 1
BELLVILLE SOUTH ,1703.5,Nov-24,5,Lifeline2
BLOUBERGSTRAND,13811.1,Nov-24,42,Domestic
WYNBERG CENTRAL,7984.1,Nov-24,44,Domestic
MELKBOSCHSTRAND,13631.9,Nov-24,29,Small Power 2
TYGERDAL,5524.8,Nov-24,4,Small Power 2
RYLANDS,33152.4,Nov-24,8,Small Power 1
PINELANDS,12190.7,Nov-24,63,Lifeline1
BELLVILLE-SUID     BELLVILLE,492.9,Nov-24,2,Domestic
SAND INDUSTRIA,13447.4,Nov-24,24,Small Power 2
MORGENSTER HOOGTE,7611,Nov-24,21,Domestic
PAROW INDUSTRIA,9599.7,Nov-24,46,Lifeline2
BELRAIL,25552.1,Nov-24,7,Small Power 1
PLOVER 6 ROBINVALE,189.7,Nov-24,1,Domestic
SIMON'S TOWN,29995.5,Nov-24,11,Small Power 1
GLORIOSA 11 PROTEA PARK,284.5,Nov-24,1,Domestic
BELTHORN ESTATE,6691.8,Nov-24,26,Domestic
HIGHLANDS ESTATE,9693.8,Nov-24,30,Home
TAMBO SQUARE,2360.2,Nov-24,14,Lifeline1
MOUNTVIEW,6543.9,Nov-24,23,Domestic
VASCO ESTATE,26588,Nov-24,9,Small Power 1
MIKRO PARK,26568.5,Nov-24,54,Home
KUILSRIVER ,513.9,Nov-24,2,Lifeline2
BO-KAAP,6462,Nov-24,25,Domestic
NEW FLATS,4485.5,Nov-24,41,Lifeline1
RUSTHOF(1),6618.1,Nov-24,18,Home
MAITLAND ,5042.2,Nov-24,16,Domestic
PAROW EAST,24565.6,Nov-24,42,Home
KALKBAAI,32107.2,Nov-24,78,Home
90 MERRIGOLD CRES,306.2,Nov-24,1,Lifeline2
GLENLILY,16315.1,Nov-24,49,Lifeline2
247 JUNIPER CRES,252.7,Nov-24,1,Domestic
DEWAR 14 SHERWOOD,198.3,Nov-24,1,Domestic
EXT 19     BELHAR,3424.2,Nov-24,14,Lifeline1
RICHMOND,7724.1,Nov-24,45,Domestic
SUMMER GREENS,10225.5,Nov-24,32,Lifeline2
ELFINDALE,21921.1,Nov-24,43,Domestic
GREENLANDS    ,1040.8,Nov-24,3,Domestic
GUGULETU NORTH,4832.2,Nov-24,41,Lifeline1
DE TIJGER,10018.5,Nov-24,48,Domestic
KLIPKOP,8532.8,Nov-24,30,Domestic
GULDENLAND,7460.5,Nov-24,25,Domestic
PHUMLANI,1501.3,Nov-24,6,Lifeline2
FROGMORE ESTATE,22891.8,Nov-24,58,Home
VREDELUST KUILS RIVR,9674.2,Nov-24,28,Home
RETREAT,15896.5,Nov-24,10,Small Power 1
MONTE VISTA,7281,Nov-24,27,Domestic
DURBANVILLE MEADOWS,27805.1,Nov-24,98,Home
MONTANA/DURRHEIM,4146.1,Nov-24,13,Lifeline2
MONTAGU.S GIFT,2523.1,Nov-24,10,Lifeline2
WESFLEUR,2464.4,Nov-24,6,Lifeline2
WYNBERG CENTRAL,21613.2,Nov-24,67,Home
THREE ANCHOR BAY,21784.3,Nov-24,66,Domestic
BELLVILLE,5616.4,Nov-24,19,Lifeline2
AVONDALE(2),7152.4,Nov-24,29,Domestic
SUNNYSIDE,5147,Nov-24,15,Home
PHOENIX,3952.1,Nov-24,20,Lifeline1
CLAREMONT,11563.8,Nov-24,57,Lifeline1
EXT 22     BELHAR,2212.2,Nov-24,7,Lifeline2
SHERWOOD PARK,3344.2,Nov-24,21,Lifeline1
SCHOTSCHEKLOOF,6974.2,Nov-24,32,Lifeline1
THREE ANCHOR BAY,14388.9,Nov-24,19,Small Power 2
SUNNYDALE,12593.4,Nov-24,42,Small Power 2
OAKDENE,2582,Nov-24,13,Domestic
ZWELITSHA DRIVE,986.7,Nov-24,4,Domestic
TARENTAALPLAAS,9498.3,Nov-24,22,Small Power 2
BROADLANDS,10744.2,Nov-24,19,Home
WOODLANDS,1519.2,Nov-24,5,Small Power 2
RONDEBOSCH EAST,11577.5,Nov-24,38,Lifeline2
MOWBRAY SOUTH,10001.6,Nov-24,43,Domestic
BETHANIE,26660.4,Nov-24,50,Home
GREENLANDS,4820.7,Nov-24,26,Lifeline1
EVERSDAL HEIGHTS,3899.9,Nov-24,10,Domestic
SURREY EST,7858.4,Nov-24,19,Home
COASTAL LINE,31749.5,Nov-24,89,Home
EDGEMEAD,21611.6,Nov-24,63,Lifeline2
HILLVIEW,1731.2,Nov-24,5,Domestic
BELLVILLE SOUTH ,5233.3,Nov-24,13,Home
GOODWOOD ESTATE,28644,Nov-24,10,Small Power 1
KENILWORTH,12116.4,Nov-24,63,Lifeline1
GUGULETU NORTH,2105.9,Nov-24,11,Lifeline2
EDGEMEAD,12479.3,Nov-24,44,Domestic
EIKENDAL,6191.4,Nov-24,14,Small Power 2
CRAWFORD,15154.4,Nov-24,21,Small Power 2
PEERLESS PARK WEST,4844.1,Nov-24,15,Lifeline2
SAN MICHEL,62738.5,Nov-24,100,Home
GARDEN VILLAGE,5107.1,Nov-24,15,Lifeline2
CAREY PARK,1467.2,Nov-24,5,Domestic
RUSTHOF(1),2850.8,Nov-24,16,Lifeline1
DISTRICT SIX,8133.1,Nov-24,27,Lifeline2
COLORADO,3683.1,Nov-24,20,Lifeline1
CAPE TOWN CITY CENTRE,41555.3,Nov-24,16,Small Power 1
BASIL FEBRUARY ST,725,Nov-24,4,Domestic
CAPRICORN,2632.4,Nov-24,10,Domestic
RAVENSMEAD,9587.4,Nov-24,28,Small Power 2
PAARDE VLEI,2515,Nov-24,5,Domestic
BELMONTPARK,10131,Nov-24,17,Home
AVONDALE - PAROW,5982.1,Nov-24,29,Domestic
KENRIDGE EXT.3,23872.9,Nov-24,61,Home
WESTRIDGE - MITCHELLS PLAIN,3048.9,Nov-24,10,Lifeline2
PINATI,3600.3,Nov-24,14,Small Power 2
RYLANDS/DOORNHOOGTE,3702.6,Nov-24,13,Domestic
ROYAL CAPE,19205.2,Nov-24,43,Home
TAFELSIG,15521.1,Nov-24,48,Home
KLIPDAM,6283.4,Nov-24,41,Domestic
RONDEBOSCH,10700.9,Nov-24,57,Lifeline1
PHILIPPI ,2762.4,Nov-24,20,Lifeline2
DISTRICT SIX,17129.8,Nov-24,15,Small Power 2
ZWELITSHA DRIVE,3243.8,Nov-24,25,Lifeline1
ONVERWACHT VILLAGE,29682.5,Nov-24,83,Home
PARKWOOD ESTATE,2165.3,Nov-24,10,Lifeline2
BELGRAVIA VYGEKRAAL,23466.3,Nov-24,4,Small Power 1
WESTRIDGE - MITCHELS PLA,4230.9,Nov-24,14,Lifeline2
CHRISMAR,19564.2,Nov-24,103,Lifeline1
KUILSRIVER,4882.6,Nov-24,12,Home
EPPING INDUSTRIAL,57793.1,Nov-24,8,Small Power 1
ASANDA VILLAGE,7058.3,Nov-24,12,Domestic
PEERLESS PARK WEST,8565.4,Nov-24,8,Small Power 2
COSTA DA GAMA/CAPRICORN/VRYGROND,5258.6,Nov-24,21,Lifeline2
LA BOHEMELAAN,1496.5,Nov-24,9,Lifeline1
HILLRISE,14628,Nov-24,32,Home
DURBANVILLE WEST,4033.9,Nov-24,15,Domestic
VILLAGE 4A,3949.2,Nov-24,27,Lifeline1
THORNTON,12600.9,Nov-24,41,Small Power 2
SEA CREST,3005.1,Nov-24,11,Domestic
OLGA RD,305.2,Nov-24,1,Domestic
ONVERWACHT,18783.1,Nov-24,49,Home
SUNKIST,23542.7,Nov-24,47,Home
BONNIE BRAE,12498.9,Nov-24,39,Lifeline2
SONNEDAL,39543.1,Nov-24,64,Home
KANONBERG,69855.1,Nov-24,79,Home
OAK GLEN,10763.4,Nov-24,42,Lifeline2
FAIRIE KNOWE,26890.1,Nov-24,66,Home
RUSTICANASTRAAT,2666.2,Nov-24,10,Lifeline2
BRACKEN HEIGHTS,13962.5,Nov-24,55,Domestic
WESTLAKE ESTATE,20814.8,Nov-24,65,Small Power 2
HAZENDAL,2442.8,Nov-24,9,Small Power 2
AVONDRUST,17642.4,Nov-24,43,Home
29 DOROTHY ZIHLANGU ST,267.8,Nov-24,1,Lifeline2
SCHOONGEZICHT,27514.5,Nov-24,50,Home
SAXONSEA,16570,Nov-24,14,Small Power 2
SKOONGESIG,16503.9,Nov-24,31,Home
PLUMSTEAD,46056.8,Nov-24,15,Small Power 1
PONIE CLOSE,212.3,Nov-24,1,Domestic
COLARADO PARK,519.6,Nov-24,2,Domestic
SPRINGBOK PARK,694.1,Nov-24,1,Domestic
NYANGA,11275.2,Nov-24,34,Home
SURREY ESTATE,15377.7,Nov-24,4,Small Power 1
DURBANVILLE EAST,20571.2,Nov-24,55,Home
VALHALLA PARK,12466.1,Nov-24,11,Small Power 2
BELLVILLE CENTRAL,21716.4,Nov-24,49,Home
HOUT BAY ,1837.3,Nov-24,9,Lifeline1
BISCHOPSCOURT,84349.1,Nov-24,82,Home
12 NCANDA STR,478.7,Nov-24,1,Domestic
PROTEA HEIGHTS,9556.9,Nov-24,40,Domestic
ST MONTGUE VILLAGE,1816.2,Nov-24,9,Lifeline1
HILLVIEW,2575.2,Nov-24,9,Lifeline2
HILL VIEW,1900.7,Nov-24,7,Lifeline2
SEA POINT,13641.1,Nov-24,50,Lifeline2
CENTURY CITY,27787.7,Nov-24,54,Small Power 2
BEACON VALLEY ,446.9,Nov-24,2,Domestic
CONSTANTIA VALE,42709.3,Nov-24,71,Home
ALSWEG,1811.2,Nov-24,7,Lifeline2
LEROTHOLI RD,3899.6,Nov-24,37,Lifeline1
CUSTER 5 SHERWOOD,349,Nov-24,1,Lifeline2
KENSINGTON,15909.7,Nov-24,4,Small Power 1
ANGLEBE 1 SHERWOOD,285.6,Nov-24,1,Lifeline2
HARDEKRAALTJIE,6087.9,Nov-24,25,Small Power 2
BLOUKRANS 24 SHERWOOD,151.5,Nov-24,1,Domestic
GLEN IVE,22918.3,Nov-24,49,Home
LWANDLE,3023.4,Nov-24,13,Home
OOSTERZEE,9572.8,Nov-24,44,Domestic
SAXONSEA,26698,Nov-24,5,Small Power 1
BELLVILLE SOUTH EXT.7,11323.6,Nov-24,27,Home
DURBANVILLE,13477.1,Nov-24,48,Lifeline2
BELGRAVIA ,5484.3,Nov-24,8,Home
GORDON STRAND,4510.2,Nov-24,16,Lifeline2
SCOTTSVILLE,7992.7,Nov-24,12,Small Power 2
THABO MBEKI WEST,2860.7,Nov-24,18,Lifeline2
7 PETUNIA ST,310.7,Nov-24,1,Domestic
THE PALMS,27346.4,Nov-24,55,Home
HOUT BAY ,4648.3,Nov-24,16,Lifeline2
DREYERSDAL,2806,Nov-24,9,Domestic
KOSOVO,3738.4,Nov-24,8,Domestic
GLENHAVEN,2570.9,Nov-24,5,Small Power 2
CHARLES NDABA,1110.9,Nov-24,6,Domestic
PRIMROSE PARK,5648.1,Nov-24,12,Small Power 2
WELCOME ESTATE,3343.1,Nov-24,9,Lifeline2
OKAVANGO PARK,21135.8,Nov-24,8,Small Power 1
PEERLESS PARK NORTH,10318.3,Nov-24,31,Lifeline2
KRAAIFONTEIN,19852,Nov-24,5,Small Power 1
PHILIPPI EAST,3747.3,Nov-24,24,Lifeline2
BELGRAVIA ESTATE,3329.7,Nov-24,26,Lifeline1
GOODWOOD,16461.3,Nov-24,49,Lifeline2
TABLE MOUNTAIN RESERVE,2043.2,Nov-24,9,Domestic
LENTEGEUR,17788.3,Nov-24,7,Small Power 1
RIGOLETTOSTRAAT,1587.9,Nov-24,7,Lifeline2
LYNN'S VIEW,37642.6,Nov-24,77,Home
ZWELITSHA DRIVE,1994.3,Nov-24,10,Lifeline2
ATLANTIC BEACH ESTATE,37060.4,Nov-24,66,Home
ROUNDHAY,24659.8,Nov-24,74,Home
GUGULETU ,2610.3,Nov-24,19,Lifeline1
MONTROSE PARK,2507,Nov-24,9,Lifeline2
DURMONTE     DURBANVILLE,21684.4,Nov-24,48,Home
BELLVILLE CENTRAL,11258.2,Nov-24,18,Domestic
KLIPDAM,3682.9,Nov-24,8,Small Power 2
HANOVER PARK,12476.7,Nov-24,5,Small Power 1
FAIRFIELD,9357.6,Nov-24,45,Lifeline2
RYLANDS,4461.6,Nov-24,23,Lifeline1
BROADLANDS,3011.8,Nov-24,9,Lifeline2
AMANDA GLEN,5308,Nov-24,17,Domestic
BOKMAKIERIE,1430.1,Nov-24,5,Domestic
SIMONS TOWN,3208.5,Nov-24,22,Lifeline1
SIMONS TOWN,25291.8,Nov-24,67,Home
TABLE MOUNTAIN RESERVE,2483.9,Nov-24,10,Lifeline2
MIMOSA,3057.4,Nov-24,6,Domestic
8TH AVENUE 62     RAVENSMEAD,1809.3,Nov-24,8,Lifeline2
MALGAS 36 ROBINVALE,323.3,Nov-24,1,Domestic
HEIDEVELD,5529.7,Nov-24,15,Small Power 2
EXT 6     MFULENI,3434.2,Nov-24,19,Lifeline2
FAIRFIELD,4623.2,Nov-24,12,Small Power 2
LOUMAR,15456.2,Nov-24,32,Home
RICHMOND ESTATE,22833.8,Nov-24,6,Small Power 1
FORTUNE 4 AVONDALE,514.2,Nov-24,1,Domestic
BELHAR EXT 18,3949.4,Nov-24,11,Lifeline2
HOUT BAY ,2801.1,Nov-24,6,Domestic
FAIRVIEW GOLF ESTATE,17772.2,Nov-24,52,Home
GORDONS STRAND ESTAE,17154,Nov-24,41,Home
RONDEBOSCH,11506.2,Nov-24,45,Lifeline2
OCEAN VIEW,6025,Nov-24,19,Small Power 2
ASANDA VILLAGE     LWANDLE,3193,Nov-24,5,Domestic
HELDERBERG ESTATE,42079.5,Nov-24,73,Home
SIMONS TOWN,3937.4,Nov-24,21,Lifeline2
BEROMA,14857.2,Nov-24,27,Home
WILDWOOD,6521.5,Nov-24,21,Domestic
KRAAIFONTEIN EXT.17,11362.1,Nov-24,22,Home
UNKNOWN,3803.9,Nov-24,12,Domestic
KAAPSIG,22499.3,Nov-24,62,Home
HEATHFIELD 94 PROTEAPARK,318.6,Nov-24,1,Domestic
PROTEAVALLEI,45379.5,Nov-24,84,Home
EVERGLEN,20816.2,Nov-24,45,Home
VALMARY PARK,50836,Nov-24,70,Home
SURREY ESTATE ,5486.9,Nov-24,15,Home
CHRIS NISSEN PARK,1773.4,Nov-24,7,Lifeline2
MANDALAY,6642.1,Nov-24,19,Home
AVONDALE(1),12811.2,Nov-24,17,Small Power 2
SYBILLE 37 SAXONSEA,123.5,Nov-24,1,Domestic
BRACKENFELL INDUSTRA,12837.4,Nov-24,17,Small Power 2
15 JEANNE CRES,176.7,Nov-24,1,Domestic
WESTLAKE,14471.5,Nov-24,40,Small Power 2
ZEEKOEIVLEI,2267.3,Nov-24,9,Lifeline1
SCHAAPKRAAL,343,Nov-24,1,Lifeline2
VAN DER MERWE PARK,3430.5,Nov-24,16,Domestic
MARINA DA GAMA,3591.3,Nov-24,2,Small Power 2
BROADLANDS VILLAGE,2512.8,Nov-24,8,Home
PARKTOWN,2633.4,Nov-24,8,Domestic
55 FIRST AVENUE,2879.6,Nov-24,14,Domestic
LUYOLOVILLE,883.1,Nov-24,9,Domestic
COSTA DA GAMA/CAPRICORN/VRYGROND,22813.2,Nov-24,23,Small Power 2
FIR GROVE,43388.6,Nov-24,64,Home
CHANTECLER,22106.1,Nov-24,41,Home
DISTRICT SIX,7403.3,Nov-24,39,Lifeline1
CHAPMAN'S PEAK(NOORDHOEK),32286.5,Nov-24,53,Home
GLENHAVEN,6703.3,Nov-24,23,Domestic
STEENBERG GOLF ESTATE,70942.8,Nov-24,80,Home
PRIMROSE PARK,6354.6,Nov-24,19,Lifeline2
9 5TH AVE,252,Nov-24,1,Domestic
WELCOME,3400.2,Nov-24,5,Small Power 2
VRYGROND AVE,3291.1,Nov-24,6,Domestic
GORDONS BAY EXT 12,27550.5,Nov-24,51,Home
SILVERTOWN,4279.5,Nov-24,7,Small Power 2
FORTUNE 23 AVONDALE,392.5,Nov-24,1,Domestic
GOODWOOD,6244.8,Nov-24,17,Domestic
KRAAIFONTEIN,5848.4,Nov-24,13,Small Power 2
HEATHFIELD,10254,Nov-24,44,Lifeline1
SEA POINT,82521.5,Nov-24,21,Small Power 1
KUILSRIVIER SOUTH SMALLHO,4074.5,Nov-24,27,Lifeline1
GOEDE HOOP,20398.3,Nov-24,41,Home
THREE ANCHOR BAY,38416.6,Nov-24,7,Small Power 1
ATLANTIC VILLAGE,873.1,Nov-24,3,Domestic
RETREAT INDUSTRIAL AREA,15432.7,Nov-24,28,Small Power 2
EXT.18     BELHAR,1378.4,Nov-24,4,Domestic
ST MONTAGUE VILLAGE,3270.1,Nov-24,6,Domestic
GUGULETU NORTH,1550.5,Nov-24,7,Domestic
PHASE 3,1587.2,Nov-24,6,Lifeline2
ATHLONE INDUSTRIA,5246.8,Nov-24,7,Small Power 2
BEACON VALLEY ,290,Nov-24,1,Lifeline2
WINDSORPARK,8261.8,Nov-24,18,Home
BELTHORN ESTATE,6933.9,Nov-24,20,Lifeline2
ZONNEBLOEM (DISTRICT SIX),18301.5,Nov-24,4,Small Power 1
Manenberg ,489.3,Nov-24,1,Domestic
ROSEBANK,11199.2,Nov-24,22,Small Power 2
LOCHNERHOF,19683.2,Nov-24,48,Home
KALKFONTEIN,4720.4,Nov-24,4,Home
DATURA 37,497.1,Nov-24,1,Domestic
AVONDALE,1506.6,Nov-24,10,Lifeline1
TABLE VIEW,21967.6,Nov-24,48,Home
WILDWOOD,8638.4,Nov-24,19,Home
TYGERDAL,5139.8,Nov-24,24,Domestic
CAPE TOWN CITY CENTRE,11315.7,Nov-24,34,Domestic
ESPIEGEL 7 SAXONSEA,285.4,Nov-24,1,Domestic
BELGRAVIA ESTATE,3948.3,Nov-24,15,Lifeline2
GREEN POINT,27592.5,Nov-24,24,Small Power 2
COLORADO PARK,2536.8,Nov-24,7,Lifeline2
101 HEINZ PARK,322.3,Nov-24,1,Lifeline2
WELGEDACHT/SPRINGFIELD,793.4,Nov-24,3,Domestic
WELTEVREDEN VALLEY,5057.3,Nov-24,8,Small Power 2
BO-KAAP,4255.6,Nov-24,13,Lifeline2
239 SIXTH AVENUE,2198.4,Nov-24,6,Domestic
JOE SLOVO PARK,739.4,Nov-24,2,Small Power 2
ATLANTIC VILLAGE,1800.1,Nov-24,7,Lifeline2
STRAND HALT,8965.2,Nov-24,30,Small Power 2
EXT 6     MFULENI,3092.8,Nov-24,19,Lifeline1
FLORIDA ,1338.5,Nov-24,4,Domestic
FIRLAND/STEENBRAS CATCHMENT AREA,4557.8,Nov-24,17,Domestic
PEERLESS PARK WES,3490.2,Nov-24,11,Domestic
MONTANA,2464.7,Nov-24,12,Lifeline1
CHRIS NISSEN PARK,2201.9,Nov-24,3,Domestic
OAKDALE(2),9555,Nov-24,9,Small Power 2
OOSTERZEE-BELLVILLE,9375.5,Nov-24,31,Domestic
MORNINGSTAR     DURBANVILLE,2117.2,Nov-24,7,Lifeline2
ALSWEG,1885.8,Nov-24,8,Domestic
LA CONCORDE,46368.4,Nov-24,73,Home
EXT 23     BELHAR,3100.2,Nov-24,10,Lifeline2
AVONDALE - PAROW,37778.6,Nov-24,10,Small Power 2
LONDON VILLAGE,2289.1,Nov-24,6,Domestic
SIRROCCO'S,5954.7,Nov-24,19,Home
PAARDEN EILAND,8192.8,Nov-24,16,Domestic
HAZENDALE ST,473.2,Nov-24,1,Domestic
PAROW INDUSTRIA,19915.4,Nov-24,33,Home
KLOOFZICHT,9465.4,Nov-24,26,Home
DEVILS PEAK,22853.1,Nov-24,52,Home
BLACKBIRD AVE,973.6,Nov-24,4,Domestic
WATERLOO 14 EXT13 S/SEA,490,Nov-24,1,Domestic
WINSLOW,6406.8,Nov-24,8,Small Power 2
PROTEA PARK - WESFLEUR,4523,Nov-24,12,Domestic
CAPRICORN,2867.3,Nov-24,10,Lifeline2
KRAAIFONTEIN,3559.2,Nov-24,18,Lifeline1
DE LA HAYE,12282.3,Nov-24,17,Small Power 2
SURREY ESTATE,8624.7,Nov-24,26,Lifeline2
JOE SLOVO,2899.2,Nov-24,19,Lifeline1
SPRINGBOK PARK,24493.6,Nov-24,48,Home
KALK BAY,33022.2,Nov-24,82,Home
STELLENBOSCH FARMSKUILS,7573.8,Nov-24,22,Home
BELMONT PARK,34176.1,Nov-24,6,Small Power 1
VILLAGE 2A,2957.6,Nov-24,14,Lifeline2
JOE SLOVO,1331.2,Nov-24,4,Domestic
GEORGE PARK,14842,Nov-24,4,Small Power 1
LAND EN ZEEZICHT,32631,Nov-24,69,Home
PROTEA PARK,24992.6,Nov-24,50,Home
BOUNA 11 SHERWOOD,191.8,Nov-24,1,Domestic
FAIRVIEW GOLF ESTATE,6275.9,Nov-24,20,Domestic
DE GOEDE HOOP,12227.7,Nov-24,20,Small Power 2
HAZELVIEW,16054.9,Nov-24,40,Home
CHRISMAR,11639.1,Nov-24,43,Lifeline2
MOUNTAINSIDE ESTATE,10484.2,Nov-24,44,Domestic
BERGVLIET,20654.6,Nov-24,24,Small Power 2
ZUURBURGWEG,293.9,Nov-24,1,Lifeline1
EVERSDAL EXT.4,1864.1,Nov-24,5,Domestic
KUILS RIVER,500.7,Nov-24,4,Domestic
EVERSDALE,7354.7,Nov-24,34,Domestic
SONNENDAL,35500.4,Nov-24,53,Home
MORGANS VILLAGE,1624.1,Nov-24,3,Home
RUITERSHOOGTE,24013.6,Nov-24,58,Home
ZEVENWACHT COUNTRY ESTATE,33697.2,Nov-24,52,Home
NDABENI,4219.6,Nov-24,19,Domestic
SWEET VALLEY,39349,Nov-24,35,Home
29 SCHWARTZWALD WAY,578.2,Nov-24,1,Domestic
NEWLANDS,11056.2,Nov-24,18,Small Power 2
LORUS RIVER,597.8,Nov-24,1,Domestic
KANANA,3705.1,Nov-24,9,Domestic
SONSTRAAL HEIGHTS,14104.2,Nov-24,51,Lifeline2
DURMONTE,9341,Nov-24,46,Domestic
KALKBAAI,1903.4,Nov-24,10,Lifeline2
OCEAN VIEW ,940,Nov-24,5,Lifeline1
DRURY RD,1139.3,Nov-24,5,Lifeline2
D'URBANVALE,1551.4,Nov-24,7,Domestic
OAKDALE(1),6405.8,Nov-24,16,Small Power 2
SURREY,4688.6,Nov-24,24,Lifeline1
EVERSDALE,22304.1,Nov-24,57,Home
JOE SLOVO,2742.5,Nov-24,10,Lifeline2
PEERLESS PARK OOS,5345.2,Nov-24,15,Domestic
ASANDA VILLAGE,2923.4,Nov-24,10,Lifeline2
MANENBERG ,1753.4,Nov-24,13,Lifeline1
30 JEANNE CRES,1188.1,Nov-24,1,Home
BELLE CONSTANTIA,52818.3,Nov-24,59,Home
MORGEN VILLAGE,807.7,Nov-24,3,Domestic
SOL PLAATJIES,1029.2,Nov-24,2,Domestic
PANORAMA,2876.6,Nov-24,9,Lifeline2
PLATTEKLOOF     PAROW,30935.8,Nov-24,53,Home
PAARDEN EILAND,24243.9,Nov-24,22,Home
PAROW NORTH     PAROW,19712.7,Nov-24,39,Home
THERONSINGEL,6725.9,Nov-24,22,Home
KIEWIET 1 ROBINVALE,436.8,Nov-24,1,Domestic
FIRLAND/STEENBRAS CATCHMENT AREA,7980.9,Nov-24,22,Home
KERKSTRAAT,4081.7,Nov-24,15,Home
MITCHELLS PLAIN ,2123.2,Nov-24,7,Home
AVONDALE(2),9868,Nov-24,3,Small Power 1
MILNERTON EXT.6,3217.7,Nov-24,7,Domestic
WEST LAKE,267,Nov-24,1,Domestic
LOURENSIA PARK,1823.1,Nov-24,4,Domestic
GORDONS STRAND ESTATE,12271.7,Nov-24,31,Home
MEYERHOF,9169.6,Nov-24,21,Home
BEACONVALE,25487.4,Nov-24,8,Small Power 1
BELRAIL,5392.2,Nov-24,23,Lifeline2
BEL OMBRE,54029.7,Nov-24,58,Home
CASABLANCA,6657.5,Nov-24,8,Home
DIEPRIVIER,11135.8,Nov-24,26,Small Power 2
BRACKENFELL SOUTH,11183.5,Nov-24,35,Lifeline2
GLENWOOD,5479.9,Nov-24,32,Domestic
BOUNA 7 SHERWOOD,253.2,Nov-24,1,Domestic
PINEHURST,18146.6,Nov-24,50,Domestic
MABILLEPARK,12421.3,Nov-24,25,Home
SIMON.S TOWN,2867.9,Nov-24,13,Lifeline2
MARCONI BEAM,10862.6,Nov-24,17,Domestic
BLOEMHOF STOCK,4698.4,Nov-24,18,Lifeline2
52 YORKSHIRE CRES,425.1,Nov-24,1,Domestic
BELLVILLE SOUTHG     BELLVILLE,357.9,Nov-24,1,Domestic
WELGEMOED,12488,Nov-24,15,Small Power 2
VREDENBERG - BELLVILLE,17543.6,Nov-24,36,Home
AZALEA 43 PROTEA PARK,137.2,Nov-24,1,Domestic
NOORDHAVEN,37252.8,Nov-24,58,Home
EXTENSION 12,1248.4,Nov-24,7,Lifeline2
JAGTERSHOF,3428.8,Nov-24,13,Domestic
PEERLESSPARK OOS,3044.6,Nov-24,7,Home
WESTRIDGE,7062,Nov-24,5,Small Power 2
HEATHFIELD 143 PROTEAPARK,253.6,Nov-24,1,Domestic
BARONETCY ESTATE,43882.4,Nov-24,48,Home
CASTALIS 23 PROTEA PARK,572.4,Nov-24,1,Domestic
TERNATE 9 EXT13 SAXONSEA,278.4,Nov-24,1,Lifeline2
MASIPHUMELE  SITE -5,3480.6,Nov-24,30,Lifeline1
WELCOME,4625.5,Nov-24,16,Lifeline2
VREDENBERG - BELLVILE,17042.4,Nov-24,43,Home
SIMON.S TOWN,3362.7,Nov-24,24,Lifeline1
BUH-REIN ESTATE,16362.9,Nov-24,38,Home
RICHMOND ESTATE,8203.4,Nov-24,25,Lifeline2
RONDEVLEI PARK,1632.6,Nov-24,6,Lifeline1
VOORBRUG,1035.5,Nov-24,3,Domestic
PAARDE VLEI,6747,Nov-24,15,Home
BONNIE BRAE,4122.8,Nov-24,13,Domestic
COLY LANE 8 ROBINVALE,325.8,Nov-24,1,Domestic
BRACKENFELL,11495.8,Nov-24,20,Small Power 2
KUILSRIVIER,51386.2,Nov-24,11,Small Power 1
HIGHBURY,3439.7,Nov-24,17,Lifeline1
2B2,3111.4,Nov-24,23,Lifeline1
SEA POINT,9361.6,Nov-24,48,Lifeline1
WESTLAKE,3164.3,Nov-24,14,Lifeline1
GUGULETU ,1514.8,Nov-24,6,Lifeline2
GOUDVELD 5 SHERWOOD,241.2,Nov-24,1,Domestic
PENLYN ESTATE,5000.9,Nov-24,20,Lifeline1
SIMONSTOWN,16506.2,Nov-24,62,Home
VANGURD ESTATE,537.9,Nov-24,1,Home
ROSENDAL,12157,Nov-24,25,Small Power 2
KLIPKOP,4713.3,Nov-24,23,Lifeline1
SANDDRIFT,4514.8,Nov-24,28,Lifeline1
IBOZA CLS 6 PROTEA PARK,455.7,Nov-24,1,Domestic
PAARDEN EILAND,41843.1,Nov-24,13,Small Power 1
COLORADO PARK,3459.3,Nov-24,12,Lifeline1
CAMPS BAY,8048.4,Nov-24,15,Small Power 2
PAROW EAST,27951.8,Nov-24,16,Small Power 1
EENSGEVONDEN,11173.4,Nov-24,33,Home
PAROW VALLEY,3798.9,Nov-24,9,Small Power 2
EXT.20     BELHAR,324.5,Nov-24,1,Domestic
MAMRE,6431.6,Nov-24,2,Small Power 1
BRACKENFELL INDUSTRIA,9838.9,Nov-24,6,Small Power 1
SCHAAP KRAAL,6332.1,Nov-24,11,Small Power 2
5 SYCAMORE CRES,105.1,Nov-24,1,Domestic
GOLDEN ACRE,28540.7,Nov-24,54,Home
FAME 8 SAXONSEA,287.4,Nov-24,1,Lifeline2
BELLVILLE,8323.8,Nov-24,18,Small Power 2
COURSER 34 ROBINVALE,185.2,Nov-24,1,Lifeline2
CURLEW 45 ROBINVALE,157.8,Nov-24,1,Domestic
GROENVALLEI     BELLVILLE,3378.8,Nov-24,10,Home
GLENLILY,11816.3,Nov-24,5,Small Power 1
BARLERIA 2 PROTEA PARK,425.5,Nov-24,1,Domestic
BEACONHILL,8567.6,Nov-24,17,Home
CAPRI,8091.4,Nov-24,18,Domestic
WINDSOR PARK ESTATE,6598.1,Nov-24,12,Small Power 2
DIEP RIVER,7090.1,Nov-24,16,Small Power 2
SPRINGBOKPARK,16395.3,Nov-24,31,Home
NIGHTINGALE 80 AVONDALE,542.7,Nov-24,1,Domestic
ROCKLANDS ,201.4,Nov-24,1,Lifeline2
DE TIJGER     PAROW,18497,Nov-24,36,Home
VASCO ESTATE,7173.3,Nov-24,40,Lifeline1
MORGENSTER,6635.4,Nov-24,18,Lifeline2
HARDEKRAALTJIE,3585.2,Nov-24,17,Lifeline2
STRAND ,6179.2,Nov-24,9,Home
GREENFIELDS,2994.1,Nov-24,22,Lifeline1
BERGZICHT     GOODWOOD,8855.5,Nov-24,36,Lifeline2
50 6TH AVE,179.4,Nov-24,1,Domestic
ARISTIA 3 PROTEA PARK,352.7,Nov-24,1,Domestic
LABIANCE    ,259.6,Nov-24,1,Home
GLENCAIRN,9607.5,Nov-24,37,Domestic
BIGNONIA 67 PROTEA PARK,523.7,Nov-24,1,Domestic
BELHAR EXT 21,1786.9,Nov-24,7,Lifeline1
PLATTEKLOOF GLEN     GOODWOOD,18019.8,Nov-24,43,Home
392 VOORTREKKER ROAD     GOODWOOD,1985,Nov-24,1,Small Power 2
ONVERWACHT - GORDONS BAY,10634.5,Nov-24,30,Home
NOTTINGHAM 175 SHERWOOD,609.7,Nov-24,1,Domestic
TOKAI,10465.1,Nov-24,38,Small Power 2
BELHAR EXT 20,2204.7,Nov-24,8,Lifeline1
PROTEA HEIGHTS,11252.5,Nov-24,21,Small Power 2
ELK 8 SHERWOOD,278.4,Nov-24,1,Domestic
CHURCHILL,4394.9,Nov-24,24,Lifeline1
GREENLANDS,2018.6,Nov-24,7,Home
CONISTON PARK,4359.1,Nov-24,22,Lifeline1
STRAND ,1823.6,Nov-24,14,Lifeline1
TUSCANY GLEN,3138,Nov-24,22,Lifeline1
GREENFIELDS     LWANDLE,1576.7,Nov-24,5,Domestic
LYSTER 68 ROBINVALE,366.8,Nov-24,1,Lifeline1
KESTREL WAY,234.1,Nov-24,2,Home
ROSEDALE - DURBANVILE,10802.7,Nov-24,40,Home
RETREAT INDUSTRIAL AREA,20032,Nov-24,46,Home
SEAWIND,1413.4,Nov-24,5,Domestic
VALHALLA PARK,8224.5,Nov-24,21,Home
BABBLERS 22 ROBINVALE,301.5,Nov-24,1,Domestic
NOTTINGHAM 86 SHERWOOD,429.4,Nov-24,1,Domestic
BRACKENFELL,34015.4,Nov-24,5,Small Power 1
PHILLIPI WEST,2237.7,Nov-24,8,Lifeline2
ROME,11988.4,Nov-24,26,Home
HOOP 94 SAXONSEA,134,Nov-24,1,Domestic
GUGULETU SOUTH,2122.6,Nov-24,11,Lifeline2
HOHENORT,64244.7,Nov-24,49,Home
WELGELEGEN,3804.2,Nov-24,9,Domestic
PAROW VALLEY,7742.9,Nov-24,2,Small Power 1
WETTON,6130.9,Nov-24,32,Lifeline1
VANGUARD,4024.2,Nov-24,17,Lifeline1
LLANDUDNO,4864.1,Nov-24,6,Domestic
MITCHELLS PLAIN CENTRE,10088.6,Nov-24,3,Small Power 1
ALPHEN,53893.6,Nov-24,47,Home
ROSEBANK,5444.6,Nov-24,18,Lifeline2
REDONDA HOF 11,416,Nov-24,1,Domestic
FAIRWAYS,4226.8,Nov-24,14,Domestic
VAN DER MERWE PARK,11780.2,Nov-24,25,Home
PALM LANE,1284.7,Nov-24,5,Lifeline2
TWIN PALMS,6857.4,Nov-24,35,Domestic
PIKKEWYN 3 ROBINVALE,94.6,Nov-24,1,Domestic
IMIZAMO YETHU,633.9,Nov-24,5,Home
KENSINGTON ,1705.6,Nov-24,3,Small Power 2
WESTRIDGE - MITCHELS PLA,2770.2,Nov-24,14,Lifeline1
SONNEKUIL,7276.5,Nov-24,25,Domestic
MONTREAL 130 BEACONHILL,244,Nov-24,1,Lifeline2
SEA WINDS,9935.5,Nov-24,22,Home
EDGEMEAD     GOODWOOD,3966.8,Nov-24,16,Domestic
THE VINES,35314.5,Nov-24,55,Home
PINEHURST KR,25776.6,Nov-24,50,Home
METEREN 16 AVONDALE,475.6,Nov-24,1,Domestic
EXT.19     BELHAR,1516.3,Nov-24,5,Domestic
RICHMOND ESTATE,6647.1,Nov-24,14,Small Power 2
5 TULIP STR,343.1,Nov-24,1,Domestic
HOUT BAY HARBOUR,16455.8,Nov-24,32,Home
MITCHELLS PLAIN CENTRE,1016.4,Nov-24,5,Lifeline2
KOMMETJIE,20070.8,Nov-24,42,Domestic
MONTEVIDEO,5229.4,Nov-24,18,Home
LOTUS RIVER CANAL,1957.7,Nov-24,18,Lifeline2
BELHAR EXT 18,190.5,Nov-24,1,Home
MAURITIUS 4 SAXONSEA,290.3,Nov-24,1,Domestic
PINATI ESTATE,5648.3,Nov-24,15,Small Power 2
OAKDENE,4549.7,Nov-24,16,Lifeline2
OUDE WESTHOF     BELLVILLE,15771.9,Nov-24,22,Home
NETREG,225.4,Nov-24,1,Domestic
HOOP 98 SAXONSEA,388.7,Nov-24,1,Domestic
ANTILLES/CAYMAN BEACH,9130.8,Nov-24,24,Home
BERGZICHT     GOODWOOD,8018.5,Nov-24,20,Home
HELDERBERG,1378.5,Nov-24,5,Lifeline2
SONSTRAAL     DURBANVILLE,23338.5,Nov-24,55,Home
LOTUS RIVER CANAL,2950.8,Nov-24,23,Lifeline1
NOORDHOEK,6599.9,Nov-24,25,Lifeline2
PROTEA VALLEY     BELLVILLE,214.4,Nov-24,1,Domestic
VREDEKLOOF,18365.9,Nov-24,14,Small Power 2
GERANIUM 20 PROTEA PARK,225.9,Nov-24,1,Lifeline2
BELLAIR,3308.3,Nov-24,12,Lifeline2
PELIKAN PARK(3),3705.5,Nov-24,12,Lifeline2
ERINVALE ESTATE,39686.6,Nov-24,61,Home
IKWEZI PARK,800.2,Nov-24,3,Lifeline2
OTTERY EAST,3173.6,Nov-24,15,Lifeline1
MITCHELLS PLAIN CENTRE,1560.5,Nov-24,7,Domestic
ROTTERDAM 84 AVONDALE,328.9,Nov-24,1,Domestic
SAREPTA,4025.4,Nov-24,6,Small Power 2
BROWN FARM,1344.8,Nov-24,4,Lifeline2
IMHOFF'S GIFT,14341.9,Nov-24,33,Home
LAKESIDE,8708.1,Nov-24,26,Lifeline2
NOOIENSFONTEIN,8157.8,Nov-24,19,Home
CAPE FARMS,22167.3,Nov-24,40,Home
CAPE TOWN CITY CENTE,4274.4,Nov-24,13,Domestic
VILLAGE 2A,2123.6,Nov-24,12,Lifeline1
VRYGROUND,564.3,Nov-24,1,Domestic
MANDELA PARK,973.2,Nov-24,6,Lifeline2
ROSEDALE,12615.5,Nov-24,40,Home
CAPE TOWN CITY CENTE,35937.7,Nov-24,8,Small Power 1
8TH AVENUE     RAVENSMEAD,634.2,Nov-24,2,Domestic
MONTAGUE GARDENS INDUSTRIAL,8722.4,Nov-24,19,Small Power 2
MEERMIN 116 AVONDALE,290.7,Nov-24,1,Domestic
PAROW SOUTH,2182.6,Nov-24,8,Domestic
TOKAI,6766.1,Nov-24,20,Lifeline2
BELLVILLE SOUTH   ,460,Nov-24,1,Domestic
DURBANVILLE,7785.3,Nov-24,38,Lifeline1
COLINE WILLIAMS ST,101.4,Nov-24,1,Domestic
BELLVILLE SOUTH     ,379.4,Nov-24,1,Lifeline1
VILLAGE 2B - KHAYELITSHA,406.3,Nov-24,4,Domestic
4 GROVE ST,98.2,Nov-24,1,Lifeline2
LWANDLE,2487.1,Nov-24,8,Small Power 2
HEATHERDALE,5769.4,Nov-24,17,Home
16 TULIP ST,235.3,Nov-24,1,Domestic
RONDEBOSCH,33517.5,Nov-24,10,Small Power 1
MARLOW,1255.4,Nov-24,8,Lifeline1
24 CONRAD ROAD,336.6,Nov-24,1,Domestic
GUGULETHU,1378.6,Nov-24,10,Lifeline1
SILVERGLADE,16399.6,Nov-24,43,Home
ATHLONE ,390.4,Nov-24,1,Domestic
ROYAL VILLAS,375.6,Nov-24,2,Domestic
NEW SCHEME,1330.9,Nov-24,5,Lifeline2
BLOEMHOF STREET,2541.4,Nov-24,8,Lifeline2
PEERS HILL,16533.2,Nov-24,39,Home
NEW SCHEME,1568.8,Nov-24,9,Lifeline1
KIRSTENHOF(1),6821.4,Nov-24,12,Small Power 2
ONVERWACHT - GORDON'S BAY,4628.4,Nov-24,17,Home
BEL'AIRE,34748.7,Nov-24,59,Home
UITZICHT     DURBANVILLE,15334.2,Nov-24,23,Home
GROENVALLEI,6455.4,Nov-24,22,Lifeline2
SOMERSET PARK,16377.7,Nov-24,33,Home
EVERSDAL HEIGHTS,784.3,Nov-24,5,Lifeline1
NAPOLEON 20 SAXONSEA,79.3,Nov-24,1,Domestic
ELK 5 SHERWOOD,104.3,Nov-24,1,Domestic
VALHALLA PARK ,111.4,Nov-24,1,Small Power 2
GOEDEHOOP 47 SAXONSEA,652.7,Nov-24,1,Domestic
NKELEKETHA RD,1796.2,Nov-24,8,Lifeline2
57 JOHNSTON AVE,339.3,Nov-24,1,Domestic
1 5TH AVE,235.6,Nov-24,1,Domestic
DIEPRIVIER,20512.5,Nov-24,6,Small Power 1
CRAWFORD,4640.4,Nov-24,20,Lifeline1
SIMONSTOWN,5867.8,Nov-24,27,Domestic
STIKLAND,9411.4,Nov-24,20,Small Power 2
SUNSET BOULEVARD,962.7,Nov-24,4,Domestic
Scottsdene ,1079.9,Nov-24,4,Domestic
DE HOOP,487.7,Nov-24,1,Home
WELGELEE,5769.9,Nov-24,28,Domestic
SUMMER GREENS,7863.9,Nov-24,5,Small Power 1
BELGRAVIA ESTATE,1864.1,Nov-24,6,Domestic
MILLER RD,246.7,Nov-24,1,Home
PROTEA VALLEY     BELLVILLE,3631.3,Nov-24,8,Home
ELSIES RIVER INDUSTRIAL,3931.4,Nov-24,3,Small Power 1
5TH AVENUE     PAROW,1741.2,Nov-24,6,Lifeline2
LANGA ,405.4,Nov-24,4,Domestic
MAMRE,6095.2,Nov-24,6,Small Power 2
WELLWAY PARK EAST,1269.1,Nov-24,4,Domestic
THYS WITBOOI RD,274.2,Nov-24,2,Domestic
BLOEMHOF STOCK,2672.6,Nov-24,20,Lifeline1
9 COLIN WILLIAMS ST,165.7,Nov-24,1,Domestic
DE TUIN,6305,Nov-24,26,Domestic
HEINS PARK,237.2,Nov-24,1,Domestic
DIEPRIVIER,8284.3,Nov-24,30,Lifeline2
DE LA HAYE,11468.5,Nov-24,4,Small Power 1
EDGEMEAD,11924.5,Nov-24,50,Lifeline1
STIKLAND INDUSTRIA,22843,Nov-24,8,Small Power 1
OTTERY,25237.1,Nov-24,10,Small Power 1
GLENLILY,6576.4,Nov-24,29,Lifeline1
RYLANDS/DOORNHOOGTE,4129.5,Nov-24,16,Lifeline2
GOODWOOD ESTATE,6770.3,Nov-24,34,Lifeline1
TAMBOERSKLOOF,6526.5,Nov-24,21,Lifeline2
DEEPFREEZE,2395,Nov-24,15,Lifeline1
ZEEKOEVLEI,5865,Nov-24,17,Lifeline2
8 CARR ST,228.8,Nov-24,1,Domestic
CLUB HOUSE,501,Nov-24,1,Home
NEW CROSS ROADS,781.8,Nov-24,4,Domestic
SUN VALLEY,9238.7,Nov-24,32,Lifeline2
VILLA PAMA,2733.8,Nov-24,17,Domestic
VALHALLA PARK ,641,Nov-24,3,Lifeline1
EIKENBOSCH KUILS RIVER,15283.5,Nov-24,46,Home
HATTON,8129.9,Nov-24,11,Small Power 2
KENEVER,440.3,Nov-24,2,Domestic
PHASE 3,610.4,Nov-24,4,Domestic
SUNSET LINKS,34126.8,Nov-24,49,Home
GHIKA 62 SAXONSEA,391.5,Nov-24,1,Domestic
CONSTANTIA,13959.9,Nov-24,23,Small Power 2
VREDEHOEK,15245,Nov-24,6,Small Power 1
BELHAR EXT 22,1504.6,Nov-24,3,Home
PINEHURST,9850.8,Nov-24,29,Lifeline1
NERINA 21 PROTEA PARK,518.7,Nov-24,1,Domestic
BENNO PARK,5883.8,Nov-24,14,Home
ERF 12315,251.7,Nov-24,1,Domestic
SUNRAY,2622.3,Nov-24,11,Domestic
VAN RYNEVELD,11654,Nov-24,30,Home
CAPE FARMS - DISTRICT C,580.2,Nov-24,1,Small Power 2
PROTEA HOOGTE,8815.6,Nov-24,26,Lifeline2
STRAND HALT,4485.6,Nov-24,14,Home
THYS-WITBOOI RD,770.4,Nov-24,1,Domestic
BELVEDERE NOORDHOEK,1712.6,Nov-24,7,Domestic
IRESINE 3 PROTEAPARK,451.2,Nov-24,1,Domestic
GALTONIA 17 PROTEA PARK,514.6,Nov-24,1,Lifeline2
HEIDEVELD,9158.1,Nov-24,5,Small Power 1
EIKENBOSCH,2073.3,Nov-24,10,Domestic
PANORAMA,5445.4,Nov-24,33,Domestic
KENRIDGE HEIGHTS,23655.6,Nov-24,42,Home
PAROW NORTH,8853.3,Nov-24,16,Small Power 2
DEERLODGE 31 SHERWOOD,230.2,Nov-24,1,Domestic
STEENBERG GOLF ESTATE,2642.1,Nov-24,8,Lifeline2
BELLVILLE SOUTH   ,289.9,Nov-24,1,Lifeline2
WINSOR ESTATE,7942.3,Nov-24,26,Lifeline2
SEA BREEZE PARK,3849.5,Nov-24,15,Domestic
MONTE VISTA,6842.8,Nov-24,21,Lifeline2
SHERATON PARK,3278.1,Nov-24,18,Lifeline1
PROTEA PARK - GORDON'S BAY,2242.7,Nov-24,7,Home
WESTRIDGE HEIGHTS,1283.3,Nov-24,7,Domestic
EXT 21     BELHAR,2162.7,Nov-24,7,Lifeline2
EXT 20     BELHAR,2366.3,Nov-24,9,Lifeline2
ELSIES RIVER INDUSTRIA,8308.5,Nov-24,14,Small Power 2
HEATHFIELD 72 PROTEAPARK,159.1,Nov-24,1,Lifeline2
MASIPHUMELE  SITE -5,2689.9,Nov-24,11,Lifeline2
DRURY RD,456.9,Nov-24,3,Domestic
BELLVILLE,1649.2,Nov-24,12,Lifeline1
PANORAMA     PAROW,27123.2,Nov-24,45,Home
ALPINE PARK,416.3,Nov-24,1,Lifeline2
K.T.C.,481.6,Nov-24,2,Lifeline1
TABLE MOUNTAIN RESERVE,29807.1,Nov-24,32,Home
CAWDOR 11 SAXONSEA,574.8,Nov-24,1,Domestic
BELLVILLE SOUTH,7270.7,Nov-24,4,Small Power 1
OAKDALE(2),7281.7,Nov-24,19,Domestic
DENNENDAL,27258.1,Nov-24,45,Home
ATHLONE NORTH,879.4,Nov-24,14,Domestic
EVERITE INDUSTRIA,4916.9,Nov-24,25,Lifeline1
LANGEBERG RIDGE,5845.5,Nov-24,8,Small Power 2
BERGVLIET,4400.4,Nov-24,12,Lifeline2
STRAND HALT,5029.3,Nov-24,5,Small Power 1
N1 CITY,8644,Nov-24,15,Home
MELKBOSCHSTRAND,21315.7,Nov-24,10,Small Power 1
WELLWAY PARK,12118.9,Nov-24,23,Home
THABO MBEKI EAST,1321.5,Nov-24,8,Lifeline2
MILNERTON,2113.6,Nov-24,13,Lifeline1
COLY LANE 4 ROBINVALE,144.7,Nov-24,1,Lifeline2
FAME 16 SAXONSEA,412.8,Nov-24,1,Domestic
TYGERVALLEY WATERFRNT,7637.9,Nov-24,33,Home
AVONDALE - WESFLEUR,10854.2,Nov-24,3,Small Power 1
SEA POINT ,5802.5,Nov-24,22,Home
CANARA 16 SHERWOOD,113.1,Nov-24,1,Domestic
DURBANVALE     DURBANVILLE,28739.5,Nov-24,48,Home
BARCELONA,2843.6,Nov-24,9,Domestic
VAN RIEBEECKSHOF     BELLVILLE,21401.6,Nov-24,44,Home
NYANGA,28172.9,Nov-24,2,Small Power 1
BUFFELSNEK 7 SHERWOOD,299.8,Nov-24,1,Domestic
SUNRAY,2354.2,Nov-24,4,Home
STRAND INDUSTRIA,7526.6,Nov-24,21,Small Power 2
PROTEA VILLAGE,4375,Nov-24,16,Lifeline2
GUGULETU                  ,752,Nov-24,3,Lifeline1
STRAND ,1839.4,Nov-24,7,Domestic
HOSTEL TO HOMES,1336,Nov-24,9,Lifeline2
BELLVILLE SOUTH EXT.7,672.4,Nov-24,2,Lifeline2
FAIRWAYS,8196.6,Nov-24,25,Lifeline2
KALKSTEENFONTEIN,8920.9,Nov-24,16,Home
LAKESIDE,9793.5,Nov-24,16,Small Power 2
DIANE 13 SAXONSEA,216.9,Nov-24,1,Domestic
JACONA 78 ROBINVALE,252.1,Nov-24,1,Domestic
PEACOCK CLOSE,2888.7,Nov-24,7,Domestic
BINGA 4 SHERWOOD,380.7,Nov-24,1,Domestic
SILVERHURST,47093.7,Nov-24,50,Home
DELFT,1872.5,Nov-24,16,Lifeline1
VOELVLEI,1686.1,Nov-24,10,Domestic
PELICAN PARK,240.5,Nov-24,2,Domestic
FISH HOEK,11347.2,Nov-24,8,Small Power 1
ELSIES RIVER INDUSTIA,9256.8,Nov-24,14,Small Power 2
PLATTEKLOOF GLEN,4804.3,Nov-24,18,Domestic
MALGAS 43 ROBINVALE,73.7,Nov-24,1,Domestic
TURF HALL ESTATE,4120.3,Nov-24,11,Lifeline2
ARNOLDSTRAAT 9,3747.4,Nov-24,15,Lifeline2
SIMONS TOWN,7809.3,Nov-24,26,Domestic
ROUNDHAY,17617.4,Nov-24,16,Small Power 2
POLLUX WAY,178.5,Nov-24,1,Lifeline1
CHRIS NISSENPARK,889.9,Nov-24,6,Lifeline1
DUYNEFONTEIN,1667.5,Nov-24,7,Domestic
PLUMSTEAD ,7580,Nov-24,6,Small Power 2
ANNANDALE,2640.5,Nov-24,10,Domestic
BELHAR,1312.7,Nov-24,8,Small Power 2
MITCHELL'S PLAIN ,353.5,Nov-24,1,Domestic
GAZONIA 13 PROTEA PARK,207.7,Nov-24,1,Domestic
RUSTHOF,3367,Nov-24,7,Home
GORDON.S BAY,1455.1,Nov-24,5,Lifeline2
ETX 22     BELHAR,436.8,Nov-24,1,Domestic
STRANDFONTEIN,9742,Nov-24,4,Small Power 1
TAFELBERG RD,75.4,Nov-24,1,Domestic
KOMMETJIE,5393.9,Nov-24,18,Lifeline2
NEW WOODLANDS,347.6,Nov-24,4,Small Power 2
TAMBOERSKLOOF,6217.6,Nov-24,2,Small Power 1
ERIC WAY,828.2,Nov-24,3,Lifeline2
OAK GLEN,6570.5,Nov-24,2,Small Power 1
HYDRANGEA 34 PROTEA PARK,495.6,Nov-24,1,Domestic
CAREY PARK,2939.2,Nov-24,8,Lifeline2
OTTERY EAST,13600.7,Nov-24,22,Small Power 2
PHUMLANI VILLAGE,1565.4,Nov-24,4,Domestic
SOUTH PENINSULA,2045.7,Nov-24,13,Lifeline1
KIRSTENHOF(1),2722.5,Nov-24,10,Domestic
PROTEAVILLE,22445.9,Nov-24,37,Home
KHORHAMER STR 45,151.6,Nov-24,1,Domestic
103 MERRYDALE AVE,220.1,Nov-24,1,Small Power 2
PHOENIX,4119.7,Nov-24,13,Lifeline2
NEWLANDS,20229.2,Nov-24,7,Small Power 1
AUDAS ESTATE,13625.1,Nov-24,25,Small Power 2
WOODLANDS - MITCHELLS PLAIN,3134,Nov-24,10,Small Power 2
BELHAR EXT 20,561.1,Nov-24,2,Small Power 2
EXT 3     MFULENI,493.4,Nov-24,3,Lifeline1
GOEDEHOOP,14206,Nov-24,38,Home
ROBSEND STREET     DURBANVILLE,4172.2,Nov-24,9,Home
ARAUNA,12785,Nov-24,14,Small Power 2
MAGNET 91 SAXONSEA,212.4,Nov-24,1,Lifeline1
BROWNS FARM,2276,Nov-24,8,Home
GREENLANDS     BELLVILLE SOUTH,1035.1,Nov-24,4,Domestic
PAROW VALLEY,4565.9,Nov-24,13,Lifeline2
ACACIA 97 PROTEA PARK,240.7,Nov-24,1,Lifeline2
LANGA ,1538.7,Nov-24,7,Lifeline2
COURSER 31 ROBINVALE,503.1,Nov-24,1,Lifeline2
MARINA DA GAMA,4412.5,Nov-24,22,Domestic
VILLA LA MONTAGNE,5971.9,Nov-24,16,Home
WELCOME ESTATE,2509.4,Nov-24,6,Small Power 2
DATURA 60 PROTEA PARK,364,Nov-24,1,Domestic
GORDON.S BAY,1652.9,Nov-24,9,Lifeline1
WELCOME EST,3519,Nov-24,9,Home
HAARLEM 11 AVONDALE,226.4,Nov-24,1,Domestic
CHANDOS 8 AVONDALE,1715.7,Nov-24,1,Domestic
PAROW EAST     PAROW,5760.8,Nov-24,11,Home
WYNBERG EAST,3913.9,Nov-24,14,Domestic
NEW WOODLANDS,1372,Nov-24,2,Small Power 1
MONTCLAIR,3688,Nov-24,15,Home
OOSTERZEE-BELLVILLE,8643.3,Nov-24,24,Home
WOODLANDS ,749.8,Nov-24,3,Home
MZAZI RD,1055.1,Nov-24,6,Lifeline2
CAWDOR 7 SAXONSEA,196.8,Nov-24,1,Domestic
WOODLANDSRYLAAN     PINEHURST,8246.4,Nov-24,33,Domestic
BELGRAVIA -BELLVILLE,2420.1,Nov-24,10,Domestic
PORTLAND ,537.3,Nov-24,2,Domestic
HIGHBURY PARK,2978.1,Nov-24,13,Lifeline2
CAWDOR 9 SAXONSEA,175.9,Nov-24,1,Lifeline1
KUILS RIVER,2983.5,Nov-24,7,Home
VREDEHOEK,6582.3,Nov-24,21,Lifeline2
LANGEBERG ROAD     DURBANVILLE,9798.3,Nov-24,18,Home
GUSTROUW,2331,Nov-24,5,Domestic
OAKDALE,6563.8,Nov-24,3,Small Power 1
DATURA 39,465.1,Nov-24,1,Lifeline2
MAITLAND VILLAGE GARDEN,2280.7,Nov-24,14,Lifeline1
LISBOA 27 SAXONSEA,175.8,Nov-24,1,Lifeline1
KLEINPLASIE,10916.1,Nov-24,26,Home
KEHRWEIDER 42 SAXONSEA,255.1,Nov-24,1,Domestic
PARKWOOD ,263.1,Nov-24,1,Domestic
DIEP RIVER,4625.5,Nov-24,15,Lifeline2
KUILSRIVIER SOUTH SMALLHO,1126.8,Nov-24,4,Lifeline2
HAZENDAL ESTATE,1719.1,Nov-24,4,Domestic
OCEAN VIEW ,787.7,Nov-24,4,Domestic
 PAROW,168.8,Nov-24,1,Domestic
BELGRAVIA ,1794.2,Nov-24,2,Domestic
SAMORA MACHEL,728.1,Nov-24,6,Lifeline1
ST MOTAGUE VILLAGE,550.4,Nov-24,1,Domestic
GARDENS,3570.2,Nov-24,17,Lifeline1
GRYGROND,453.5,Nov-24,1,Domestic
MARINDA HEIGHTS,1431.2,Nov-24,5,Lifeline2
MITCHELLS PLAIN,23722.4,Nov-24,4,Small Power 1
LANTANA 24 PROTEA PARK,446,Nov-24,1,Lifeline2
TOWNSEND ESTATE,4940.2,Nov-24,27,Lifeline1
SEARIDGE PARK,1302.9,Nov-24,4,Lifeline2
KLEIN WASSENAAR,20720.3,Nov-24,39,Home
NIGHTINGALE 39 AVONDALE,435.5,Nov-24,1,Lifeline2
BOSONIA,3413.1,Nov-24,15,Domestic
DWESA LANE 3 SHERWOOD,264.9,Nov-24,1,Lifeline2
PARKWOOD ESTATE,1364.6,Nov-24,3,Home
ROTTERDAM  STREET 28,152.5,Nov-24,1,Lifeline2
PHILIPPI WEST,1044.3,Nov-24,3,Home
PINELANDS,8512.7,Nov-24,28,Small Power 2
OOSTERLAND 13 AVONDALE,126.7,Nov-24,1,Domestic
GHIKA 82 SAXONSEA,441.7,Nov-24,1,Lifeline2
OAK GLEN     BELLVILLE,13664.7,Nov-24,32,Home
GORDON'S BAY CENTRAL,13324.4,Nov-24,31,Home
MALMESBURY FARMS(1),1351.5,Nov-24,2,Domestic
KERRIA 59 PROTEA PARK,497.2,Nov-24,1,Domestic
68 JUNIPER CRES,177.9,Nov-24,1,Domestic
LAVENDER HILL,2772.2,Nov-24,9,Small Power 2
MAU-MAU,738.3,Nov-24,4,Lifeline1
HELDERZICHT,3893.7,Nov-24,9,Home
MANDELA PARK,1166.1,Nov-24,4,Domestic
GREENWAYS,1843.2,Nov-24,1,Small Power 1
TAMBOERSKLOOF,10682.7,Nov-24,9,Small Power 2
BERG STREET,1432.6,Nov-24,4,Domestic
PLUMSTEAD ,10497.8,Nov-24,16,Home
MEADOWRIDGE,3437.8,Nov-24,12,Domestic
GORDON'S BAY,5904.5,Nov-24,15,Lifeline2
WESTRIDGE - SOMERSEWEST,14765.2,Nov-24,23,Home
KUILSRIVIER INDUSTRIA,2266.8,Nov-24,12,Small Power 2
ALBERTO 22,118.3,Nov-24,1,Domestic
GORDON STRAND,1855.8,Nov-24,13,Lifeline1
KRAAIFONTEIN INDUSTRY,930.9,Nov-24,3,Lifeline2
HARMONY PARK,1960.6,Nov-24,8,Home
BELLVILLE SUID     BELLVILLE,1776.2,Nov-24,6,Domestic
BROADLANDS,2300.4,Nov-24,10,Lifeline1
GROSVENOR 75 AVONDALE,167.7,Nov-24,1,Domestic
KEMPENVILLE,2845.9,Nov-24,15,Lifeline2
60 GILOI CRES,137.7,Nov-24,1,Home
NORTHWAY STREET     PAROW,265,Nov-24,1,Domestic
SAN MICHEL,498,Nov-24,3,Lifeline2
NOTTINGHAM 50 SHERWOOD,238.7,Nov-24,1,Domestic
PAROW SOUTH,1062,Nov-24,4,Lifeline2
HYDE PARK,3066.4,Nov-24,10,Home
LA NGA,347.6,Nov-24,1,Domestic
LOUMAR,6059.5,Nov-24,25,Domestic
BELTHORN ESTATE,3129.7,Nov-24,13,Small Power 2
SILVERGLADE,1835.2,Nov-24,8,Domestic
VICTORIA STREET     VRIJZEE,2269.7,Nov-24,11,Home
KALK BAY,11465,Nov-24,8,Small Power 2
74 JUNIPER CRES,211,Nov-24,1,Domestic
MURDOCK VALLEY,14303.8,Nov-24,35,Home
MEADOWRIDGE,1806.3,Nov-24,8,Lifeline2
COLORADO PARK ,1820.4,Nov-24,5,Domestic
MITCHELLS PLAIN CENTRE,1215.3,Nov-24,8,Lifeline1
JACONA 35 ROBINVALE,575.6,Nov-24,1,Domestic
AVONDALE,2939.3,Nov-24,6,Home
GUGULETHU,1990.6,Nov-24,5,Domestic
PHOENIX,1093.1,Nov-24,2,Small Power 1
SHASTA 1,637,Nov-24,1,Domestic
ROCKLANDS ,1580.2,Nov-24,5,Domestic
FAIRFIELD,3427.3,Nov-24,23,Lifeline1
PHILLIPI WEST,1785.4,Nov-24,6,Lifeline1
ZEVENWACHT COUNTRYSTATE,10406.9,Nov-24,16,Home
ROYAL ASCOT,15421.9,Nov-24,32,Domestic
HIGHBURY PARK,1756.7,Nov-24,1,Small Power 1
CAFDA,1111.7,Nov-24,5,Domestic
TAXI SITE,807.9,Nov-24,4,Lifeline2
SONSTRAAL HEIGHTS,6870.3,Nov-24,37,Lifeline1
ATHLONE CENTRAL,232.6,Nov-24,2,Domestic
13TH AVE,714.4,Nov-24,2,Lifeline2
BELTHORN ESTATE,3229.4,Nov-24,12,Lifeline1
BEACON VALLEY,8144,Nov-24,5,Small Power 1
TABLE MOUNTAIN RESERVE,788.2,Nov-24,4,Lifeline1
AVONSTIL,3462.8,Nov-24,9,Home
RONDEVLEI PARK ,462.6,Nov-24,1,Home
8 PETUNIA ST,435.5,Nov-24,1,Domestic
TURF HALL ESTATE,1463.8,Nov-24,8,Lifeline1
LINCOLN ESTATE,641.1,Nov-24,2,Home
VYGIESKRAAL,1117.8,Nov-24,3,Domestic
GUGULETU ,1180.6,Nov-24,7,Domestic
FERNDALE,8606.8,Nov-24,1,Small Power 1
FORRIDON RD,330.5,Nov-24,1,Small Power 2
VYGIESKRAAL,767.5,Nov-24,5,Lifeline1
ZEELAND 86 EXT13 SAXONSEA,418.8,Nov-24,1,Domestic
KOMMETJIE,3024,Nov-24,23,Lifeline1
FALCON 6 ROBINVALE,389.8,Nov-24,1,Domestic
MOUNTAINVIEW,1414.8,Nov-24,1,Small Power 2
BEACON HILL,2202.1,Nov-24,13,Lifeline1
JOE SLOVO ,3139.8,Nov-24,5,Domestic
MONTE VISTA     GOODWOOD,2644.9,Nov-24,7,Domestic
43 FIRST AVENUE,2120.3,Nov-24,7,Home
PHILLIPI WEST,1420.8,Nov-24,4,Domestic
MANENBERG ,1568.2,Nov-24,4,Domestic
BONNIE BRAE,3236.1,Nov-24,18,Lifeline1
32 ZOLI MALINDI,303.9,Nov-24,1,Domestic
GOLIATH ESTATE,1519.9,Nov-24,4,Home
FALSE BAY COASTAL PRK,455.2,Nov-24,1,Domestic
PAROW ,1211.1,Nov-24,6,Lifeline1
PROTEA HOOGTE,3664.5,Nov-24,16,Lifeline1
WATERLOO 5 EXT13 SAXONSEA,321.5,Nov-24,1,Lifeline2
GUGULETU SOUTH,2039.7,Nov-24,16,Lifeline1
MANSFIELD INDUSTRIA,4147.7,Nov-24,15,Small Power 2
HOOP 52 SAXONSEA,250.8,Nov-24,1,Domestic
BLOEMHOF STREET,2245.1,Nov-24,13,Lifeline1
ERIC HEWU,965.4,Nov-24,3,Lifeline2
CONISTON PARK,1398.2,Nov-24,2,Small Power 2
EMAZIZINI RD,1333.8,Nov-24,8,Lifeline2
ISLAND 11 AVONDALE,59.1,Nov-24,1,Domestic
VREDEHOEK,3809.8,Nov-24,18,Lifeline1
MAGNET 105 SAXONSEA,121.8,Nov-24,1,Domestic
OAKDALE,4175.7,Nov-24,13,Lifeline2
NYANGA ,1201.1,Nov-24,9,Lifeline1
BRACKENFELL,4697.2,Nov-24,15,Lifeline2
ERF 6690     GOODWOOD,154.5,Nov-24,1,Home
PAROW GOLF ESTATE,3402.8,Nov-24,14,Domestic
MONTANA/DURRHEIM,1864.6,Nov-24,9,Lifeline1
SEAWINDS,1016,Nov-24,1,Small Power 2
SHAREDON PARK,1603.6,Nov-24,5,Domestic
BELHAR EXT 18,1762.4,Nov-24,9,Lifeline1
ORANJEZICHT,14505.2,Nov-24,12,Small Power 2
LYSTER 27 ROBINVALE,344.8,Nov-24,1,Domestic
BELTHORN ESTATE,6541.9,Nov-24,1,Small Power 1
KIRSTENHOF,8913.3,Nov-24,13,Small Power 2
BISKOP MARX STREET 2,405.1,Nov-24,1,Lifeline2
LAKESIDE,5153.5,Nov-24,26,Lifeline1
IMIZAMO-YETHU,1767.5,Nov-24,4,Domestic
TOKAI,34260.3,Nov-24,7,Small Power 1
SHELLY 7 AVONDALE,139.2,Nov-24,1,Lifeline2
ERF 50821,669.1,Nov-24,1,Domestic
GOEDEMOED,3744.4,Nov-24,19,Lifeline2
HORGENS VILLAGE,165.3,Nov-24,1,Lifeline2
WINDSOR PARK ESTATE,10997.6,Nov-24,3,Small Power 1
HOOP 29A EXT13 SAXONSEA,653.3,Nov-24,1,Domestic
GUGULETU SOUTH,792.7,Nov-24,3,Domestic
WESTLAKE ESTATE,2065.3,Nov-24,13,Lifeline1
VREDENBERG,622.1,Nov-24,3,Domestic
FRESNAYE,16562.1,Nov-24,27,Domestic
GEORGEPARK,13646,Nov-24,3,Small Power 2
BELLVILLE SOUTH EXT.5,1922.5,Nov-24,7,Lifeline2
RONDEVLEI PARK ,1102.5,Nov-24,3,Domestic
MARINDA HEIGHTS,4795.8,Nov-24,10,Home
LAS VEGAS,2391,Nov-24,7,Domestic
BOUNA 21 SHERWOOD,159.3,Nov-24,1,Domestic
MONTAGU.S GIFT,7519.3,Nov-24,16,Home
VREDEHOEK,6692.5,Nov-24,22,Small Power 2
PEERLESS PARK WEST,2602.4,Nov-24,14,Lifeline1
DURBELL,22108.5,Nov-24,32,Home
59602,292,Nov-24,1,Domestic
MAYNARD RD,715.3,Nov-24,1,Small Power 2
CURLEW 36 ROBINVALE,285.8,Nov-24,1,Domestic
SANTA CRUZ 65,72.9,Nov-24,1,Home
MULLER RD,514.7,Nov-24,2,Home
MOSSIE 66 ROBINVALE,85.7,Nov-24,1,Domestic
ROBINVALE,2105.9,Nov-24,5,Small Power 2
NOORDHOEK,3925.7,Nov-24,20,Lifeline1
DWESA 15 SHERWOOD,358.6,Nov-24,1,Domestic
KLEIN ZEVENWACHT,25080.2,Nov-24,22,Home
MVULA ST,430.6,Nov-24,3,Domestic
COSTA DA GAMA/CAPRICORN/VRYGROND,2234.9,Nov-24,12,Lifeline1
OAKGLEN,3349.8,Nov-24,7,Small Power 2
FIGILANTE 71 SAXONSEA,480.1,Nov-24,1,Domestic
ORANJEZICHT,3370.9,Nov-24,9,Lifeline2
ZEELAND 33 EXT13 SAXONSEA,493.1,Nov-24,1,Lifeline2
239 SIXTH AVENUE,1643.1,Nov-24,6,Lifeline2
TYGERHOF,211.5,Nov-24,1,Lifeline2
EVERITE INDUSTRIA,15537.3,Nov-24,6,Small Power 1
VICTORIA PARK,3495.1,Nov-24,11,Domestic
MONTAGU.S GIFT,4013.7,Nov-24,9,Domestic
EDENPARK,8663,Nov-24,28,Domestic
DATURA 50 PROTEA PARK,324.7,Nov-24,1,Domestic
PENELOPE 20 AVONDALE,375.4,Nov-24,1,Lifeline2
GOEDEHOOP 17 SAXONSEA,460,Nov-24,1,Domestic
BOSBELL,2697.4,Nov-24,11,Domestic
WINSLOW,9882.6,Nov-24,2,Small Power 1
HATTON,15356.3,Nov-24,3,Small Power 1
MAGNET 43 SAXONSEA,223.7,Nov-24,1,Lifeline2
DIEP RIVER,5458.7,Nov-24,3,Small Power 1
PUNTS ESTATE,8023.1,Nov-24,17,Home
ATHLONE  ,6776.9,Nov-24,14,Home
NOVA CONSTANTIA,37999.4,Nov-24,33,Home
GULDENLAND,2787.7,Nov-24,16,Lifeline1
GLENCAIRN,5077.3,Nov-24,16,Lifeline2
BARLERIA 11 PROTEA PARK,481.7,Nov-24,1,Lifeline2
WESTFLEUR,247,Nov-24,1,Domestic
ROSENPARK,5172.2,Nov-24,15,Small Power 2
245 SIXTH AVENUE,1625.3,Nov-24,7,Lifeline1
EPPING FOREST,585.8,Nov-24,1,Domestic
ATLANTIS INDUSTRIAL,1770.8,Nov-24,7,Home
VREDEKLOOF HEIGHTS,12213,Nov-24,7,Small Power 2
ORANGE RD,315.7,Nov-24,1,Lifeline1
KEMPENVILLE,11375.7,Nov-24,6,Small Power 1
GOODWOOD CENTRAL,4136.1,Nov-24,12,Domestic
DIEPRIVIER,3876.7,Nov-24,20,Lifeline1
NOTTINGHAM 117 SHERWOOD,385.9,Nov-24,1,Domestic
SCHOTSCHEKLOOF,5822.3,Nov-24,15,Small Power 2
44 SHEIGH HASSAN,592.9,Nov-24,1,Domestic
MVULA ST,887.6,Nov-24,4,Lifeline2
FROGMORE ESTATE,1784.6,Nov-24,8,Lifeline2
DARTERS 20 ROBINVALE,693.9,Nov-24,1,Domestic
SOETWATER WEG,738.9,Nov-24,5,Lifeline1
LOST CITY,810.7,Nov-24,4,Lifeline1
LTA HOSTEL,1737.1,Nov-24,15,Lifeline1
BEACONVALE,8248.7,Nov-24,15,Home
SUNNYDALE,24111.8,Nov-24,12,Small Power 1
DANARAND,2858.3,Nov-24,6,Domestic
STELLENRIDGE ,192.1,Nov-24,2,Home
NOORDHOEK,25801,Nov-24,7,Small Power 1
MITCHELLS PLAIN CENTRE,2278.9,Nov-24,7,Home
MELKBOSSTRAND,16062.4,Nov-24,23,Home
KENT 132 SAXONSEA,257.2,Nov-24,1,Domestic
KARBONKEL RD,641.3,Nov-24,3,Lifeline2
ALBATROSS 32 ROBINVALE,237.8,Nov-24,1,Domestic
RIDGEWORTH,4322.2,Nov-24,19,Domestic
ROUXVILLE KR,6141.1,Nov-24,13,Home
LOST CITY,1259.1,Nov-24,5,Lifeline2
ALBERTO 33 AVONDALE,166.7,Nov-24,1,Domestic
ELSIES RIVER,685.1,Nov-24,2,Small Power 2
CHRIS HANI ST,827,Nov-24,1,Domestic
FISKAAL 33 ROBINVALE,287.7,Nov-24,1,Domestic
MELKBOSCH STRAND,6196.7,Nov-24,24,Domestic
BABBLERS 12 ROBINVALE,127.6,Nov-24,1,Lifeline2
MORNING STAR     DURBANVILLE,1112.2,Nov-24,2,Domestic
SUMMERVILLE,2165.7,Nov-24,5,Home
GREENLANDS     BELLVILLE SOUTH,1536.9,Nov-24,5,Lifeline2
LANG AVE 49,276.9,Nov-24,1,Lifeline2
WINDSOR PARK ESTATE,5675.2,Nov-24,15,Lifeline2
MORGENSTER,3914.1,Nov-24,2,Small Power 2
VAN DER STEL,4265.5,Nov-24,9,Small Power 2
GARDENS,5997,Nov-24,23,Lifeline2
DA GAMA PARK,2663.2,Nov-24,10,Lifeline2
ZEVENWACHT FARM VILAGE,5564.1,Nov-24,19,Home
119 SIXTH AVENUE,1964.4,Nov-24,8,Domestic
BUNTING 95 ROBINVALE,454.8,Nov-24,1,Lifeline2
DEERLODGE 47 SHERWOOD,117.1,Nov-24,1,Domestic
DE GOEDE HOOP,2271.9,Nov-24,8,Domestic
KUILSRIVIER INDUSTRA,3148.5,Nov-24,12,Small Power 2
PORTLANDS,3915.5,Nov-24,2,Small Power 1
UNKNOWN,6157.6,Nov-24,15,Home
SCOTTSVILLE ,1259.4,Nov-24,2,Domestic
SARDIA SHOPPING CENTRE,84.5,Nov-24,1,Domestic
WINGFIELD,1267.3,Nov-24,4,Domestic
VOORTREKKER ROAD     GOODWOOD,850.2,Nov-24,3,Domestic
BELGRAVIA -BELLVILLE,7923.4,Nov-24,17,Home
HYDRANGEA 10 PROTEA PARK,477.9,Nov-24,1,Lifeline2
STEVE BIKO CLOSE,161.6,Nov-24,1,Domestic
GROSVENOR 35 AVONDALE,309.1,Nov-24,1,Domestic
HYDE PARK,2043.4,Nov-24,4,Domestic
17 STORK ST,440.1,Nov-24,1,Lifeline2
2B2,1330.3,Nov-24,5,Lifeline2
CAMPS BAY,22551,Nov-24,27,Domestic
FUCHSIA 19,379.2,Nov-24,1,Lifeline2
MOWBRAY,4176.7,Nov-24,16,Lifeline2
105 FIRST AVENUE,3801.5,Nov-24,15,Home
ELSIES RIVER INDUSTRIAL,3360.2,Nov-24,7,Home
PARKWOOD ESTATE,1224.8,Nov-24,8,Lifeline1
DENNENDAL,3441.6,Nov-24,8,Domestic
AVION VILLAS,4027.7,Nov-24,12,Home
MIDDELBURG 42 SAXONSEA,282.7,Nov-24,1,Domestic
SEA WINDS,1308.4,Nov-24,2,Small Power 2
ALBERTO 17 AVONDALE,376.6,Nov-24,1,Lifeline2
OAKDENE,2410.8,Nov-24,13,Lifeline1
BORCHERDS QUARRY RD,1834.1,Nov-24,13,Lifeline1
PHILIPPI,11568.3,Nov-24,3,Small Power 1
VERGESIG     DURBANVILLE,11977.2,Nov-24,20,Home
ERF 50221,176.7,Nov-24,1,Lifeline1
GREENWAYS,3394,Nov-24,6,Small Power 2
LILLYDALE,5426.1,Nov-24,18,Home
WESFLEUR,950.5,Nov-24,4,Home
PLATTEKLOOF 3,3825.4,Nov-24,7,Small Power 2
WESTGATE,2433.8,Nov-24,8,Lifeline2
PELIKAN PARK  ,338.8,Nov-24,1,Domestic
SUMMER GREENS,4487.6,Nov-24,20,Lifeline1
EDGEMEAD ,9133.4,Nov-24,16,Home
EXT 4     MFULENI,1247.1,Nov-24,4,Lifeline2
PARKWOOD ,969.3,Nov-24,4,Lifeline1
7 MARTIN RD,356.4,Nov-24,1,Domestic
HLAZO VILLAGE,1090.6,Nov-24,5,Lifeline2
DURBANVILLE EXT.37,11707.9,Nov-24,26,Home
MORGANSTER VILLAGE,237.5,Nov-24,1,Domestic
24 DAISY CRES,400.1,Nov-24,1,Domestic
46 JUNIPER CRES,378.9,Nov-24,1,Lifeline2
BONTEHEUWEL  ,1268,Nov-24,3,Domestic
DISA 33 PROTEA PARK,376,Nov-24,1,Lifeline2
ELK 39 SHERWOOD,428.4,Nov-24,1,Domestic
FERNDALE,4579.1,Nov-24,3,Small Power 2
GAYLANDS,7741.9,Nov-24,8,Home
HOOP 96,349.5,Nov-24,1,Lifeline2
HOUT BAY ,15310.7,Nov-24,31,Home
ISLAND 34 AVONDALE,221.9,Nov-24,1,Lifeline2
LANGEBERG VILLAGE,14767.2,Nov-24,29,Home
MASIPHUMELE  SITE -,1721.1,Nov-24,9,Lifeline2
RUYTERWACHT,9795.9,Nov-24,18,Home
ST MONTAGUE VILLAGE,1117.5,Nov-24,6,Lifeline1
WINDERMERE,1376.3,Nov-24,3,Small Power 2
NAMAQUA 12 SAXONSEA,224.9,Nov-24,1,Domestic
MORGENRIDGE,723.6,Nov-24,1,Domestic
BRACKENFELL,4050.4,Nov-24,26,Lifeline1
CHRIS NISSEN PARK,798.7,Nov-24,5,Lifeline1
AVONDALE     PAROW,6849,Nov-24,14,Home
SITHEMBELE MATISO,329.4,Nov-24,1,Domestic
GLENORA,4146.3,Nov-24,9,Home
EVERITE INDUSTRIA,3355.7,Nov-24,21,Domestic
 MFULENI,661.1,Nov-24,2,Domestic
TEMPERANCE TOWN,2205,Nov-24,8,Home
CAFDA VILLAGE,2180.1,Nov-24,8,Home
LYSTER 85 ROBINVALE,726.4,Nov-24,1,Domestic
WESTRIDGE - MITCHELS PLAIN,2445.9,Nov-24,10,Home
NEWFIELDS,15694.8,Nov-24,6,Small Power 1
SCARBOROUGH,956.5,Nov-24,5,Lifeline2
MITCHELS PLAIN,1446,Nov-24,4,Domestic
BLACKBIRD AVE,945.6,Nov-24,4,Lifeline2
DE BRON     BELLVILLE,6308.8,Nov-24,10,Home
AIRPORT INDUSTRIA,1779.7,Nov-24,11,Lifeline2
GOODWOOD ,1142.2,Nov-24,4,Home
KLEINBOS,4331.3,Nov-24,14,Home
SONEIKE II,1177.6,Nov-24,1,Small Power 2
GREENLANDS  ,482.3,Nov-24,1,Domestic
GORDON HEIGHTS,10719.8,Nov-24,25,Home
ZEEKOEIVLEI,3030,Nov-24,10,Lifeline2
CLAMHALL,1882.5,Nov-24,7,Lifeline2
LYSTER 95 ROBINVALE,599.2,Nov-24,1,Lifeline2
MITCHELLS PLAIN CBD,2681.7,Nov-24,5,Home
DATURA 8 PROTEA PARK,330.3,Nov-24,1,Lifeline2
UKNOWN     MFULENI,940.6,Nov-24,7,Lifeline2
LA ROCHELLE,2253.2,Nov-24,8,Domestic
BELGRAVIA -BELLVILL,6578,Nov-24,14,Home
5 GILOI CRES,385,Nov-24,1,Domestic
NORTHWAY STREET     PAROW,554.8,Nov-24,2,Lifeline2
SPANISH FARM,26219,Nov-24,28,Home
BELHAR EXT 23,2135.9,Nov-24,4,Home
84 THORN,200.2,Nov-24,1,Domestic
SIMON.S TOWN,11883.1,Nov-24,28,Home
BELLVILLE EXT.36,351.3,Nov-24,1,Lifeline2
EXT 6     MFULENI,3130.5,Nov-24,5,Domestic
EVERITE INDUSTRIA,8116.7,Nov-24,17,Home
SILVER CITY,1305.6,Nov-24,7,Lifeline2
KLEINBOSCH     PAROW,9777,Nov-24,17,Home
SUNSET BEACH,18779.5,Nov-24,8,Small Power 1
BELGRAVIA -BELLVILL,3217.9,Nov-24,13,Domestic
PETREL 7 ROBINVALE,178.5,Nov-24,1,Domestic
OAKDENE,1867.3,Nov-24,4,Small Power 2
PENELOPE 7 AVONDALE,330.3,Nov-24,1,Lifeline2
VREDEKLOOF HEIGHTS,6146.9,Nov-24,2,Small Power 1
CASTLE HILL 74,94,Nov-24,1,Domestic
PEERLESS PARK EAST,6275.3,Nov-24,4,Small Power 1
LANDSDOWNE,6290.4,Nov-24,21,Home
ORIELE CRES,673.3,Nov-24,2,Lifeline2
ERF 50299,121.1,Nov-24,1,Lifeline2
ZALMANDER RD,586.9,Nov-24,2,Lifeline2
PASADENA,627.7,Nov-24,2,Home
BERGZICHT     GOODWOOD,6231.1,Nov-24,19,Domestic
GHIKA 33 SAXONSEA,330.2,Nov-24,1,Lifeline2
NOTTINGHAM 173 SHERWOOD,260.9,Nov-24,1,Domestic
D.URBANVALE,11375.3,Nov-24,23,Home
MONTANA ,1190.5,Nov-24,5,Home
SCARBOROUGH,7340.4,Nov-24,16,Domestic
HILLVIEW,1056.3,Nov-24,6,Lifeline1
BELLVILLE CBD,2705.6,Nov-24,12,Lifeline2
SEA CREST,1044.8,Nov-24,4,Lifeline2
FUCHSIA 95 PROTEA PARK,368.2,Nov-24,1,Lifeline2
HAASENDAL,3989.5,Nov-24,13,Domestic
PAROW NOORD     PAROW,8026.7,Nov-24,19,Home
MEADOWRIDGE,4127,Nov-24,11,Small Power 2
HANOVER PARK ,481.5,Nov-24,2,Lifeline2
PROTEA VILLAGE,4885.7,Nov-24,20,Lifeline1
FAIRFIELD 28 SAXONSEA,392.6,Nov-24,1,Domestic
DATURA 43,347,Nov-24,1,Lifeline2
GREENFIELD,497.9,Nov-24,2,Lifeline2
ST MICHAELS,4234.2,Nov-24,16,Domestic
KAYMOR,20508,Nov-24,21,Home
73 JUNIPER CRES,66,Nov-24,1,Domestic
GOEDEMOED,8372.2,Nov-24,21,Domestic
SUN ROAD 27 AVONDALE,367.9,Nov-24,1,Lifeline2
PAROWVALLEI,3446.9,Nov-24,17,Lifeline1
PEARL RISE,12342.4,Nov-24,27,Home
PEERLESS PARK,766.7,Nov-24,2,Domestic
ERF 3968,397.3,Nov-24,1,Lifeline2
LANGEBERG RIDGE,6784.8,Nov-24,19,Lifeline2
GARDEN VILLAGE,1161.3,Nov-24,5,Lifeline1
CAPRICORN HILL,309.3,Nov-24,1,Domestic
CUMBERLAND 14 SHERWOOD,55.9,Nov-24,1,Domestic
SCHOTSCHE KLOOF,690,Nov-24,2,Home
TOWN CENTRE,1378.9,Nov-24,1,Small Power 1
YSTERPLAAT,2582.2,Nov-24,8,Home
LA SANDRA,24063.6,Nov-24,31,Home
PEARL MAN 112 AVONDALE,338.4,Nov-24,1,Lifeline2
CHARNWOOD 12 SHERWOOD,471.7,Nov-24,1,Domestic
AIRPORT INDUSTRIA,1345.2,Nov-24,9,Lifeline1
VASCO     GOODWOOD,5058,Nov-24,14,Home
WESTRIDGE - MITCHELLS PLA,2988.8,Nov-24,5,Small Power 2
HEATHERDALE,1385.9,Nov-24,5,Domestic
VOORTREKKERWEG     EIKENDAL,639.8,Nov-24,1,Small Power 2
MOUNTAINSIDE ESTATE,2993.3,Nov-24,9,Lifeline2
ROTTERDAM 17 AVONDALE,346.8,Nov-24,1,Lifeline2
PARAGON 17 AVONDALE,372,Nov-24,1,Lifeline2
SILLERY,627.9,Nov-24,2,Lifeline2
DATURA 7 PROTEA PARK,374.1,Nov-24,1,Lifeline2
MELKBOSCH STRAND ,14116.1,Nov-24,30,Home
GOODWOOD,2937.5,Nov-24,14,Lifeline1
NEW WOODLANDS,1235,Nov-24,4,Home
DUIKER 7 ROBINVALE,205.4,Nov-24,1,Domestic
TYGERDAL,4702,Nov-24,16,Lifeline2
ELFINDALE,5577.4,Nov-24,4,Small Power 1
SANDRIFT,4408.4,Nov-24,11,Home
BELHAR EXT 21     ,275.9,Nov-24,2,Domestic
WESTRIDGE - MITCHELLS PLAIN,1648.3,Nov-24,7,Lifeline1
ROBERT 15 SAXONSEA,334.1,Nov-24,1,Lifeline2
239 SIXTH AVENUE,1014.2,Nov-24,3,Lifeline1
MONTAGUS GIFT,3838.2,Nov-24,13,Home
PEERLESS PARK EAST,2808.4,Nov-24,12,Lifeline1
WESTRIDGE,9838.8,Nov-24,4,Small Power 1
13 RUBY VYGIESKRAAL,778.1,Nov-24,1,Domestic
13TH AVE,656,Nov-24,2,Domestic
VRYGROND,1435.4,Nov-24,3,Small Power 2
BONTEHEUWEL,6818.3,Nov-24,3,Small Power 1
CHAPMAN'S PEAK(NOORDHOEK),646.6,Nov-24,2,Lifeline1
FAIRFIELD ESTATE,2757.2,Nov-24,11,Lifeline2
SCOTTSDENE,672.7,Nov-24,3,Home
PROTEA PARK,2293.3,Nov-24,5,Small Power 2
BELLVILLE SOUTH EXT.7,3243.5,Nov-24,1,Small Power 1
JAY RD,705.5,Nov-24,3,Home
WELGEDACHT     BELLVILLE,16934.3,Nov-24,30,Home
PINEHURST,8684.5,Nov-24,26,Lifeline2
VREDELUST KUILS RIVER,6073.8,Nov-24,16,Home
FREMONT 42 SHERWOOD,350.3,Nov-24,1,Domestic
ELIZABETH 29 SAXONSEA,271.1,Nov-24,1,Domestic
EVE 27 AVONDALE,43.2,Nov-24,1,Domestic
ENCHANTRESS 57 SAXONSEA,483.5,Nov-24,1,Domestic
CAPRICORN,2519.8,Nov-24,6,Home
PAROW NORTH,4807.9,Nov-24,15,Lifeline2
PEACOCK CLOSE,3877.5,Nov-24,12,Home
AVONDALE - PAROW,3914.1,Nov-24,12,Lifeline2
SAND INDUSTRIA,12771.8,Nov-24,1,Small Power 1
EDINBURGH 51 SAXONSEA,313,Nov-24,1,Lifeline2
KALK BAY,1814.8,Nov-24,9,Domestic
134 SIHLANGU ST,295.5,Nov-24,1,Domestic
CAWDOR 13 SAXONSEA,176.8,Nov-24,1,Domestic
PELIKAN PARK(3),2937,Nov-24,11,Lifeline1
BERGSIG,5082.8,Nov-24,9,Home
NERINA,14752.6,Nov-24,29,Home
WESTRIDGE - SOMERSET WEST,8843.3,Nov-24,23,Home
PELIKAN PARK(2),3360,Nov-24,1,Small Power 1
ROOM 24,156.4,Nov-24,1,Lifeline2
15 FIRST AVENUE,356.2,Nov-24,1,Home
BITTERN 15 SAXONSEA,299.7,Nov-24,1,Domestic
OLIVE GROVE,12223.5,Nov-24,27,Home
ONVERWACHT - THE STAND,2131.4,Nov-24,9,Domestic
ATLANTIC BEACH ESTATE,410.3,Nov-24,1,Domestic
DWESA 38 SHERWOOD,315.3,Nov-24,1,Lifeline2
104 FIFTH AVENUE,1548.6,Nov-24,5,Domestic
VANGUARD VILLAS,2171.3,Nov-24,8,Domestic
DELLVILLE 29 SHERWOOD,575.4,Nov-24,1,Domestic
HOHENORT,663.4,Nov-24,2,Lifeline2
LEROTHOLI RD,917.1,Nov-24,3,Lifeline2
PROTEA HEIGHTS,5980.5,Nov-24,21,Lifeline2
COLINE WILLIAMS ST,883.5,Nov-24,5,Lifeline2
EPPING INDUSTRIA 1,26278.2,Nov-24,2,Small Power 1
CHRIS NISSENPARK,530.9,Nov-24,4,Lifeline2
GOUDVELD 14 SHERWOOD,168.5,Nov-24,1,Domestic
PEERLESSPARK NOORD,2243.4,Nov-24,5,Home
SYBRAND PARK,3959.3,Nov-24,11,Lifeline2
PAROW VALLEY     PAROW,481.7,Nov-24,2,Lifeline1
SUNBIRD PLACE,749.4,Nov-24,2,Domestic
STRELITZIA 25 PROTEA PARK,462,Nov-24,1,Lifeline2
GOEDVERWACHT 29,323.4,Nov-24,1,Lifeline2
NEWFLATS,1540.8,Nov-24,16,Lifeline1
BRIDGEWATER,9641.1,Nov-24,26,Home
BOWENIA 11 SHERWOOD,369.6,Nov-24,1,Lifeline2
165 DRURY RD,789.1,Nov-24,1,Domestic
OTTERY                   ,1109.9,Nov-24,1,Small Power 2
PHLOX 27 PROTEA PARK,180.4,Nov-24,1,Lifeline2
EVERSDAL EXT.4,13512.8,Nov-24,21,Home
HELDERRANT,17324.8,Nov-24,32,Home
ADDISON 14 AVONDALE,220.4,Nov-24,1,Domestic
WINDSOR 19 EXT13 SAXONSEA,587.8,Nov-24,1,Lifeline2
EVERSDAL HEIGHTS,1447.7,Nov-24,6,Lifeline2
GROENVALLEI,3222.9,Nov-24,17,Lifeline1
BELAMI DRIVE     DURBANVILLE,2452.7,Nov-24,8,Home
MAGNOLIA 18 ROBINVALE,425.8,Nov-24,1,Lifeline2
MARIGOLD 58 PROTEA PARK,651.7,Nov-24,1,Domestic
HILL VIEW,232.7,Nov-24,1,Home
DYUSHU RD,446.7,Nov-24,3,Lifeline2
PAROW EAST,3062,Nov-24,11,Domestic
JOE SLOVO CIRCLE,300.1,Nov-24,1,Lifeline2
GLENCAIRN HEIGHTS,6298.9,Nov-24,4,Small Power 2
PHILLIPI ,1685.3,Nov-24,14,Lifeline1
DANIEL RD,300.1,Nov-24,1,Lifeline2
MASIPHUMELE  SITE -,1234,Nov-24,8,Lifeline1
DELFT 8,372.3,Nov-24,1,Lifeline2
TMABO SQUARE,362.6,Nov-24,1,Domestic
HEEMSTEDE,6152.6,Nov-24,19,Home
OAKGLEN,3910.9,Nov-24,19,Lifeline1
KENT 87 SAXONSEA,208,Nov-24,1,Domestic
HELDERBERG,714.3,Nov-24,2,Domestic
GUGULETHU,639.5,Nov-24,3,Lifeline2
FAIRVIEW GOLF ESTAT,3886.7,Nov-24,11,Domestic
FARLEIGH 21 SHERWOOD,304.3,Nov-24,1,Lifeline2
CAMPS BAY / BAKOVEN,8821.1,Nov-24,9,Small Power 2
VICTORIA MXENGE,900.8,Nov-24,2,Domestic
ERF 25061,484,Nov-24,1,Small Power 1
JONKERSHOEK STATE FOREST,3673.4,Nov-24,13,Domestic
HLAZO VILLAGE,977,Nov-24,10,Lifeline1
FARLEIGH 11 SHERWOOD,179.4,Nov-24,1,Domestic
RIGOLETTOSTRAAT,163.8,Nov-24,1,Domestic
CAPE TOWN CENTRAL,2512.6,Nov-24,14,Lifeline1
WINDSOR ESTATE,4614.5,Nov-24,14,Lifeline2
MASIPHUMELE  SITE -5,743.4,Nov-24,8,Domestic
Hanover Park,291.6,Nov-24,1,Lifeline2
KARBONKELWEG,308.4,Nov-24,1,Lifeline2
WHISPERING PINES,180.4,Nov-24,1,Lifeline2
LYSTER 34 ROBINVALE,291.6,Nov-24,1,Lifeline2
ERF 14555,222.7,Nov-24,1,Lifeline1
WYNBERG SOUTH,1136.8,Nov-24,5,Domestic
CONSTANTIA,3497.9,Nov-24,11,Lifeline2
OLYF LAAN,314.7,Nov-24,1,Lifeline2
GOLDEN HILL EXT 1,17790,Nov-24,31,Home
VILLAGE 2B,535.2,Nov-24,1,Lifeline2
MILNERTON EXT.6,331.5,Nov-24,1,Lifeline2
MUIZENBERG ,3758.3,Nov-24,1,Small Power 1
MITCHELLS PLAIN CBD,1890.1,Nov-24,7,Domestic
RONDEBOSCH EAST,3479.3,Nov-24,9,Small Power 2
LO ARTI VILLAGE,3171.4,Nov-24,10,Home
TAHOE COURT 11,308.4,Nov-24,1,Lifeline2
HIGHBURY PARK,1537,Nov-24,4,Small Power 2
GRASSY PARK ,698.7,Nov-24,3,Home
STUART'S HILL,12563.2,Nov-24,22,Home
CANARA 29 SHERWOOD,331.5,Nov-24,1,Domestic
HOOP 72 SAXONSEA,384.7,Nov-24,1,Lifeline2
PEACH RD,687.6,Nov-24,2,Domestic
SHOP 3,342,Nov-24,1,Small Power 2
HERITAGE PARK,5119.8,Nov-24,25,Domestic
FAIRWAYS,516.9,Nov-24,1,Small Power 2
MOUNT VIEW,2303.8,Nov-24,5,Home
MARCONI BEAM,22987.4,Nov-24,10,Small Power 1
 MFULENI,715.9,Nov-24,3,Lifeline2
BELLVILLE EXT.36,12930.3,Nov-24,24,Home
KENILWORTH PARK,3185.2,Nov-24,9,Home
VREDEKLOOF,4987.5,Nov-24,23,Lifeline1
BERGVLIET,3295.3,Nov-24,19,Lifeline1
FOURIESTRAAT,27136.5,Nov-24,5,Small Power 1
BIGHORN 27 SHERWOOD,591.6,Nov-24,1,Domestic
MLANGENI ST,57.7,Nov-24,1,Home
HARDEKRAALTJIE,3421.2,Nov-24,9,Home
BOESAK ST,168.2,Nov-24,1,Home
DABULA CRES,1034.6,Nov-24,6,Lifeline2
BERG ST,343.4,Nov-24,1,Domestic
LELIE AVE 3,301.9,Nov-24,1,Lifeline2
DEEP FREEZE,577,Nov-24,1,Lifeline2
DE KUILEN,13950.8,Nov-24,2,Small Power 1
DEERLODGE 90 SHERWOOD,377.5,Nov-24,1,Lifeline2
MFULENI ,421.9,Nov-24,2,Lifeline1
GXAKA RD,197.4,Nov-24,1,Lifeline1
SYBRAND PARK,1698.2,Nov-24,13,Lifeline1
319A SIXTH AVENUE,2385,Nov-24,7,Domestic
BUFFELSHOEK RD,254.4,Nov-24,1,Domestic
VALLEYFIELD 46 EXT13 SSEA,331.3,Nov-24,1,Lifeline2
 MONTE VISTA,3005.3,Nov-24,1,Small Power 2
PARAGON 6 AVONDALE,108.6,Nov-24,1,Lifeline2
DREYERSDAL,2250.4,Nov-24,9,Lifeline2
CAREY PARK,910.7,Nov-24,5,Lifeline1
ST JAMES,4857.7,Nov-24,10,Small Power 2
NZIBA ST,256.7,Nov-24,1,Lifeline1
MAIN RD,7507.4,Nov-24,1,Small Power 1
LARKSPLACE 18 ROBINVALE,325,Nov-24,1,Lifeline2
OAKDALE(1),2127.2,Nov-24,6,Lifeline2
 CONSTANTIA ,27627.9,Nov-24,31,Home
LANTANA 35 PROTEA PARK,179.8,Nov-24,1,Domestic
WESTRIDGE - MITCHELS PLAIN,1877.6,Nov-24,1,Small Power 1
AURORA     DURBANVILLE,12886.5,Nov-24,21,Home
WELGELEE,5799.4,Nov-24,21,Home
UNNAMED ROAD 10,311.5,Nov-24,1,Lifeline2
CENTURY CITY,4694.5,Nov-24,18,Lifeline2
SOMERSET WEST ,894.6,Nov-24,4,Home
OAKDALE ESTATE     BELLVILLE,8209,Nov-24,16,Home
WATERFRONT,730.6,Nov-24,6,Lifeline1
VAN RYNEVELD,1659,Nov-24,1,Small Power 2
WELTEVREDEN,140,Nov-24,1,Domestic
AMSTELVEEN 15 AVONDALE,267.5,Nov-24,1,Domestic
CLAMHALL,9939.6,Nov-24,1,Small Power 1
SHERWOOD,15494.7,Nov-24,27,Home
THE RANGE,960.4,Nov-24,4,Home
THE LAKES,2501.2,Nov-24,4,Domestic
SAMORA MACHEAL,70.6,Nov-24,1,Domestic
LOUMAR ESTATE     BELLVILLE,600.2,Nov-24,1,Home
THAMES AVE,525,Nov-24,1,Domestic
ZEEKOEIVLEI,2742.7,Nov-24,1,Small Power 1
CHARLES VALLEY,91.2,Nov-24,1,Domestic
TANTALLON 3 EXT13 S\\\\SEA,235.7,Nov-24,1,Domestic
SHELLY 50 AVONDALE,291.3,Nov-24,1,Lifeline2
UITZICHT,1402.6,Nov-24,6,Lifeline2
WESTRIDGE - MITCHELLS PLA,3250,Nov-24,12,Lifeline1
SELBORNE,10523.2,Nov-24,25,Home
HOOP 118,299.7,Nov-24,1,Lifeline2
ERF 7810     MFULENI,203.2,Nov-24,1,Domestic
CAPE TOWN,1960.2,Nov-24,1,Small Power 1
ERICA 41 PROTEA PARK,150.9,Nov-24,1,Domestic
MORTIMER 34,312.3,Nov-24,1,Lifeline2
GOODWOOD  EXT 1,2599.3,Nov-24,8,Lifeline2
GOODWOOD,2613.1,Nov-24,4,Small Power 2
FLORIDA     RAVENSMEAD,388.5,Nov-24,1,Home
KINGFISHER 9 ROBINVALE,299.2,Nov-24,1,Domestic
AUDAS ESTATE,3891.5,Nov-24,19,Domestic
WINDSOR PARK,1048.8,Nov-24,4,Lifeline2
DISTRICT SIX ,1635.3,Nov-24,3,Domestic
SOUTH PENINSULA,1191.1,Nov-24,5,Lifeline2
SEA BREEZE PARK,5838.3,Nov-24,19,Home
VREDELUST BELLVILLE,2575.6,Nov-24,1,Small Power 1
KALKFONTEIN,5842.4,Nov-24,1,Small Power 2
NYANGA HOSTEL,1465.2,Nov-24,10,Lifeline1
PRIMROSE PARK,1443.4,Nov-24,1,Small Power 1
ERF 19137 BROWNS FARM,162.3,Nov-24,1,Lifeline2
COLY LANE20 ROBINVALE,585.3,Nov-24,1,Domestic
HAONVER PARK,332.4,Nov-24,1,Lifeline2
MOUNTAINSIDE EXT 2,9002.4,Nov-24,22,Home
46 DIYA RD,311.6,Nov-24,1,Domestic
ASTANA RD,564.2,Nov-24,1,Domestic
GAZONIA 109 PROTEA PARK,406.9,Nov-24,1,Lifeline2
IDA MNTWANA ST,493.7,Nov-24,3,Lifeline2
KENRIDGE     DURBANVILLE,10543,Nov-24,22,Home
DWESA 17 SHERWOOD,156.2,Nov-24,1,Lifeline1
EKUPHUMLENI CRES,369,Nov-24,2,Lifeline1
GHIKA 46 SAXONSEA,295.4,Nov-24,1,Lifeline2
WHISPERING PINES,3979.4,Nov-24,12,Domestic
PARAGON 60 AVONDALE,282.8,Nov-24,1,Lifeline2
ANGLEBE 21 SHERWOOD,516,Nov-24,1,Domestic
GUGULETU CENTRAL,1336.9,Nov-24,5,Domestic
MAITLAND VILLAGE GARDEN,1922.4,Nov-24,7,Home
SERCOR PARK,10772.5,Nov-24,1,Small Power 1
MONTROSE PARK,1322.6,Nov-24,6,Lifeline1
RIGOLETTOSTRAAT,466.7,Nov-24,3,Lifeline1
ONVERWACHT - THE STRAND,2564.5,Nov-24,11,Domestic
SHASTA 35,308,Nov-24,1,Lifeline2
PENELOPE 52 AVONDALE,326.1,Nov-24,1,Lifeline1
FLAMINGO 10 ROBINVALE,278.5,Nov-24,1,Lifeline2
245 SIXTH AVENUE,1469.3,Nov-24,6,Lifeline2
MOWBRAY NORTH,2287.6,Nov-24,9,Domestic
12 DRAKENSBERG ST,449.9,Nov-24,1,Domestic
VOORTREKKER ROAD     GOODWOOD,985.8,Nov-24,6,Lifeline2
36 SHEIGH HASSAN,357,Nov-24,1,Domestic
MARLOW,244.7,Nov-24,1,Home
MALL INTERCHANGE,4941.9,Nov-24,15,Small Power 2
SONEIKE I,2785.8,Nov-24,12,Domestic
DE BRON,1328.9,Nov-24,3,Domestic
HOOP 4 SAXONSEA,303.7,Nov-24,1,Lifeline2
PARAGON 26 AVONDALE,402.4,Nov-24,1,Lifeline2
KAYMOR,15971,Nov-24,8,Small Power 1
EUROPE,2366,Nov-24,4,Domestic
THORN LANE 59,578.8,Nov-24,1,Domestic
GUGULETU                  ,225.7,Nov-24,2,Domestic
BLOUBERGSTRAND,513.7,Nov-24,2,Lifeline2
PEARL MAN 96 AVONDALE,282.7,Nov-24,1,Lifeline2
EXT 21 BELHAR     BELLVILLE,219.3,Nov-24,1,Domestic
THE RANGE,1840.3,Nov-24,1,Small Power 1
KUILSRIVER,2797.2,Nov-24,5,Domestic
MORGENSTERHOOGTE,7234.3,Nov-24,14,Home
VANGURD,128.9,Nov-24,1,Domestic
GORDON.S BAY,9948.3,Nov-24,22,Home
KLIPKOP,2376.8,Nov-24,1,Small Power 1
ASANDA VILLAGE     LWANDLE,439.7,Nov-24,2,Lifeline1
PALMER 49 AVONDALE,127.9,Nov-24,1,Lifeline1
CAREY PARKS,431,Nov-24,1,Domestic
ROZETTA 19,287.7,Nov-24,1,Domestic
ERF 14257,216.8,Nov-24,1,Lifeline2
BELLONA 10 SAXONSEA,417,Nov-24,1,Lifeline2
TAMBO RD,1020.5,Nov-24,1,Domestic
SYBRAND PARK,4147.9,Nov-24,7,Small Power 2
TALENI STR,263,Nov-24,1,Lifeline2
PHILIPPI ,707.9,Nov-24,7,Domestic
D'URBANVALE,1196.6,Nov-24,5,Lifeline1
PHILIPPI ,1188.7,Nov-24,12,Lifeline1
KENILWORTH,9874.5,Nov-24,9,Small Power 1
LORD CALEDON  17,133,Nov-24,1,Lifeline1
BELHAR EXT 19,943.9,Nov-24,5,Lifeline1
JACONA 74 ROBINVALE,265.8,Nov-24,1,Lifeline2
DARTERS 17 ROBINVALE,280.5,Nov-24,1,Lifeline2
HEATHFIELD 35 PROTEA PARK,317.6,Nov-24,1,Lifeline1
CANARY 9 ROBINVALE,122.3,Nov-24,1,Lifeline2
WINGFIELD,5823,Nov-24,11,Home
GORDON STRAND,2872.2,Nov-24,5,Small Power 2
LILLIAN NGOYI,660.4,Nov-24,3,Lifeline2
CHRIS NISSENPARK,250,Nov-24,1,Domestic
TARNTAALPLAAS,393.9,Nov-24,1,Lifeline2
WELCOME,2287.2,Nov-24,8,Lifeline1
1 TURKEY RD,289.1,Nov-24,1,Domestic
CAPE OF GOOD HOPE NATURE RESERVE,582.1,Nov-24,1,Domestic
MILLERS CAMP,499,Nov-24,5,Domestic
CAPRICORN,1041.8,Nov-24,8,Lifeline1
GROSVENOR 106,268.2,Nov-24,1,Domestic
HELDERBERGPARK,203.8,Nov-24,1,Home
STROEBEL STRAAT 149     RAVENSMEAD,351.8,Nov-24,1,Lifeline2
TABLE VIEW,1434.8,Nov-24,6,Domestic
PLUTO RDS,938.8,Nov-24,1,Small Power 2
TYGERVALLEY WATERFRONT,4143.4,Nov-24,17,Home
55 SOBUKWE RD,215.5,Nov-24,1,Domestic
MIDDELBURG 34 SAXONSEA,657,Nov-24,1,Home
PARKTOWN,1300.8,Nov-24,4,Lifeline2
BELGRAVIA -BELLVILLE,2213.8,Nov-24,5,Small Power 2
EXT 3     MFULENI,1107.4,Nov-24,3,Domestic
MORGEN VILLAGE,430.2,Nov-24,2,Lifeline2
ERF 18855,307.8,Nov-24,1,Lifeline2
ADMIRALS PARK,2592.2,Nov-24,12,Lifeline1
ATHLONE CENTRAL,787.4,Nov-24,3,Lifeline2
HIGH CONSTANTIA,18363.5,Nov-24,23,Home
KRUISFONTEIN,2175.5,Nov-24,6,Home
WESTLAKE ESTATE,12500.9,Nov-24,6,Small Power 1
GAZONIA 84 PROTEA PARK,682,Nov-24,1,Domestic
LAKEMAN 10 AVONDALE,35.2,Nov-24,1,Domestic
CHARLES NDABA,792.2,Nov-24,5,Lifeline2
BATHANDWA MDINGI,646.6,Nov-24,3,Lifeline2
WINSOR ESTATE,5995.7,Nov-24,3,Small Power 1
EVERITE INDUSTRIELE AREA,3551.9,Nov-24,11,Small Power 2
AUDAS ESTATE,19787.7,Nov-24,4,Small Power 1
SANMORA MACHEL,467,Nov-24,2,Lifeline2
BEACONVALE,1194,Nov-24,5,Domestic
ALLEGHENY 11 SHERWOOD,385.3,Nov-24,1,Lifeline2
SAKHWATSHA ST,189.5,Nov-24,1,Domestic
SAN REMO,2854.8,Nov-24,9,Home
PROTEA HEIGHTS,3694.5,Nov-24,20,Lifeline1
YUSUF GOOL BOULEVARD,692.7,Nov-24,1,Domestic
WYNBERG ,2876.7,Nov-24,7,Domestic
GALTONIA  STREET 19,269.8,Nov-24,1,Lifeline2
GANTS PARK,25752.4,Nov-24,4,Small Power 1
15 PETUNIA ST,764.7,Nov-24,1,Domestic
NOTTINGHAM 167 SHERWOOD,283.9,Nov-24,1,Lifeline2
ZOO PARK,5940.4,Nov-24,1,Small Power 1
ERF 1788,163.5,Nov-24,1,Domestic
GREEN POINT,21226.8,Nov-24,7,Small Power 1
THE LINK,13308.3,Nov-24,23,Home
ZINNIA 19 PROTEA PARK,229.9,Nov-24,1,Domestic
HOOP 65 SAXONSEA,253.8,Nov-24,1,Lifeline1
DIANA 8 SAXONSEA,339.1,Nov-24,1,Lifeline2
VOORBRUG,841.1,Nov-24,3,Lifeline2
HOOP 62 SAXONSEA,259.2,Nov-24,1,Lifeline2
ALBERTO 19 AVONDALE,51.5,Nov-24,1,Domestic
ERF 165122,511.3,Nov-24,1,Domestic
LOBELIA 2 PROTEA PARK,387.3,Nov-24,1,Lifeline2
MALUNGA PARK,45.4,Nov-24,1,Domestic
OAKGLEN,2732.9,Nov-24,12,Lifeline2
BRACKENFELL SOUTH,4019.7,Nov-24,20,Lifeline1
SEA BREEZE,3574.5,Nov-24,8,Home
GROSVERNOR 163 EXT13 SSEA,299.1,Nov-24,1,Lifeline2
EDINBURGH 24 SAXONSEA,316.7,Nov-24,1,Lifeline2
KUILSRIVIER SOUTH SALLHO,531.4,Nov-24,3,Home
SURREY ESTATE,2873.4,Nov-24,13,Lifeline1
PETREL 28 ROBINVALE,181.3,Nov-24,1,Domestic
BOWENIA 7 SHERWOOD,257.1,Nov-24,1,Lifeline2
NERINA 9 PROTEA PARK,261.3,Nov-24,1,Lifeline2
DORHILL,8023.3,Nov-24,25,Home
FERNANDE 22 SAXONSEA,305.4,Nov-24,1,Lifeline2
MOUNTAINSIDE ESTATE,1304.7,Nov-24,7,Lifeline1
PEERLESS PARK WEST ,1643.7,Nov-24,1,Small Power 1
CROW 24 ROBINVALE,286.5,Nov-24,1,Lifeline2
HILL VIEW,856.7,Nov-24,5,Lifeline1
MAVUSO MTHIMKHULU,49.3,Nov-24,1,Domestic
BROWS FARM,560.6,Nov-24,2,Lifeline2
MAGNET 74 SAXONSEA,118,Nov-24,1,Domestic
PARROW,97,Nov-24,1,Domestic
IKWESI PARK,74.7,Nov-24,1,Domestic
VALHALLA PARK ,180.7,Nov-24,1,Domestic
FALCON 30 ROBINVALE,163.8,Nov-24,1,Domestic
RONDEVLEI PARK,1570,Nov-24,5,Lifeline2
CMC - DEFAULT SUBURB FUND,806.9,Nov-24,4,Lifeline2
ANGELIER CRT 3,362.1,Nov-24,1,Lifeline2
GHIKA 3 SAXONSEA,273.9,Nov-24,1,Lifeline2
KARBONKELWEG,127.3,Nov-24,1,Small Power 2
62 PARK RD,171.3,Nov-24,1,Domestic
AMSTELVEEN 30 AVONDALE,433.7,Nov-24,1,Domestic
GERSHAM,2005.1,Nov-24,9,Lifeline2
HALALIE,13033.5,Nov-24,24,Home
TOKAI ,9179.1,Nov-24,17,Home
BARLERIA 37 PROTEA PARK,277.8,Nov-24,1,Lifeline1
SUN VALLEY,3935.7,Nov-24,17,Lifeline1
WESTRIDGE - MITCHELS PLAIN,2941.3,Nov-24,9,Lifeline2
MOUNTAINSIDE,9392,Nov-24,20,Home
HAARLEM 5 AVONDALE,183.9,Nov-24,1,Domestic
HAMILTON HEIGHTS,5847.9,Nov-24,16,Home
DIANA 10 SAXONSEA,278,Nov-24,1,Lifeline2
57 EVERGREEN RD,184.2,Nov-24,1,Lifeline2
KINGSTON,3056.3,Nov-24,14,Domestic
OTTERY  ,2705.3,Nov-24,6,Home
VOORTREKKERWEG     PAROW,2839.2,Nov-24,11,Domestic
GLEEMOOR,1395.3,Nov-24,6,Lifeline2
JACQUES HILL,8831,Nov-24,17,Home
MIDMAR STREET     BELLVILLE,325.6,Nov-24,1,Home
PENLYN ESTATE,1482.9,Nov-24,2,Small Power 2
KALKBAAI,1569.7,Nov-24,11,Lifeline1
NORTHGATE,8766.3,Nov-24,16,Home
WHISPERING PINES,619.9,Nov-24,3,Lifeline1
BRIDGEBANK,2798.2,Nov-24,12,Domestic
STANLOU,2901.4,Nov-24,9,Home
MONTANA,1976.3,Nov-24,7,Lifeline2
GLENWOOD,2527.3,Nov-24,3,Small Power 2
MARCONI BEAM,610.4,Nov-24,5,Lifeline2
9 LEEUBEKKIE CRES,51,Nov-24,1,Lifeline2
KALKSTEENFONTEIN ,360.3,Nov-24,1,Lifeline2
FERNDALE,3633,Nov-24,18,Lifeline1
RESNEKOV AND NIELSON HOSTEL,1535.8,Nov-24,16,Lifeline1
ALBATROSS 22 ROBINVALE,326.3,Nov-24,1,Lifeline2
162 SECOND AVENUE,1160.2,Nov-24,7,Home
EDEN PARK,8875.1,Nov-24,19,Home
SUN ROAD 17,412.4,Nov-24,1,Domestic
VOORTREKKERWEG     GOODWOOD,1222.6,Nov-24,4,Domestic
BLOEMHOF ROAD,1451.6,Nov-24,5,Home
TOKAI,3231.4,Nov-24,14,Lifeline1
RAVENSMEAD     (OF 10DE LAAN 13),203.2,Nov-24,1,Domestic
OCEAN VEIW,305.9,Nov-24,2,Domestic
DISTRICT SIX,20321.4,Nov-24,6,Small Power 1
MIKA STREET  4     PAROW,244.6,Nov-24,1,Home
HOOSAIN PARKER ST,146.9,Nov-24,1,Domestic
ADMIRALS PARK,4753.2,Nov-24,16,Lifeline2
ROTTERDAM 18 AVONDALE,374.5,Nov-24,1,Lifeline2
IMHOFF'S GIFT,4574.4,Nov-24,9,Small Power 2
SPENCER STREET     GOODWOOD,362.5,Nov-24,1,Domestic
BEACH HOUSE,515.9,Nov-24,1,Domestic
ELIM,3086.3,Nov-24,8,Small Power 2
KINGFISHER 14 ROBINVALE,246.4,Nov-24,1,Lifeline2
ERF 49119,291.9,Nov-24,1,Domestic
OLYF LAAN 35,424.9,Nov-24,1,Lifeline2
ST JOSE STREET 8,265.3,Nov-24,1,Lifeline2
BELVEDERE NOORDHOEK,16267.8,Nov-24,25,Home
PARK 2000,3011,Nov-24,7,Small Power 2
DENNESINGEL 7,309.4,Nov-24,1,Lifeline2
8TH AVENUE 62     RAVENSMEAD,297,Nov-24,1,Domestic
PEARL MARINA,10517.9,Nov-24,22,Home
RYANSTR     PAROW,496,Nov-24,3,Lifeline1
BITTEREN 40 SAXONSEA,280,Nov-24,1,Lifeline2
CUBUNGU ST,408.4,Nov-24,3,Lifeline1
NORFOLK PARK,3545.9,Nov-24,8,Home
BAYVEIW,887.4,Nov-24,3,Domestic
PEACH RD,395.5,Nov-24,1,Lifeline2
NEWLANDS  ,15122,Nov-24,25,Home
DIRKIE UYSSTRAAT,942.1,Nov-24,3,Domestic
HAMILTON PLACE,4401.7,Nov-24,10,Home
SACK'S CIRCLE INDUSTRIAL,1732.4,Nov-24,7,Domestic
RUSTHOF,336.4,Nov-24,2,Lifeline2
EVERITE,12910.1,Nov-24,6,Small Power 1
ROYAL GEORGE 17 EXT13 SEA,374.5,Nov-24,1,Lifeline2
ASANDA VILLAGE ,748.5,Nov-24,1,Domestic
ELIZABETH 5 SAXONSEA,250.3,Nov-24,1,Domestic
FERNANDE 20 SAXONSEA,665.8,Nov-24,1,Domestic
FUSCHIA 13,615.9,Nov-24,1,Domestic
HIGHBURY,1835.4,Nov-24,5,Small Power 2
CROW 11 ROBINVALE,242.1,Nov-24,1,Lifeline2
OAK GLEN,2640.5,Nov-24,14,Lifeline1
DOVE LANE 39,376.5,Nov-24,1,Lifeline2
BASIL FEBRUARY,307.3,Nov-24,1,Domestic
GROSVENOR 166 AVONDALE,248.1,Nov-24,1,Domestic
DARTERS 10 ROBINVALE,368.1,Nov-24,1,Lifeline2
KERK STREET 13     DURBANVILLE,3437.8,Nov-24,10,Home
FARLEIGH 14 SHERWOOD,328.8,Nov-24,1,Domestic
BROADLANDS VILLAGE,1041.2,Nov-24,5,Lifeline1
LILLIAN NGOYI,1155.2,Nov-24,4,Domestic
PIKKEWYN 7 ROBINVALE,248.4,Nov-24,1,Lifeline2
TYATYORHA RD - PHASE 5,137.1,Nov-24,1,Lifeline2
ARUNDO 31 PROTEA PARK,277.7,Nov-24,1,Domestic
ZINNIA 15 PROTEA PARK,1421.9,Nov-24,1,Domestic
FERNANDE 13 SAXONSEA,284.1,Nov-24,1,Lifeline2
CURLEW 55 ROBINVALE,277.9,Nov-24,1,Lifeline2
BLACKWOOD STR 10,365.1,Nov-24,1,Domestic
COURIER 13 SAXONSEA,290.4,Nov-24,1,Lifeline2
PHUMLANI VILLAGE,630.8,Nov-24,2,Lifeline2
CEMETERY COTTAGE,439.5,Nov-24,1,Lifeline2
ALPHEN,109,Nov-24,1,Lifeline2
DREYER STREET     BELLVILLE,1616.6,Nov-24,8,Home
SONNEKUIL,2103.8,Nov-24,6,Lifeline2
DALLAS CRESCENT,674.5,Nov-24,1,Home
WINSLOW,4923.5,Nov-24,16,Domestic
WATERLOO 50 EXT13 S/SEA,447.9,Nov-24,1,Lifeline2
88 MERRIGOLD CRES,374.5,Nov-24,1,Lifeline2
OLIENPARK,7182.8,Nov-24,18,Home
52188,250.9,Nov-24,1,Domestic
RONDEVALLEI,770.2,Nov-24,2,Domestic
WELTEVREDEN VALLEY ,1000.1,Nov-24,11,Home
KLIPDAM,3275.6,Nov-24,1,Small Power 1
POLLUX WAY,272.6,Nov-24,1,Lifeline2
PLATTEKLOOF GLEN     MONTE VISTA,2659.5,Nov-24,8,Home
UKNOWN     MFULENI,1134.8,Nov-24,7,Lifeline1
STERRESCHAN 12 EXT13 SSEA,454.1,Nov-24,1,Lifeline2
HOOP 83 SAXONSEA,323.9,Nov-24,1,Lifeline2
LABIANCE     BELLVILLE,7003,Nov-24,16,Home
VREDELUST,2100.7,Nov-24,8,Domestic
GARLANDALE,3368.9,Nov-24,7,Home
NIMROD 19 SAXONSEA,249.5,Nov-24,1,Domestic
WELCOME ESTATE,2353.2,Nov-24,7,Lifeline1
KAAPZICHT,3315.1,Nov-24,6,Small Power 2
ROYAL GEORGE STREET 4,328.1,Nov-24,1,Lifeline2
DORAH 4 SAXONSEA,286.1,Nov-24,1,Lifeline2
LOVEBIRD 4 ROBINVALE,347.2,Nov-24,1,Lifeline2
AVONDALE(2),1567,Nov-24,10,Lifeline1
ALICE STREET     GOODWOOD,1583.6,Nov-24,4,Domestic
5TH AVENUE     PAROW,853.3,Nov-24,3,Domestic
ALGERIA 23 SHERWOOD,272.4,Nov-24,1,Domestic
LYSTER 57 ROBINVALE,248.2,Nov-24,1,Domestic
GOUKAMMA 10 SHERWOOD,132.6,Nov-24,1,Domestic
ALBATROSS 21 ROBINVALE,279.1,Nov-24,1,Lifeline2
TIJGERHOF,2766.7,Nov-24,9,Lifeline2
CBD,4700.5,Nov-24,17,Home
CEMETERY COTTAGE GATE 5,364.5,Nov-24,1,Home
ANGLEBE 12 SHERWOOD,340.9,Nov-24,1,Lifeline2
OLD FLATS,862.3,Nov-24,8,Lifeline1
FAIRFIELD 37 SAXONSEA,201.3,Nov-24,1,Domestic
BELRAIL,705.7,Nov-24,4,Lifeline1
WELLWAY PARK EAST,248.2,Nov-24,2,Lifeline1
MARAIS RD,2559.4,Nov-24,10,Domestic
BELLVILLE SOUTH     ,367.7,Nov-24,2,Lifeline2
BELLVILLE EAST,9511.9,Nov-24,26,Home
EDGEMEAD     GOODWOOD,3746.1,Nov-24,12,Lifeline2
MFULENI,13587,Nov-24,2,Small Power 1
DELFT,1432.5,Nov-24,5,Lifeline2
RICHMOND,1545.8,Nov-24,3,Small Power 2
PARKWOOD ,611.3,Nov-24,2,Lifeline2
ERIC HEWU AVE,140.4,Nov-24,1,Domestic
OYSTER 40 AVONDALE,267.1,Nov-24,1,Lifeline2
KINGFISHER 18 ROBINVALE,109,Nov-24,1,Lifeline2
CLEMENT KADALIE ST,129.6,Nov-24,1,Lifeline1
HARMONY RD,575.3,Nov-24,4,Domestic
KINGFISHER 5 ROBINVALE,311.2,Nov-24,1,Lifeline2
ALICEDALE,1486.4,Nov-24,3,Home
SACRAMENTO 83 EXT13 S/SEA,416.3,Nov-24,1,Domestic
LAKESIDE,20188.4,Nov-24,4,Small Power 1
ROME,2940.6,Nov-24,14,Domestic
6 PETUNIA ST,279.7,Nov-24,1,Lifeline2
BRUCE RD,283.9,Nov-24,1,Lifeline2
ROZETTA 48 AVONDALE,447.7,Nov-24,1,Lifeline2
VYGIESKRAAL,558.5,Nov-24,3,Lifeline2
WINDSOR 23 EXT13 SAXONSEA,310.4,Nov-24,1,Domestic
IMHOFF'S GIFT,385.7,Nov-24,1,Lifeline2
DISA 22 PROTEA PARK,455.9,Nov-24,1,Domestic
NKALAKATHA STREET,290.2,Nov-24,1,Lifeline2
DISA 20 PROTEA PARK,357.4,Nov-24,1,Lifeline2
SILVERTAS,1920.9,Nov-24,5,Home
HORNBILL 12 ROBINVALE,82.9,Nov-24,1,Domestic
ACACIA 96 PROTEA PARK,647.4,Nov-24,1,Domestic
CDC HOUSING,349,Nov-24,1,Lifeline2
NOOIENSFONTEIN,523.6,Nov-24,2,Domestic
MARINA DA GAMA,4349.6,Nov-24,14,Lifeline2
PORTLANDS ,400.8,Nov-24,1,Lifeline1
MILLDENE STREET 120     RAVENSMEAD,719.3,Nov-24,3,Lifeline2
ZEELAND 24,250.2,Nov-24,1,Lifeline2
MONTE VISTA     GOODWOOD,987.4,Nov-24,3,Lifeline2
MATHERAN 21 SAXONSEA,418,Nov-24,1,Home
HOOSAIN PARKER WALK,281,Nov-24,1,Domestic
CURLEW 73 ROBINVALE,262.8,Nov-24,1,Lifeline2
BUILDING L5,922.6,Nov-24,12,Lifeline1
ERF 11676,202.3,Nov-24,1,Domestic
35 PETUNIA ST,248.1,Nov-24,1,Lifeline2
FIGILANTE 61 SAXONSEA,443.2,Nov-24,1,Domestic
GORDON'S BAY,12108.1,Nov-24,3,Small Power 1
ERF 50523,325.8,Nov-24,1,Lifeline2
WORLD'S VIEW - SOMERSET W,4191.5,Nov-24,9,Home
RODE VOS RD,1517.2,Nov-24,4,Lifeline1
BLOMTUIN     BELLVILLE,5641.8,Nov-24,10,Home
TAMBOERSKLOOF,2116.5,Nov-24,10,Lifeline1
EDINBURGH 43 SAXONSEA,258.6,Nov-24,1,Lifeline2
BROWN FARM,244.1,Nov-24,2,Lifeline1
58 TAHOE WAY,285.1,Nov-24,1,Lifeline2
SPARRESBOS WAY 9,243.9,Nov-24,1,Lifeline2
VILLAGE 4A,458.5,Nov-24,3,Domestic
30 VYGIESKRAAL,369.5,Nov-24,1,Lifeline2
HAZELDENE,980,Nov-24,5,Domestic
WETTON,6812.5,Nov-24,2,Small Power 1
ELIZABETH 52 SAXONSEA,239.4,Nov-24,1,Domestic
CHATLANE 6 ROBINVALE,262.1,Nov-24,1,Lifeline1
LA ROCHELLE,1108.8,Nov-24,4,Lifeline2
TYGERDAL,2025.6,Nov-24,13,Lifeline1
DAVID WEBSTER,187.9,Nov-24,1,Domestic
KLEINBEGIN,830,Nov-24,3,Domestic
PAROW GOLF COURSE,3515,Nov-24,14,Domestic
110 SECOND AVENUE,1080.6,Nov-24,5,Home
SUNSET BEACH,6790,Nov-24,10,Domestic
LOUMAR,763.3,Nov-24,4,Lifeline1
SACRAMENTO 115 EXT13 SSEA,281.7,Nov-24,1,Lifeline2
BLOMTUIN,6270.9,Nov-24,6,Small Power 2
ADDISON 8 AVONDALE,319.7,Nov-24,1,Domestic
LANGEBERG RIDGE,2111.8,Nov-24,10,Lifeline1
SAREPTA,6273.3,Nov-24,2,Small Power 1
HOBBY 26 ROBINVALE,1108.9,Nov-24,1,Domestic
245 SIXTH AVENUE,284.8,Nov-24,1,Domestic
BISHOP LAVIS,592.2,Nov-24,2,Lifeline2
HAAZENDAL,2538.8,Nov-24,6,Home
ROTTERDAM 34,369.8,Nov-24,1,Lifeline2
PEARL MAN 108 AVONDALE,421.6,Nov-24,1,Lifeline1
FERNDALE,3987.2,Nov-24,13,Lifeline2
GORDON STRAND,10285,Nov-24,2,Small Power 1
BHEKI MLANGENI,261.4,Nov-24,1,Lifeline2
SONEIKE II,1847.7,Nov-24,6,Domestic
LANTANA 31,222.8,Nov-24,1,Lifeline2
AMARYLLIS 4 PROTEA PARK,222.8,Nov-24,1,Lifeline2
GOEDEHOOP 6 SAXONSEA,305.1,Nov-24,1,Domestic
FAME 11 SAXONSEA,153.5,Nov-24,1,Lifeline1
BABBLERS 13 ROBINVALE,227,Nov-24,1,Lifeline2
BANTRY BAY,11002.7,Nov-24,14,Domestic
NIHGTINGALE 26 AVONDALE,254.3,Nov-24,1,Lifeline2
WELGELEGEN,6429.6,Nov-24,3,Small Power 1
WEZO ST,204.2,Nov-24,1,Lifeline2
FALCON 2 ROBINVALE,273.2,Nov-24,1,Lifeline2
BRIDGEBANK,5944.7,Nov-24,13,Home
HOOP 60 SAXONSEA,393,Nov-24,1,Lifeline1
NOTTINGHAM 43 SHERWOOD,182.4,Nov-24,1,Domestic
49 ZAZULWANA CRES,160.9,Nov-24,1,Domestic
12TH AVENUE     BOSTON,392.1,Nov-24,1,Home
SILLERY,19514.9,Nov-24,16,Home
WATERLOO 6 EXT13 SAXONSEA,279.5,Nov-24,1,Lifeline2
KORT STR 11,426.6,Nov-24,1,Lifeline2
DE WAAL DRIVE,625.7,Nov-24,3,Lifeline2
STERRESCHAN 26 EXT13 SSEA,155.6,Nov-24,1,Domestic
HARBOUR HEIGHTS,2119,Nov-24,6,Home
OUTBUILDING,623.2,Nov-24,3,Domestic
12 DIYA RD,79.8,Nov-24,1,Lifeline2
HANOVERPARK,289.3,Nov-24,1,Domestic
HEINZ PARK,6836.2,Nov-24,12,Home
PAROW GOLF COURSE,3322.9,Nov-24,9,Home
KABONKEL RD,373.7,Nov-24,2,Lifeline2
MORNINGSTAR     DURBANVILLE,949.8,Nov-24,4,Lifeline1
ANGLEBE 4 SHERWOOD,239.5,Nov-24,1,Lifeline2
DABULA CRES,847.6,Nov-24,6,Lifeline1
NOTTINGHAM 83 SHERWOOD,255.4,Nov-24,1,Domestic
PALMER AVE 69,323.5,Nov-24,1,Lifeline2
VILLAGE 2B - KHAYELITSHA,1057.2,Nov-24,6,Lifeline1
JAGTERSHOF,2550.3,Nov-24,10,Lifeline2
SEAFORTH BEACH,6194.3,Nov-24,21,Home
NKELEKETHA ST,513.6,Nov-24,2,Lifeline2
AVONDALE - PAROW,1023.5,Nov-24,6,Lifeline1
LEROTHOLI AVE,451.5,Nov-24,2,Lifeline2
GRASSY PARK ,501.5,Nov-24,1,Domestic
FARMFIELD RD,1124.4,Nov-24,1,Home
PINE ACRES,162.4,Nov-24,1,Domestic
H MARAWU,331.9,Nov-24,1,Lifeline2
252 JUNIPER CRES,336.7,Nov-24,1,Domestic
48 YORKSHIRE CRES,361.4,Nov-24,1,Home
BABBLERS 31 ROBINVALE,247.9,Nov-24,1,Lifeline2
EVERSDAL EXT.1,7219.9,Nov-24,11,Home
BUFFELSNEK 5 SHERWOOD,490,Nov-24,1,Domestic
CAFDA VILLAGE,844,Nov-24,4,Small Power 2
LANG AVE 49,119.5,Nov-24,1,Domestic
ADENIUM 51 PROTEA PARK,441.2,Nov-24,1,Lifeline2
CUMBERLAND 10 SHERWOOD,339.6,Nov-24,1,Domestic
EXTENSION 12,389.1,Nov-24,2,Lifeline1
MARCONI BEAM,330.2,Nov-24,2,Lifeline1
BARLERIA 35 PROTEA PARK,235,Nov-24,1,Domestic
BOSKLOOF,12925.1,Nov-24,20,Home
SHELLEY 24 AVONDALE,222.3,Nov-24,1,Domestic
6TH AVE CNR RETREAT RD,185.8,Nov-24,1,Small Power 2
PLUMSTEAD ,1689.6,Nov-24,4,Domestic
HUNTERS MANOR,1736.5,Nov-24,6,Home
JAKARANDA STR 16,905.9,Nov-24,1,Domestic
ALBERT ROAD,1839.4,Nov-24,7,Domestic
EVERSDAL EXT.4,397.3,Nov-24,2,Lifeline1
GHIKA 52 SAXONSEA,150.8,Nov-24,1,Domestic
PALMER AVE 47 AVONDALE,226.8,Nov-24,1,Lifeline2
78 EVERGREEN RD,487.2,Nov-24,1,Lifeline2
ISLAND 70 AVONDALE,197.1,Nov-24,1,Domestic
WINDSOR ESTATE,3648.2,Nov-24,11,Lifeline1
GOEDEHOOP 9 SAXONSEA,235.2,Nov-24,1,Lifeline2
NEW CROSSROADS,1113.5,Nov-24,3,Domestic
ISLAND 22 AVONDALE,370.7,Nov-24,1,Domestic
ATHENS 88 SAXONSEA,396.4,Nov-24,1,Domestic
PAROW GOLF ESTATE,4241.6,Nov-24,11,Home
SONSTRAAL HEIGHTS,3269.6,Nov-24,13,Small Power 2
MORGENSTER BF,2234.6,Nov-24,4,Home
GOTHENBURG 29 AVONDALE,268.8,Nov-24,1,Lifeline2
17 SECOND AVENUE,1493.9,Nov-24,7,Domestic
BERGROOS 3 PROTEA PARK,268.8,Nov-24,1,Lifeline2
GREENHAVEN,2995.6,Nov-24,8,Lifeline2
PENLYN EST,8402.3,Nov-24,15,Home
DIEPRIVER,1498,Nov-24,7,Lifeline2
18 NGONYAMA CRES,429,Nov-24,1,Domestic
VIERLANDEN,2181,Nov-24,7,Domestic
WYNBERG ,6886.8,Nov-24,10,Home
THABO MBEKI,975.4,Nov-24,8,Lifeline1
THABO MBEKI,491.2,Nov-24,2,Lifeline2
EXT 3     MFULENI,1185.3,Nov-24,6,Lifeline2
22 BOTHA STREET,882.8,Nov-24,2,Domestic
AVE DR ABDURAHMAN,514.6,Nov-24,2,Domestic
ERF 14284,178.8,Nov-24,1,Lifeline2
CIKO ST,491.6,Nov-24,2,Lifeline2
CLEMENT KADALIE ST,141.6,Nov-24,1,Lifeline2
STEENBRAS VIEW,10814.1,Nov-24,20,Home
HANOVER PARK ,1294.6,Nov-24,2,Domestic
STELLENBERG ROAD     BELLVILLE,3409.6,Nov-24,11,Home
HEATHFIELD 97 PROTEAPARK,231,Nov-24,1,Lifeline2
LUSAKA,656.9,Nov-24,3,Domestic
ROTTERDAM 61 AVONDALE,239.4,Nov-24,1,Lifeline2
45 JOE SLOVO ST,327.6,Nov-24,1,Lifeline2
LEEUBEKKIE ST  PHASE 3,226.8,Nov-24,1,Lifeline2
RICK TURNER CRES,519.3,Nov-24,2,Lifeline1
LARKSPLACE 19 ROBINVALE,277.2,Nov-24,1,Lifeline2
KINGFISHER 19 ROBINVALE,210.6,Nov-24,1,Domestic
PLATTEKLOOF     PAROW,5560,Nov-24,2,Small Power 1
AVONDALE- PAROW,3211.8,Nov-24,4,Home
SILVEROAKS,2575.1,Nov-24,10,Lifeline2
WELLWAY PARK     DURBANVILLE,4296.7,Nov-24,9,Home
FORESHORE,5647.2,Nov-24,9,Domestic
PARAGON  10.AVONDALE,244.9,Nov-24,1,Lifeline1
VOELVLEI,2487.5,Nov-24,7,Lifeline2
OOSTERSEE     PAROW,7102.4,Nov-24,18,Home
BELHAR EXT 22,960.3,Nov-24,5,Lifeline1
252 MBA ST,228,Nov-24,1,Domestic
MARAWU CAMP,419.7,Nov-24,2,Lifeline2
ORANGE 15 SAXONSEA,574.4,Nov-24,1,Domestic
MAITLAND GARDEN VILAGE,608.7,Nov-24,2,Lifeline2
NIGHTINGALE 120 AVONDALE,317.9,Nov-24,1,Domestic
PESCADOR 32 EXT13 S/SEA,319.1,Nov-24,1,Lifeline2
MONTE VISTA,11269.7,Nov-24,3,Small Power 1
LAKEVIEW,1431.9,Nov-24,6,Domestic
KENRIDGE,4181.1,Nov-24,11,Small Power 2
ZEEKOEVLEI,2303.1,Nov-24,8,Lifeline1
WESTRIDGE - MITCHELS PLA,814.5,Nov-24,3,Small Power 2
LYSTER 107 ROBINVALE,323.3,Nov-24,1,Lifeline2
HOOP 42 SAXONSEA,319.4,Nov-24,1,Domestic
TIJGERHOF,1490.4,Nov-24,9,Small Power 2
LWANLDE,320.2,Nov-24,1,Domestic
WINGFIELD,6442.3,Nov-24,10,Small Power 2
16 PETUNIA ST,239.3,Nov-24,1,Lifeline2
AVALON ESTATE,1509.4,Nov-24,3,Lifeline2
DEERLODGE 54 SHERWOOD,358.5,Nov-24,1,Domestic
GOEDVERWACHT 29,146.9,Nov-24,1,Domestic
DARLING 20 BEACONHILL,154.2,Nov-24,1,Domestic
ROME GLEN,2542.6,Nov-24,1,Small Power 1
PROTEA STR 10 PROTEA PARK,369.5,Nov-24,1,Lifeline2
ACACIA 36A PROTEA PARK,240.6,Nov-24,1,Domestic
33 LEEUBEKKIE CRES,191.4,Nov-24,1,Domestic
HOMERIA CLS 6 PROTEA PARK,431.2,Nov-24,1,Lifeline2
FORESHORE,17914,Nov-24,8,Small Power 1
VREDEKLOOF,4117.3,Nov-24,15,Lifeline2
AKKERBOOMLAAN 22,529,Nov-24,1,Domestic
BLACKBIRD AVE,451.8,Nov-24,4,Lifeline1
DURHEIM,534.9,Nov-24,2,Lifeline1
AVE DR ABDURAHMAN,933.7,Nov-24,2,Lifeline2
ORANGE RD,221.6,Nov-24,2,Domestic
57 DLEPHU RD,184.6,Nov-24,1,Lifeline2
MANNA LANE 16,241.3,Nov-24,1,Lifeline2
UN NAMED ROAD 12,237.5,Nov-24,1,Lifeline2
65 MERRIGOLD CRES,251.8,Nov-24,1,Lifeline2
ZEVENWACHT FARM VILLAGE,5488.2,Nov-24,19,Home
LANGEBERG,1714.8,Nov-24,6,Home
CAPE FARMS - DISTRIT B,1739.7,Nov-24,1,Small Power 2
MANENBERG  ,330.3,Nov-24,2,Lifeline1
SPRINGBOK PARK,3775,Nov-24,10,Small Power 2
MISTY CLIFFS,9709.3,Nov-24,15,Home
BADSBERG,2406.5,Nov-24,7,Home
VREDEKLOOF HEIGHTS,2187.9,Nov-24,12,Domestic
NKELEKETHE ST,148.2,Nov-24,1,Lifeline1
KILPFONTEIN C/O 1ST AVE,252.2,Nov-24,1,Home
AZALEA 15 PROTEA PARK,252.7,Nov-24,1,Lifeline2
9 TOKAI COURT,407.9,Nov-24,1,Domestic
MAITLAND GARDEN VILLAGE,1452,Nov-24,9,Lifeline1
HERONS 4 ROBINVALE,299.4,Nov-24,1,Lifeline1
DESMOND TUTU ST,962.6,Nov-24,3,Lifeline2
BROWNS FARM PHILIPPI,732,Nov-24,3,Lifeline2
TYGERBERGSTRAAT     GOODWOOD,371.2,Nov-24,1,Home
THORN LANE 118,340,Nov-24,1,Lifeline2
ATLANTIS INDUSTRIAL,16290.5,Nov-24,3,Small Power 1
SANDOWN ESTATE,3887.2,Nov-24,5,Home
RETREAT ,380.3,Nov-24,2,Lifeline1
THORNE LANE 11,240.5,Nov-24,1,Lifeline1
AIRLIE,15139.1,Nov-24,21,Home
KLEINBRON,2593.8,Nov-24,7,Domestic
YBATHANDWA MDINGI CRE S,35.8,Nov-24,1,Domestic
THE LAKES,10132.4,Nov-24,23,Home
EXT 12,649.1,Nov-24,3,Lifeline2
EDINBURGH 18 SAXONSEA,507.2,Nov-24,1,Domestic
MANNENBERG,429.1,Nov-24,1,Domestic
ACACIA 20B PROTEA PARK,193.3,Nov-24,1,Domestic
WINDSOR 9 EXT13 SAXONSEA,260.1,Nov-24,1,Lifeline2
ORCHID 25 PROTEA PARK,255.9,Nov-24,1,Lifeline2
MANNA 60 LAAN,239.1,Nov-24,1,Lifeline2
HARDEKRAALTJIE,13377.7,Nov-24,2,Small Power 1
C/O MONTAGUE AND PAROW RDS,678.3,Nov-24,3,Home
GREEN POINT,4636.8,Nov-24,17,Lifeline2
CONSTANTIA VILLAGE,18271.9,Nov-24,22,Home
FAIRVIEW GOLF ESTATE,2157.3,Nov-24,6,Lifeline2
MAIN RD,620,Nov-24,2,Domestic
EVERSDALE     BELLVILLE,8349,Nov-24,11,Home
MAGNET 58 SAXONSEA,340.9,Nov-24,1,Domestic
PEERS HILL,245.8,Nov-24,1,Domestic
Scottsdene ,393.9,Nov-24,3,Lifeline1
GRANNY FLAT,1731.4,Nov-24,6,Home
ROSEBANK,9073.8,Nov-24,3,Small Power 1
MONTREAL 48 BEACONHILL,77.6,Nov-24,1,Domestic
BERZELIA 39 PROTEA PARK,407.1,Nov-24,1,Lifeline2
LYSTER 84 ROBINVALE,79.2,Nov-24,1,Domestic
3 LEEUBEKKIE CRES,411,Nov-24,1,Domestic
HEATHFIELD 74 PROTEAPARK,470.1,Nov-24,1,Lifeline2
DISA CLOSE 3,412.4,Nov-24,1,Domestic
TOKAI COURT 4,247.7,Nov-24,1,Domestic
GERSHAM,1367.5,Nov-24,6,Lifeline1
PAROW NORTH,3085,Nov-24,14,Lifeline1
ROZETTA 13,35.5,Nov-24,1,Domestic
ATHLONE NORTH,1038.6,Nov-24,8,Lifeline1
ALBATROSS 36 ROBINVALE,108.7,Nov-24,1,Domestic
SOPHIA 11  EXT13 SAXONSEA,255.6,Nov-24,1,Domestic
FLORIDA,4171.2,Nov-24,2,Small Power 2
HELDERBERG PARK,1648.7,Nov-24,5,Lifeline2
122 RARABE ST,158.6,Nov-24,1,Domestic
25 ABELIA ST,502.6,Nov-24,1,Domestic
SALAMANDER ROAD,466.5,Nov-24,1,Domestic
VALLEYFIELD 9 EXT13 S/SEA,335.7,Nov-24,1,Lifeline2
WINDSOR PARK ESTATE,2423.8,Nov-24,8,Domestic
JEFF MASEMOLA,314.9,Nov-24,1,Lifeline2
LEANDER 4 AVONDALE,300,Nov-24,1,Lifeline2
BABBLERS 8,241.2,Nov-24,1,Lifeline2
VALLEYFIELD 15 EXT13 SSEA,288,Nov-24,1,Domestic
SHASTA 12 EXT 12,333,Nov-24,1,Domestic
LARKSPUR 29 PROTEA PARK,415.8,Nov-24,1,Domestic
LAKEMAN 5 AVONDALE,239.1,Nov-24,1,Lifeline2
SHARON DE FLEUR,3474.5,Nov-24,8,Home
THORN LANE24,949.6,Nov-24,1,Domestic
THORNE LANE 8,247.5,Nov-24,1,Lifeline2
WALMER WALK,293.7,Nov-24,1,Lifeline2
DAWN RD,310.4,Nov-24,1,Lifeline2
GARLANDALE EST,1672.2,Nov-24,2,Home
ERIJAVILLE,286.6,Nov-24,1,Lifeline1
SEAFORTH BEACH,2667.1,Nov-24,5,Domestic
Scottsdene,326.9,Nov-24,2,Lifeline2
TUSCANY GLEN,620.2,Nov-24,5,Lifeline2
NEW CROSSROADS,803.1,Nov-24,4,Lifeline1
GOEDEHOOP 71 SAXONSEA,323.1,Nov-24,1,Lifeline2
VILLAGE 2B - KHAYELITSHA,1051.4,Nov-24,9,Lifeline2
FALCON 24 ROBINVALE,136.5,Nov-24,1,Lifeline1
HOOSAIN PARKER ST,472.2,Nov-24,3,Lifeline2
HAZENDAL EST,293.1,Nov-24,2,Domestic
LARKSPLACE 11 ROBINVALE,230.6,Nov-24,1,Lifeline2
115 DAISY ST,126,Nov-24,1,Lifeline1
BALSEMINE 16 PROTEA PARK,335.6,Nov-24,1,Lifeline2
NIMROD 30 SAXONSEA,207.5,Nov-24,1,Lifeline2
GREEN POINT ,3973.1,Nov-24,14,Home
11 GOBOZANA RD,135.5,Nov-24,1,Lifeline1
PHASE 5,542,Nov-24,6,Lifeline2
LEIDEN,448.1,Nov-24,2,Lifeline2
UMNGA CRES,650.3,Nov-24,3,Domestic
KOMMETJIE,12306.8,Nov-24,5,Small Power 1
RWANTSIANA RD BROWNS FARM,282.4,Nov-24,1,Lifeline1
OAKDALE(2),4191.5,Nov-24,14,Lifeline2
SACRAMENTO 86 EXT13 S/SEA,257.9,Nov-24,1,Lifeline2
HARDEKRAALTJIE,1332.6,Nov-24,7,Lifeline1
KNYSNA RD,234.8,Nov-24,1,Lifeline2
HARBOUR RD,337.1,Nov-24,1,Domestic
MILLDENE ST 120     RAVENSMEAD,132.6,Nov-24,1,Domestic
RYANSTR     PAROW,612.8,Nov-24,4,Lifeline2
GORDON'S BAY CENTRAL,1204.4,Nov-24,5,Domestic
PEARLMANSION 15,437.2,Nov-24,1,Lifeline2
LUSTHOF,5434.4,Nov-24,12,Home
LANGLAAN 56,153.7,Nov-24,1,Lifeline1
CHRISMAR,1428,Nov-24,3,Small Power 2
PLATTEKLOOF,2831.8,Nov-24,9,Domestic
LYSTER 62 ROBINVALE,152.9,Nov-24,1,Lifeline1
LOUMAR,2474,Nov-24,2,Small Power 2
GROSVENOR 274,589.7,Nov-24,1,Domestic
HOSTEL 2 PHASE 2,994.5,Nov-24,10,Lifeline1
KENSINGTON ,1798.4,Nov-24,4,Home
SACRAMENTO 40 EXT13 S/SEA,403.1,Nov-24,1,Domestic
VREDENBERG,3886.6,Nov-24,10,Lifeline2
BAY PARK,3779.5,Nov-24,10,Home
LORD CALEDONSTRAAT 30,384.2,Nov-24,1,Lifeline2
RENDELSHAM RD,407,Nov-24,1,Lifeline2
3 LILY ST,55.9,Nov-24,1,Lifeline2
MARIGOLD 15 PROTEA PARK,446.9,Nov-24,1,Domestic
HOOP 37 EXT13 SAXONSEA,432.1,Nov-24,1,Lifeline2
FAIRFIELD 46 SAXONSEA,294.5,Nov-24,1,Domestic
MAGNET 22 SAXONSEA,631.4,Nov-24,1,Domestic
ERF 49238,192.7,Nov-24,1,Lifeline2
PARKWOOD EST,503,Nov-24,3,Domestic
DE LA HAYE,1958.9,Nov-24,7,Lifeline2
BEGONIA CIRCLE 33,751.9,Nov-24,1,Domestic
28 SPRIGGS ST,222.8,Nov-24,1,Domestic
PROTEA HOOGTE,2511.3,Nov-24,4,Small Power 2
HOOP 11 EXT13 SAXONSEA,170.3,Nov-24,1,Domestic
ATLANTIC HEIGHTS,101.5,Nov-24,1,Domestic
ELIZABETH 12 SAXONSEA,45.6,Nov-24,1,Domestic
WINKEL 4,371.9,Nov-24,2,Small Power 2
MASIPHUMELELE,3676.4,Nov-24,3,Small Power 2
DYUSHU ST,327.1,Nov-24,1,Lifeline2
KERRIA 60 PROTEA PARK,591.1,Nov-24,1,Domestic
BLOUKRANS WEG,262.8,Nov-24,1,Domestic
ASANDA VILLAGE     LWANDLE,498.8,Nov-24,4,Lifeline2
NEWFIELDS EST,686.9,Nov-24,2,Home
ORANJEZICHT,2072.9,Nov-24,9,Lifeline1
EXT 12,250.8,Nov-24,1,Lifeline1
LUYOLOVILLE,231,Nov-24,2,Lifeline1
FAIRWAYS,2758.6,Nov-24,10,Lifeline1
KHAYALETU PARK,1113.1,Nov-24,3,Domestic
COSMOS STR 16 PROTEA PARK,266.2,Nov-24,1,Lifeline2
ZEELAND 34 EXT13 SAXONSEA,348.1,Nov-24,1,Lifeline2
VILLAGE 2A,189.2,Nov-24,1,Domestic
NIGHTINGALE 31 AVONDALE,329.8,Nov-24,1,Domestic
GAZONIA 39 PROTEA PARK,277,Nov-24,1,Lifeline2
RONDEBOSCH EAST,2214.2,Nov-24,12,Lifeline1
WITTEBOOMEN,8849.9,Nov-24,10,Home
VALMARY PARK     DURBANVILLE,14431.3,Nov-24,17,Home
CONSTANTIA,4991.8,Nov-24,10,Lifeline1
 IKWEZI PARK,182.3,Nov-24,1,Domestic
BRAM FISCHER,675,Nov-24,2,Lifeline2
PALMER AVE 27 AVONDALE,339.7,Nov-24,1,Lifeline2
NTSHATSHONGA ST,811.4,Nov-24,3,Lifeline2
OLYF LAAN 63,280.9,Nov-24,1,Lifeline2
RHODE CRES,285.1,Nov-24,1,Lifeline2
BELLVILLE SOUTH EXT.5,2544.7,Nov-24,8,Small Power 2
HIGHBURYPARK,1168.4,Nov-24,5,Domestic
4 SILESIA WAY,176.7,Nov-24,1,Domestic
BELLVILLE WEST,1207.6,Nov-24,7,Lifeline2
GAZONIA 65 PROTEA PARK,127.6,Nov-24,1,Lifeline1
SPRINGBOKPARK,2844.3,Nov-24,8,Small Power 2
ERF 9471     MFULENI,393.8,Nov-24,1,Lifeline2
EST 3     MFULENI,155.1,Nov-24,1,Lifeline2
FRAAIGELEGEN,4971.8,Nov-24,11,Home
ERF 7714     MFULENI,854.7,Nov-24,1,Domestic
CANARA 22 SHERWOOD,270.5,Nov-24,1,Domestic
13 LILY ST,136.5,Nov-24,1,Domestic
CAREY PARKES,181.6,Nov-24,1,Lifeline1
BENGAL 37 AVONDALE,277.6,Nov-24,1,Domestic
GROENKOP 5 SHERWOOD,384.4,Nov-24,1,Lifeline2
BELLVILLE EXT.43,6876.1,Nov-24,10,Home
JAGTERSHOF,6928.4,Nov-24,5,Small Power 2
CHURCH HILL     PAROW,2852.1,Nov-24,8,Home
Churchill Estate,253.1,Nov-24,1,Home
MARINA DA GAMA,2674.9,Nov-24,14,Lifeline1
HARFIELD VILLAGE,2068.8,Nov-24,8,Home
EMAZIZINI RD,753.4,Nov-24,5,Lifeline1
CONISTON PARK,5310.1,Nov-24,1,Small Power 1
BARLERIA 31 PROTEA PARK,381.4,Nov-24,1,Domestic
TULIP 2 PROTEA PARK,396.2,Nov-24,1,Lifeline1
SALAMANDER ST,247.3,Nov-24,1,Lifeline2
SALAAM,933.8,Nov-24,1,Domestic
LANTANA 33 PROTEA PARK,263.3,Nov-24,1,Lifeline1
SCHUYLENBURG 25 SAXONSEA,219.9,Nov-24,1,Lifeline2
BABBLERS 18 ROBINVALE,280.1,Nov-24,1,Domestic
LANGA,4811.6,Nov-24,2,Small Power 1
LANDSDOWNE,339.6,Nov-24,1,Lifeline2
LAKEVIEW MEADOWS,288.4,Nov-24,1,Domestic
38 SHEIGH HASSAN,742.3,Nov-24,1,Domestic
ROODE VOS ROAD,194.7,Nov-24,1,Lifeline2
ATLANTIC VILLAGE,363.1,Nov-24,2,Lifeline1
ROYAL GEORGE 11 EXT13 SEA,306.1,Nov-24,1,Lifeline2
JONKERSHOEK RD,734.8,Nov-24,1,Domestic
DARLING 11 BEACONHILL,335.5,Nov-24,1,Lifeline2
COSTA DA GAMA/CAPRICORN/VRYGROND,7469.1,Nov-24,2,Small Power 1
MAGNOLIA 73 PROTEA PARK,759.5,Nov-24,1,Domestic
TIJGERHOF,2553.7,Nov-24,13,Lifeline1
78 JUNIPER ST,165.2,Nov-24,1,Domestic
MEERMIN 14,499.4,Nov-24,1,Domestic
51 NTYATAMBO STR,243.5,Nov-24,1,Domestic
ADENIUM 36 PROTEA PARK,188.3,Nov-24,1,Lifeline2
3 AGAPANTUS CLOSE,172.7,Nov-24,1,Domestic
16 ANGELIER CRES,188.3,Nov-24,1,Lifeline2
KLEINBOS,1051.8,Nov-24,5,Lifeline1
EDINBURGH 53 SAXONSEA,326.9,Nov-24,1,Lifeline2
WESTGATE,713.7,Nov-24,2,Small Power 2
GLENHAVEN,3629.2,Nov-24,11,Lifeline2
PALMER 25 AVONDALE,318.5,Nov-24,1,Lifeline2
KUSWEG 75,563,Nov-24,1,Home
CHRIS HANI,134.5,Nov-24,3,Domestic
94 MAKHOSI CRES,28.5,Nov-24,1,Domestic
CALVERN ESTATE,2428.9,Nov-24,6,Home
FAIRFIELD 7 SAXONSEA,24.7,Nov-24,1,Domestic
 ATHLONE ,709.3,Nov-24,1,Small Power 2
FUCHIA ST,70.5,Nov-24,1,Domestic
KABONKEL RD,260.7,Nov-24,1,Domestic
STEENBERG ,2029.5,Nov-24,5,Domestic
MITCHELLS PLAIN CBD,4021.1,Nov-24,2,Small Power 1
WINSOR ESTATE,2358.3,Nov-24,14,Lifeline1
SUNRAY,2014.2,Nov-24,10,Lifeline2
LOEVENSTEIN     BELLVILLE,6804.8,Nov-24,13,Home
MONTAGU'S GIFT,428,Nov-24,2,Small Power 2
OVERDALE STREET     PAROW,201,Nov-24,1,Domestic
LOOK SMART MGUDLE ST,283.6,Nov-24,1,Domestic
6 MAYFIELD VILLAGE,121.2,Nov-24,1,Home
BLAAUWBERGSTRAND,7711,Nov-24,10,Small Power 2
TABLE VIEW,634.4,Nov-24,3,Lifeline2
PROTEAHOOGTE,2271.7,Nov-24,9,Lifeline2
GRAANENDAL,1489.8,Nov-24,6,Domestic
"STELLENDALE VILLAGE, STELLENDALE",1246.8,Nov-24,4,Domestic
SALT RIVER ,157.5,Nov-24,1,Domestic
ARISTEA VILLAGE,3948.9,Nov-24,10,Home
BIGNONIA 75 PROTEA PARK,303.3,Nov-24,1,Domestic
COLORADO PARK ,2600.5,Nov-24,6,Home
FIGILNATE 63 SAXONSEA,308.1,Nov-24,1,Lifeline2
HOSTEL TO HOME,272.2,Nov-24,3,Lifeline1
PASCALI STREET     DURBANVILLE,3483.5,Nov-24,10,Home
GORDONS BAY,3051.4,Nov-24,11,Lifeline2
HEATHFIELD 73 PROTEA PARK,230.3,Nov-24,1,Lifeline2
ROTTERDAM 86,345.8,Nov-24,1,Lifeline2
ROZETTA 36,318.5,Nov-24,1,Lifeline2
ROYAL ASCOT,1310.4,Nov-24,5,Lifeline2
PARKWOOD,8917.1,Nov-24,2,Small Power 1
ROTTERDAM 36,247.1,Nov-24,1,Lifeline2
KUSWEG,905.6,Nov-24,5,Domestic
PARKLAAN,561.7,Nov-24,3,Lifeline1
KUILSRIVIER SOUTH SMALLHOLDINGS,273.2,Nov-24,1,Domestic
PAROW VALLEY,1168.2,Nov-24,8,Lifeline1
MOUNTAINVIEW,2745.9,Nov-24,6,Home
ORANJEZICHT,14052.9,Nov-24,6,Small Power 1
UITZICHT TB,6927.8,Nov-24,12,Home
FORRIDAN ST,162,Nov-24,1,Domestic
NEPTUNE 52 AVONDALE,262.6,Nov-24,1,Lifeline2
ISLAND 36 AVONDALE,229.4,Nov-24,1,Lifeline1
BUFFELSNEK 15 SHERWOOD,554.8,Nov-24,1,Domestic
STRAND ,775,Nov-24,3,Lifeline2
VREDEKLOOF EAST,2557.4,Nov-24,4,Small Power 2
Nyanga,223.2,Nov-24,1,Lifeline1
NYANGA ,589.2,Nov-24,3,Lifeline2
VOORTREKKER ROAD     PAROW,2368,Nov-24,9,Domestic
BOTTLEBRUSH STREET 18,376.5,Nov-24,1,Domestic
GLEEMOOR,1843.2,Nov-24,6,Domestic
2 BOTHA STREET,415,Nov-24,1,Small Power 2
STABROEK 7 EXT13 SAXONSEA,247,Nov-24,1,Lifeline2
VAN RIEBEECKWEG,1766.1,Nov-24,7,Home
BEAVERHEAD 8 SHERWOOD,219.7,Nov-24,1,Lifeline2
ASANDA VILLAGE,586.3,Nov-24,3,Lifeline1
SILVER CITY,517.4,Nov-24,5,Lifeline1
BLOEMHOF STOCK,5560.4,Nov-24,13,Domestic
DESMOND TUTU,198.8,Nov-24,1,Lifeline1
ERF 9048     MFULENI,905.1,Nov-24,1,Domestic
CHURCH STREET,166.1,Nov-24,2,Small Power 2
HIGHBURY PARK,1079.4,Nov-24,6,Lifeline1
REV MARAWU ST,179.4,Nov-24,1,Lifeline1
EXT 23     BELHAR,1165.4,Nov-24,7,Lifeline1
CHRIS NISSANPARK,234.5,Nov-24,1,Domestic
ZINNIA 1 PROTEA PARK,394,Nov-24,1,Lifeline2
GROSVENOR 154 AVONDALE,275.7,Nov-24,1,Lifeline1
FAIRDALE,407.4,Nov-24,3,Lifeline1
PHILIPPI EAST,988.6,Nov-24,3,Domestic
HIGHLANDS VILLAGE,647,Nov-24,2,Lifeline2
FAIRFIELD ESTATE,1571.6,Nov-24,7,Lifeline1
ERF 16630,238.6,Nov-24,1,Lifeline2
GREEN POINT,2278.6,Nov-24,13,Lifeline1
WELCOME GLEN,2519.1,Nov-24,9,Domestic
ERF 7887     MFULENI,173.8,Nov-24,1,Lifeline2
TRAFALGAR 7 SAXONSEA,370.1,Nov-24,1,Domestic
HOOP 88 SAXONSEA,499,Nov-24,1,Lifeline2
UNIVERSITY ESTATE,3320.1,Nov-24,8,Home
PEERLESS PARK WEST ,1591.9,Nov-24,1,Small Power 2
LEEUBEKKIE ST  PHASE 3,337.4,Nov-24,1,Domestic
5 SIGUR CLOSE,259.6,Nov-24,1,Lifeline2
HIUS-IN-BOS,17393.5,Nov-24,15,Home
FIGELANTE 16 SAXONSEA,256.9,Nov-24,1,Lifeline1
ARDENNES  BEACONHILL,340.7,Nov-24,1,Lifeline2
ALBATROSS 8 ROBINVALE,261.6,Nov-24,1,Lifeline2
EDINBURGH 22 SAXONSEA,427.9,Nov-24,1,Domestic
HIGHLANDS VILLAGE,811,Nov-24,2,Home
VALLEYFIELD 5 EXT13 S/SEA,286.8,Nov-24,1,Lifeline2
WAVE CREST,622.4,Nov-24,3,Domestic
SACRAMENTO 93 EXT13 S/SEA,228,Nov-24,1,Lifeline2
DALIAH 38 PROTEA PARK,326.5,Nov-24,1,Domestic
LLANDUDNO,1058.3,Nov-24,4,Lifeline2
CROSSROADS,748.5,Nov-24,4,Home
ALBATROSS 24 ROBINVALE,196.5,Nov-24,1,Lifeline2
HEIDEVELDWEG,366.5,Nov-24,2,Lifeline2
HEATHFIELD 85 PROTEAPARK,194.4,Nov-24,1,Lifeline2
VANGUARD EST,2857.1,Nov-24,6,Home
MACASSAR ,234.3,Nov-24,1,Lifeline2
ALBATROSS 17 ROBINVALE,228,Nov-24,1,Lifeline2
THORN LANE 6,316.2,Nov-24,1,Lifeline2
ANDILE NDLENI,617.2,Nov-24,1,Lifeline2
MBOYA ST,704.8,Nov-24,4,Lifeline2
EXT.21     BELHAR,710,Nov-24,2,Domestic
HUMANSHOF,5663.7,Nov-24,8,Home
55 MERRIGOLD CRES,251.1,Nov-24,1,Lifeline2
56 SECOND AVENUE,386.6,Nov-24,1,Home
STARLING 20 ROBINVALE,175.5,Nov-24,1,Domestic
58 THIRD AVENUE,853.7,Nov-24,2,Domestic
RUGBY,18826.1,Nov-24,3,Small Power 1
CASTLEHILL 50 BEACONHILL,386.6,Nov-24,1,Domestic
GREENFIELD,498.5,Nov-24,3,Lifeline1
9 MQOKOTHO AVE,259.6,Nov-24,1,Lifeline2
MONTCLAIRE,542.1,Nov-24,3,Domestic
BERZELIA STREET 29,234.8,Nov-24,1,Lifeline1
17 LEEUBEKKIE CRES,238.5,Nov-24,1,Lifeline2
MORGENSTER,1226.5,Nov-24,7,Lifeline1
PATRYS 11 ROBINVALE,865.1,Nov-24,1,Domestic
STARNDFONTEIN,426,Nov-24,1,Domestic
CAMPS BAY / BAKOVEN,24214.9,Nov-24,6,Small Power 1
BIGNONIA 45 PROTEA PARK,1084.1,Nov-24,1,Domestic
SEA BREEZE,1313.4,Nov-24,6,Domestic
BIGNONIA 77 PROTEA PARK,184.6,Nov-24,1,Domestic
GOODWOOD ESTATE ,9609.8,Nov-24,1,Small Power 2
KALKSTEENFONTEIN,1036,Nov-24,4,Small Power 2
76 TYHALI RD,476.3,Nov-24,1,Lifeline2
PALM LANE,365,Nov-24,2,Lifeline1
OU PAARLWEG,70.4,Nov-24,1,Domestic
BONTEHEUWEL  ,761.4,Nov-24,3,Lifeline1
LAKEVIEW,1852.3,Nov-24,4,Home
BABBLERS 14 ROBINVALE,249.9,Nov-24,1,Domestic
LANGEBERG HEIGHTS,1795,Nov-24,3,Domestic
28 SOUTPANSBERG,206.9,Nov-24,1,Domestic
TALENI ST,236.9,Nov-24,1,Lifeline2
SAN MARINA,1189.8,Nov-24,3,Home
131 RYBURG RD,267.8,Nov-24,1,Lifeline2
139 RYBURG RD,215.3,Nov-24,1,Lifeline2
ERF 7639     MFULENI,389.6,Nov-24,1,Lifeline2
GARDENIA 61 PROTEA PARK,469.4,Nov-24,1,Lifeline2
ERF 50639,240.5,Nov-24,1,Lifeline2
ZONNEBLOEM,2827.2,Nov-24,9,Home
EDWARD 39 AVONDALE,479.8,Nov-24,1,Home
HILLVEIW,249.6,Nov-24,1,Domestic
ZONE 16,330.8,Nov-24,1,Lifeline2
VREDELUST KUILS RIVER,938.4,Nov-24,4,Domestic
JB MARKS,499.4,Nov-24,2,Lifeline2
32 SILIMELA ST,242.6,Nov-24,1,Lifeline2
DIDO 10 SAXONSEA,173.7,Nov-24,1,Lifeline2
VICTORIA STREET     VRIZJEE,218.1,Nov-24,1,Home
KORT STR 16,226.6,Nov-24,1,Lifeline2
KUSWEG 75,406.3,Nov-24,1,Domestic
LA MONTAGNE,7499.9,Nov-24,19,Home
DARTERS 6 ROBINVALE,200.6,Nov-24,1,Lifeline2
CRAVENBY,997.3,Nov-24,3,Domestic
LYSTER 82 ROBINVALE,226.6,Nov-24,1,Lifeline2
MALGAS 35 ROBINVALE,244.7,Nov-24,1,Lifeline2
CONRADIESTRAAT 14,251.5,Nov-24,2,Home
MATHERAN 29 SAXONSEA,189.9,Nov-24,1,Domestic
CIRCLE PARK,226.9,Nov-24,1,Domestic
MELIA 3 PROTEA PARK,385.4,Nov-24,1,Lifeline2
MEMENTO DRIVE     DURBANVILLE,3355.8,Nov-24,7,Home
MONTCLAIR,799.6,Nov-24,6,Lifeline1
MOSSIE 60 ROBINVALE,116.7,Nov-24,1,Domestic
N1 CITY,1188.7,Nov-24,6,Domestic
NERINA     DURBANVILLE,5591.7,Nov-24,11,Home
NOMZAMO,455.8,Nov-24,2,Home
BRACKENFELL CENTRAL,4791.5,Nov-24,4,Small Power 2
STELLENBERG     BELLVILLE,8046,Nov-24,14,Home
86 FIRST AVENUE,247.6,Nov-24,1,Home
BLACKDOWN 26 BEACONHIL,389.5,Nov-24,1,Domestic
SIR LOWRY'S PASS,4343.4,Nov-24,7,Home
BELLVILLE SOUTH INDUSTRIAL,2384.5,Nov-24,6,Home
BELLVILLE EXT.22,3685.5,Nov-24,7,Home
PRIMROSE PARK,1411.6,Nov-24,7,Lifeline1
SILESIA WAY 46,244.7,Nov-24,1,Lifeline2
RAVENSMEAD     TS 10/96,251,Nov-24,1,Lifeline2
REHOBOTH,616,Nov-24,1,Domestic
SHELLEY 69 AVONDALE,137.3,Nov-24,1,Lifeline1
EXT 4     MFULENI,318.1,Nov-24,3,Lifeline1
FRANCIS RD,550.9,Nov-24,2,Lifeline2
STEPHEN ROAD,587.8,Nov-24,1,Domestic
ERF 9028     MFULENI,183.7,Nov-24,1,Lifeline2
BEROMA CRESCENT 9     GLENHAVEN,383.8,Nov-24,1,Home
CURLEW 3 ROBINVALE,232.1,Nov-24,1,Lifeline2
FRANCIS RD,523.5,Nov-24,4,Lifeline1
HEATHFIELD 64 PROTEAPARK,292.9,Nov-24,1,Lifeline2
SUMMER GREENS,2206.9,Nov-24,7,Small Power 2
AND MJODO STR,625.6,Nov-24,4,Lifeline1
CHRISMAR     BELLVILLE,6550,Nov-24,13,Home
ERF 7793     MFULENI,183.3,Nov-24,1,Domestic
MXOLISI PHETANI,194.8,Nov-24,1,Home
SALT RIVER ,744.3,Nov-24,3,Home
LELIE AVE 4,215.2,Nov-24,1,Lifeline2
GAZONIA 54 PROTEA PARK,166.9,Nov-24,1,Lifeline2
BELGRAVIA,7475,Nov-24,1,Small Power 1
96 MERRIGOLD CRES,159.9,Nov-24,1,Domestic
PLATTEKLOOF,3930,Nov-24,5,Small Power 2
OAKDALE   ,1405.7,Nov-24,1,Home
DEERLODGE 69 SHERWOOD,296.3,Nov-24,1,Domestic
KEHRWEIDER 57 SAXONSEA,231.3,Nov-24,1,Lifeline1
COSMOS CLS 9 PROTEA PARK,355.9,Nov-24,1,Lifeline2
MELKBOSCH STRAND,1436.5,Nov-24,5,Lifeline1
OLIENHOUTSTRAAT,1591.7,Nov-24,7,Home
DISA 28 PROTEA PARK,256.5,Nov-24,1,Lifeline1
VILLAGE 4A-ERF 11625,301.5,Nov-24,1,Lifeline2
ERF 8158,252,Nov-24,1,Domestic
PROTEA WAY,353.8,Nov-24,1,Lifeline2
WINDSOR PARK ESTATE,1620.2,Nov-24,4,Lifeline1
PEARLMANSION 21,179.5,Nov-24,1,Lifeline2
MONTAGUE VILLAGE,662.8,Nov-24,2,Lifeline2
THORN LANE 55,190,Nov-24,1,Lifeline2
DELFT,1124.1,Nov-24,4,Domestic
FRESNAYE,1140,Nov-24,3,Lifeline2
ERF 7628     MFULENI,730.4,Nov-24,1,Domestic
MARINERSWEG,867.8,Nov-24,4,Domestic
MAGNET 24 SAXONSEA,443.6,Nov-24,1,Domestic
MARIA CLOSE 9,21.1,Nov-24,1,Domestic
STIKLAND,6262.4,Nov-24,3,Small Power 1
STEENBERGT,359.4,Nov-24,1,Lifeline1
ACACIA 71 PROTEA PARK,412.7,Nov-24,1,Lifeline2
EPPING INDUSTRIA 2,5550.1,Nov-24,7,Small Power 2
BEACH ROAD,1367.8,Nov-24,2,Home
GARDENIA 35 PROTEA PARK,177.4,Nov-24,1,Lifeline2
LANTANA 9 PROTEA PARK,204.7,Nov-24,1,Lifeline2
KHORHAMER STR 20,257.2,Nov-24,1,Lifeline2
72 12TH AVE,425,Nov-24,1,Domestic
GORDON.S BAY CENTRAL,5460.2,Nov-24,14,Home
KLEIN SONEIKE,2228.7,Nov-24,5,Home
CAPRI,1369.7,Nov-24,10,Small Power 2
ERF 25061,81.6,Nov-24,1,Small Power 2
WINDSOR 45 EXT13 SAXONSEA,256.4,Nov-24,1,Lifeline1
ERF 2592,236.7,Nov-24,1,Domestic
SACRAMENTO 75 EXT13 SAXON,324.3,Nov-24,1,Lifeline2
EDENPARK,2949.2,Nov-24,12,Lifeline2
KNYSNA 55,233.3,Nov-24,1,Lifeline1
SHELLY 15 AVONDALE,290.8,Nov-24,1,Lifeline2
17 BECOTT RD,225.4,Nov-24,1,Home
SWALLOW RD,249.1,Nov-24,1,Lifeline2
MARIGOLD 44 PROTEA PARK,322.2,Nov-24,1,Lifeline2
SURREY ESTATE ,209.3,Nov-24,2,Small Power 2
SITE5,193.1,Nov-24,1,Lifeline2
ZOO PARK,2272.1,Nov-24,8,Lifeline2
WELGEMOED,595.5,Nov-24,2,Domestic
PEARL MAN 97 AVONDALE,178.5,Nov-24,1,Lifeline2
WELCOME GLEN,2208,Nov-24,9,Lifeline2
9 SYCAMORE CRES,282.3,Nov-24,1,Lifeline2
GHIKA 86 SAXONSEA,424,Nov-24,1,Lifeline2
13TH AVE,503.5,Nov-24,4,Lifeline1
PINATI EST,2007.6,Nov-24,4,Home
WILLOW WALK,296.6,Nov-24,1,Lifeline2
DURHEIM,1441.6,Nov-24,5,Lifeline2
0 SECOND AVENUE,899.7,Nov-24,6,Domestic
ADENIUM 41 PROTEA PARK,223.5,Nov-24,1,Lifeline2
51 DEBEZA ST,297,Nov-24,1,Lifeline2
ROOM 1,125.3,Nov-24,1,Lifeline1
IKWEZI PARK,1189.6,Nov-24,7,Lifeline1
IKWELERA STREET 71D     MFULENI,217.2,Nov-24,1,Lifeline2
32 MAKHOSI CRES,76,Nov-24,1,Lifeline1
PAROW INDUSTRIA,1963.3,Nov-24,10,Lifeline1
GOEDEHOOP 28 SAXONSEA,216.5,Nov-24,1,Lifeline1
AUSTELL RD,1400.6,Nov-24,4,Domestic
LEONSDALE,213,Nov-24,1,Lifeline2
SARPINE 4 EXT13 SAXONSEA,167.3,Nov-24,1,Domestic
PARKWOOD EST,469.1,Nov-24,3,Lifeline1
146324,171,Nov-24,1,Lifeline2
OCEAN PEAKS,3053.7,Nov-24,7,Home
ZINNIA 7 PROTEA PARK,302,Nov-24,1,Lifeline2
8TH AVENUE     RAVENSMEAD,210.9,Nov-24,1,Lifeline2
SOL PLATTJIES,209,Nov-24,1,Domestic
ERF 16450,183.6,Nov-24,1,Lifeline2
PROTEA STR 2,376.2,Nov-24,1,Domestic
SONEIKE II,1541.6,Nov-24,6,Lifeline2
OKAVANGO PARK ,1097.2,Nov-24,8,Small Power 2
ALBERT ROAD,764.1,Nov-24,3,Lifeline2
STIKLAND,11225.6,Nov-24,11,Home
DARTERS 3 ROBINVALE,400,Nov-24,1,Lifeline2
STRAND GOLF ESTATE,170.4,Nov-24,1,Small Power 2
SAND INDUSTRIA,4656.9,Nov-24,8,Home
"WATERKLOOF, DE BRONEXT 4",5551.2,Nov-24,13,Home
LANG AVE 47,372.6,Nov-24,1,Lifeline2
KIRSTENHOF,2924.6,Nov-24,11,Lifeline2
DIDO 12 SAXONSEA,280.2,Nov-24,1,Lifeline2
BO-KAAP,2475.1,Nov-24,7,Small Power 2
MALGAS 4 ROBINVALE,213.1,Nov-24,1,Lifeline2
ALBATROS 14 ROBINVALE,223.5,Nov-24,1,Lifeline2
GREENLANDS ,311.3,Nov-24,1,Lifeline2
ZEELAND 68 EXT13 SAXONSEA,166.8,Nov-24,1,Lifeline2
BATANDWA RD,140.9,Nov-24,1,Domestic
RYLANDS/DOORNHOOGTE,2626.1,Nov-24,11,Lifeline1
OVEAN VIEW,269.7,Nov-24,1,Lifeline2
MONINGSTAR     DURBANVILLE,759.7,Nov-24,1,Domestic
KWIKKIE 20 ROBINVALE,435.2,Nov-24,1,Domestic
CANARY 15 ROBINVALE,276,Nov-24,1,Lifeline2
CANARY 2 ROBINVALE,140.3,Nov-24,1,Domestic
GALAWENI,763.8,Nov-24,4,Lifeline2
ON THE BAY,502.6,Nov-24,1,Domestic
CASTLEHILL 98 BEACONHILL,197.6,Nov-24,1,Lifeline1
LUNTU ST,311,Nov-24,1,Domestic
37 TAHOE WAY,307.5,Nov-24,1,Lifeline2
MARIGOLD 38 PROTEA PARK,306.6,Nov-24,1,Lifeline2
DARTERS 11 ROBINVALE,201.7,Nov-24,1,Lifeline1
MANSFIELD,755.6,Nov-24,3,Lifeline2
VALLEYFIELD 39 EXT13 SSEA,158.3,Nov-24,1,Lifeline2
"9 WELMAR ROAD,PENLYNESTATE",730.6,Nov-24,1,Home
SCHAAPKRAAL,3592.2,Nov-24,7,Home
KINGFISHER 10 ROBINVALE,189.8,Nov-24,1,Lifeline2
GOEDEHOOP 65 SAXONSEA,233.9,Nov-24,1,Lifeline2
DESHAMPDON,304.9,Nov-24,1,Home
BO-KAAP,1751.1,Nov-24,9,Lifeline1
PROTEA STR 9 PROTEA PARK,196.5,Nov-24,1,Lifeline2
ANUBIS 19 AVONDALE,136,Nov-24,1,Domestic
EDWARD,1763.9,Nov-24,6,Domestic
EAGLESNEST 5 ROBINVALE,259.1,Nov-24,1,Lifeline2
PEARL 101 AVONDALE,200.3,Nov-24,1,Lifeline2
17 FIRST AVENUE,1573.5,Nov-24,6,Domestic
HOMERIA 11 PROTEA PARK,193.3,Nov-24,1,Lifeline1
PENELOPE 49 AVONDALE,717.5,Nov-24,1,Domestic
GOODWOOD EXT 1,1013.5,Nov-24,1,Home
OTTERY EAST,1574.2,Nov-24,1,Small Power 1
7 BELLMONT RD,290.7,Nov-24,1,Domestic
ERF 9595     MFULENI,288.5,Nov-24,1,Lifeline2
CAMPS BAY,14423.6,Nov-24,5,Small Power 1
SACRAMENTO 29 EXT13 S/SEA,290.2,Nov-24,1,Lifeline2
VREDELUST,1173,Nov-24,3,Lifeline2
4 FISKAAL,138.9,Nov-24,1,Domestic
ERICA 27 PROTEA PARK,354.2,Nov-24,1,Domestic
72 SIXTH AVENUE,117,Nov-24,1,Home
GOODWOOD SPORTS GROUND,1043,Nov-24,3,Home
19 LILY ST,177,Nov-24,1,Domestic
PEERLESSPARK WES,2065.1,Nov-24,4,Home
PLOVER 13 ROBINVALE,158.3,Nov-24,1,Lifeline2
SACRAMENTO 87 EXT13 S/SEA,246.5,Nov-24,1,Lifeline2
ERF 7778     MFULENI,309.6,Nov-24,1,Lifeline2
LINGELIHLE FLATS,776.4,Nov-24,8,Lifeline1
DWESALANE 10 SHERWOOD,241.8,Nov-24,1,Domestic
STROEBEL STREET 149     RAVENSMEAD,313.8,Nov-24,1,Lifeline2
SHELLY 65 AVONDALE,220.9,Nov-24,1,Lifeline2
MORGENSTER HOOGTE,4275.1,Nov-24,1,Small Power 1
ROYAL GEORGE 9 EXT13 SSEA,196.1,Nov-24,1,Lifeline2
WINDSOR ESTATE,1084.7,Nov-24,7,Small Power 2
51 KOBODI ST,436.8,Nov-24,1,Lifeline2
3 LILLIAN NGOYI DRIVE,440.2,Nov-24,1,Lifeline2
EDINBURGH 64 SAXONSEA,208.4,Nov-24,1,Lifeline1
ILLAIRE,5888.4,Nov-24,17,Home
LAMYENI RD,439.7,Nov-24,1,Lifeline2
PEERLESS PARK WEST,7119.3,Nov-24,2,Small Power 1
GORDONS STRAND ESTATE,860.8,Nov-24,1,Small Power 2
WILLOW CRT,212.9,Nov-24,1,Lifeline2
SILVERHURST,309.5,Nov-24,1,Lifeline2
HIGH CONSTANTIA,6202.4,Nov-24,1,Small Power 2
38 TAHOE WAY,166.7,Nov-24,1,Lifeline2
WESLEY ST,4640.2,Nov-24,9,Small Power 2
ERF 162280,175.1,Nov-24,1,Lifeline2
BIERVLEI 2 SHERWOOD,393.5,Nov-24,1,Lifeline2
NORTHWAY STREET 62     RAVENSMEAD,227.6,Nov-24,1,Lifeline2
ZUURBERGWEG,440.9,Nov-24,1,Domestic
GHIKA 52 SAXONSEA,185.6,Nov-24,1,Lifeline2
FLORIDA     PAROW,127.3,Nov-24,1,Domestic
HOOSAIN PARKER,297,Nov-24,2,Lifeline1
ERF 7527     MFULENI,388.4,Nov-24,1,Domestic
SUNSHINE HOF 1     PAROW,222,Nov-24,1,Home
PHILLIPI ,113.9,Nov-24,2,Domestic
PINEHURST     DURBANVILLE,2934.7,Nov-24,9,Home
GREENFIELDS     LWANDLE,770.5,Nov-24,5,Lifeline1
SAN REMO,1183,Nov-24,4,Domestic
MASONWABE ST,658,Nov-24,1,Domestic
GHIKA 70 SAXONSEA,576.6,Nov-24,1,Domestic
MOUILLE POINT,1657.6,Nov-24,6,Small Power 2
ERF 7896     MFULENI,284.3,Nov-24,1,Lifeline2
EDGEMEAD,20695.8,Nov-24,4,Small Power 1
98 MERRIGOLD CRES,270.9,Nov-24,1,Lifeline2
ZUURBERG WEG,204.5,Nov-24,1,Lifeline2
MILLDENE STREET     RAVENSMEAD,405.7,Nov-24,2,Lifeline1
EDINBURGH 91 SAXONSEA,168.8,Nov-24,1,Lifeline2
SOL PLAATJIES,557.7,Nov-24,2,Lifeline2
FARLEIGH 9 SHERWOOD,309.2,Nov-24,1,Lifeline2
VREDELUST BELLVILLE,2294.9,Nov-24,9,Small Power 2
SOMERSET RIDGE,1953.6,Nov-24,4,Domestic
23 PETUNIA ST,221.3,Nov-24,1,Lifeline2
BRANTWOOD,1708,Nov-24,7,Lifeline2
BRACKEN HEIGHTS,1857,Nov-24,10,Lifeline1
WILLOW RD,380.8,Nov-24,1,Domestic
NDABENI ST,801.7,Nov-24,4,Lifeline2
ROOIBEKKIE 11 ROBINVALE,162.4,Nov-24,1,Lifeline2
BONTEHEUWEL  ,696.3,Nov-24,2,Lifeline2
MULLER RD,284.2,Nov-24,1,Lifeline2
ARISTIA 4 PROTEA PARK,201.6,Nov-24,1,Lifeline1
OKAVANGO PARK,5041.3,Nov-24,7,Home
SUN ROAD 3 AVONDALE,175,Nov-24,1,Lifeline2
IBIS STREET     DURBANVILLE,2613,Nov-24,10,Home
KINGFISHER 30 ROBINVALE,158.2,Nov-24,1,Lifeline2
HYDRANGEA 70 PROTEA PARK,380.4,Nov-24,1,Lifeline2
VREDENHOFSTRAAT,2251.9,Nov-24,7,Home
OLGA RD,200.2,Nov-24,1,Lifeline2
65 MAKHOSI CRESC,155.1,Nov-24,1,Lifeline2
KLEIN BRON,1111.4,Nov-24,5,Lifeline1
JONKERSHOEK WAY (SHOP 4),115.3,Nov-24,1,Domestic
JOUBERTPARK     BELLVILLE,2107.2,Nov-24,4,Home
ERF 44980,526.5,Nov-24,1,Home
VAN RYNEVELD,2502.5,Nov-24,8,Domestic
DE OUDE SPRUIT,2024.3,Nov-24,6,Lifeline2
MORGAN INDUSTRIA,2634.4,Nov-24,7,Small Power 2
MONTVIDEO,683.6,Nov-24,2,Lifeline2
DENNESINGEL,309,Nov-24,1,Lifeline2
SALAMANDA,152.5,Nov-24,1,Lifeline2
Nyanga KTC,111.9,Nov-24,1,Lifeline1
OOSTERZEE,1144.8,Nov-24,3,Small Power 2
WESTRIDGE - MITCHELLS PLAIN,549.7,Nov-24,3,Home
ROUNDHAY,2322.9,Nov-24,11,Domestic
MONTAGUE GARDENS INDUSTRIAL,1700.6,Nov-24,4,Home
HOOP 5 EXT13 SAXONSEA,80.6,Nov-24,1,Domestic
DEERLODGE 22 SHERWOOD,396.8,Nov-24,1,Domestic
BROAD WAY,469.6,Nov-24,2,Domestic
RAAP STREET,530.1,Nov-24,1,Domestic
PAARDEVLEI,850.7,Nov-24,2,Home
HOOP 120,318.4,Nov-24,1,Lifeline2
SOUTH FORK,1596.5,Nov-24,3,Home
HILLVEIW,300.7,Nov-24,2,Lifeline2
ZEELAND 78 EXT13 SAXONSEA,109.5,Nov-24,1,Lifeline1
UITZICHT     GOODWOOD,345.4,Nov-24,1,Home
SEARIDGE PARK,612.5,Nov-24,4,Lifeline1
ERF 161813,230.6,Nov-24,1,Domestic
LEONARD RADU,193.2,Nov-24,3,Domestic
ZAZULWANA CRESC,305.2,Nov-24,1,Lifeline2
EDINBURGH 60 SAXONSEA,154,Nov-24,1,Lifeline2
ROYAL GEORGE 15 EXT13 SEA,170.8,Nov-24,1,Lifeline2
BELHAR EXT 16,258.6,Nov-24,1,Lifeline2
ERF 7096     MFULENI,166.6,Nov-24,1,Lifeline2
LOERIE 8 ROBINVALE,137.8,Nov-24,1,Domestic
ROTTERDAM 24 AVONDALE,323.3,Nov-24,1,Domestic
WELTVREDEN VALLEY,432.9,Nov-24,2,Lifeline2
WOODBURY,945.1,Nov-24,3,Domestic
BELLVILLE EXT.38,5476.9,Nov-24,10,Home
FIGILANTE 24 SAXONSEA,301,Nov-24,1,Lifeline2
CROW 19 ROBINVALE,490,Nov-24,1,Lifeline2
PEARL 93 AVONDALE,261.1,Nov-24,1,Lifeline2
THORN LANE 13,315.2,Nov-24,1,Lifeline1
PEARL MAN 86 AVONDALE,164.7,Nov-24,1,Lifeline2
PHILLIPPI WEST,204.4,Nov-24,1,Lifeline2
THORN LANE 56,439.6,Nov-24,1,Lifeline2
ROTTERDAM 79 AVONDALE,292.6,Nov-24,1,Lifeline2
CRAVENBY,2445.1,Nov-24,5,Home
LYSTER 28 ROBINVALE,389.2,Nov-24,1,Lifeline2
SOETWATER WEG,352.4,Nov-24,2,Lifeline2
COLLLIN WILLIAMS STR,363.9,Nov-24,1,Lifeline2
WATERLOO 13 EXT13 S/SEA,191,Nov-24,1,Lifeline1
STARLING 17 ROBINVALE,469.1,Nov-24,1,Domestic
SEVEN OAKS RD,1570,Nov-24,6,Lifeline2
CHAPMAN'S PEAK(NOORDHOEK),4083.5,Nov-24,5,Domestic
8A 2ND AVE,637.1,Nov-24,1,Home
EDGAR BULLOCK STREET     RAVENSMEAD,447.1,Nov-24,1,Domestic
NOOIENSFONTEINWEG     NOOIENSFONTEIN,596,Nov-24,2,Lifeline2
PALACE HILL RD,1574.3,Nov-24,6,Home
MILNERTON,10480.8,Nov-24,5,Small Power 1
GRANNY FLAT,434.7,Nov-24,3,Domestic
GHIKA 30 SAXONSEA,184.5,Nov-24,1,Lifeline2
GROENKOP 6 SHERWOOD,155.3,Nov-24,1,Domestic
BRIDGEWATER,1758.5,Nov-24,5,Domestic
THIRD AVENUE     BELMONT PARK,589.4,Nov-24,1,Domestic
KINGSTON,2358.1,Nov-24,6,Small Power 2
37 DIMBAZA RD,216.9,Nov-24,1,Lifeline2
ERF 164949,263.1,Nov-24,1,Lifeline2
HOOGEGEES 15 SAXONSEA,249.8,Nov-24,1,Lifeline1
GORDONS BAY,1075.3,Nov-24,2,Small Power 2
BLOCK G14,626.4,Nov-24,6,Lifeline1
GOEDEMOED ROAD     DURBANVILLE,2037.7,Nov-24,5,Home
BELLVILLEBELLVILLE SOUTH,220.1,Nov-24,1,Small Power 2
VALLEYFIELD 13 EXT13 SSEA,307.2,Nov-24,1,Lifeline2
BONTEHEUWEL AVE,120.3,Nov-24,1,Domestic
BELINDAS WALK,363.2,Nov-24,1,Lifeline1
59 COLUMBINE RD,482,Nov-24,1,Domestic
NIGHTINGALE 16 AVONDALE,457.3,Nov-24,1,Lifeline2
NAMAQUA STR 6 SAXONSEA,208.5,Nov-24,1,Lifeline2
NAMAQUA 20 SAXONSEA,458.7,Nov-24,1,Domestic
 BELLVILLE SOUTH ,686,Nov-24,2,Domestic
KARBONKEL RD,373.8,Nov-24,1,Domestic
DE TIJGER,3243.3,Nov-24,5,Small Power 2
SKILPADVLEI,5535.3,Nov-24,10,Home
MAITLAND GARDEN VILLAGE,1150.6,Nov-24,5,Lifeline2
CENTURY CITY,5051.7,Nov-24,4,Small Power 1
FISKAAL 56 ROBINVALE,341.6,Nov-24,1,Domestic
ZAIWU CLOSE,1123.7,Nov-24,3,Domestic
NKELEKETHA RD,443.1,Nov-24,3,Lifeline1
KENWYN,496.8,Nov-24,2,Domestic
METEREN STREET 10,93.6,Nov-24,1,Domestic
EPPING INDUSTRIA 2,6647.1,Nov-24,3,Small Power 1
 MFULENI,439.2,Nov-24,2,Lifeline1
VREDENBERG     BELLVILLE,5429.3,Nov-24,12,Home
CROW 5 ROBINVALE,288.3,Nov-24,1,Lifeline2
HOOP 112,210.7,Nov-24,1,Lifeline2
MYNA 21 ROBINVALE,230.9,Nov-24,1,Lifeline1
OOSTERSEE,936.5,Nov-24,2,Small Power 2
EKUPHUMLENI RD,534.3,Nov-24,2,Lifeline1
EAST ROCK,3255.2,Nov-24,5,Home
RIVERSIDE PARK,418.3,Nov-24,1,Home
ROTTERDAM 78,95.9,Nov-24,1,Domestic
8 MATHIAS CLOSE,342.5,Nov-24,1,Home
MABILLE PARK,2923.7,Nov-24,7,Lifeline2
Hout Bay,304.5,Nov-24,1,Lifeline1
GORDON'S BAY,1245.2,Nov-24,9,Lifeline1
BLOMMENDAL     BELLVILLE,4730.7,Nov-24,8,Home
PAROWVALLEI     PAROW,2107.9,Nov-24,6,Lifeline2
PINELANDS,11100.5,Nov-24,2,Small Power 1
ERF 50688,216.8,Nov-24,1,Lifeline2
BRENTWOOD PARK - DURBANVI,6280.7,Nov-24,8,Home
CROW 6 ROBINVALE,379.2,Nov-24,1,Domestic
LOTUS RIVER ,387.4,Nov-24,1,Small Power 2
SIMONS TOWN,1924.5,Nov-24,1,Small Power 2
PENELOPE 22 AVONDALE,181.1,Nov-24,1,Lifeline2
CASTALIS 34 PROTEA PARK,216.1,Nov-24,1,Lifeline1
CORAL 13 AVONDALE,149.6,Nov-24,1,Lifeline2
ELK 19 SHERWOOD,197.9,Nov-24,1,Lifeline2
11TH AVE,473.3,Nov-24,2,Home
PHILLIPI,1289.7,Nov-24,4,Home
GLORIOSA 10,229.4,Nov-24,1,Lifeline2
DE TUIN,871.4,Nov-24,4,Lifeline1
BERGPLAATS 33 SHERWOOD,363.8,Nov-24,1,Lifeline2
MONTVIDEO,394.8,Nov-24,3,Domestic
DES HAMPDEN,1586.2,Nov-24,6,Domestic
JAKARANDAS,1603.3,Nov-24,5,Home
SHASTA WAY 29,265.3,Nov-24,1,Lifeline2
STEEENBERG,197.2,Nov-24,1,Lifeline1
WINDSOR 39 EXT13 SAXONSEA,254.6,Nov-24,1,Lifeline2
ARAUNA,2813.6,Nov-24,17,Domestic
CAMPS BAY / BAKOVEN,6831.6,Nov-24,12,Domestic
SCHARTZWALD RD,422.7,Nov-24,1,Lifeline2
PALM LANE 75,147.5,Nov-24,1,Lifeline2
HOMERIA 17 PROTEA PARK,180.4,Nov-24,1,Lifeline1
SCHOONGEZICHT     DURBANVILLE,4391.4,Nov-24,7,Home
NKELEKETHA,282,Nov-24,1,Lifeline2
KINGFISHER 32 ROBINVALE,140.3,Nov-24,1,Lifeline1
ALBERT ROAD,1741.3,Nov-24,3,Small Power 2
ERF 49468,300.8,Nov-24,1,Lifeline2
IBOSA 5 PROTEA PARK,288.9,Nov-24,1,Lifeline2
CAREY PARKS,247,Nov-24,1,Lifeline2
SANLAMHOF,1340.4,Nov-24,7,Lifeline1
DIEP RIVER,2128.8,Nov-24,11,Lifeline1
20 LEEUBEKKIE ST,158.4,Nov-24,1,Lifeline1
FREDRICK RD,1562,Nov-24,2,Domestic
MIKA STREET     PAROW,863.2,Nov-24,3,Home
MARCONI BEAM,8785.2,Nov-24,10,Home
BUNTING 97 ROBINVALE,180.4,Nov-24,1,Lifeline1
EDINBURGH 27 SAXONSEA,158,Nov-24,1,Lifeline2
MONTAGUE,1134.5,Nov-24,4,Lifeline2
ANCHORAGE PARK,1675.4,Nov-24,7,Lifeline1
43 TAHOE WAY,201.4,Nov-24,1,Lifeline1
DINGLE ROAD     GOODWOOD,418.5,Nov-24,3,Home
NY 78,214.7,Nov-24,1,Lifeline2
WESTRIDGE - MITCHELS PLAIN ,1300.5,Nov-24,3,Domestic
FUCHSIA 8,445.7,Nov-24,1,Lifeline2
PELIKAN PARK ,316.2,Nov-24,1,Lifeline2
WINDEMERE,313.4,Nov-24,2,Domestic
BONTEHEUWEL ,64.2,Nov-24,1,Lifeline2
VILLAGE 4,233.6,Nov-24,1,Lifeline2
POKELA ROAD,666.7,Nov-24,1,Domestic
BABBLERS 16 ROBINVALE,235.7,Nov-24,1,Lifeline2
ERF 7786     MFULENI,180.9,Nov-24,1,Domestic
SONSTRAAL,3002.5,Nov-24,7,Domestic
MITCHELLS PLAIN SOUTH,354.8,Nov-24,3,Lifeline2
LOERIE 22 ROBINVALE,256.3,Nov-24,1,Lifeline2
NERINA 34 PROTEA PARK,254.7,Nov-24,1,Lifeline2
BELLVILLE EAST,557.2,Nov-24,2,Lifeline2
GLENCAIRN HEIGHTS,4078.9,Nov-24,13,Domestic
GULLHAVEN 8 ROBINVALE,208.4,Nov-24,1,Lifeline2
LYSTER 80 ROBINVALE,346.6,Nov-24,1,Lifeline2
BUFFELSNEK 12 SHERWOOD,267.2,Nov-24,1,Lifeline2
ROZETTE 23,98.8,Nov-24,1,Domestic
SONNEDAL,2093.3,Nov-24,3,Small Power 2
PIKKEWYN 1 ROBINVALE,207.6,Nov-24,1,Domestic
KHORHAMER STR 10,448.4,Nov-24,1,Domestic
MADEIRA DRIVE,408.8,Nov-24,1,Home
BOSTON    ,1564.1,Nov-24,3,Home
BLACKDOWN 17 BEACONHILL,317.7,Nov-24,1,Lifeline2
WAIROA,4067,Nov-24,10,Home
BUILDING L6,691.1,Nov-24,9,Lifeline1
KOCHIA 4 PROTEA PARK,156.4,Nov-24,1,Domestic
SOUTHFIELD ,190.5,Nov-24,1,Home
DONEGAL RD,294.4,Nov-24,1,Domestic
HOOP 70 SAXONSEA,357.4,Nov-24,1,Lifeline2
HEATHFIELD 54 PROTEAPARK,342.5,Nov-24,1,Domestic
UITSIG,2763.2,Nov-24,7,Lifeline2
11 BELLMUNT RD,46.1,Nov-24,1,Domestic
NORMANDI,1558.9,Nov-24,4,Home
GERSHAM  ,652.8,Nov-24,1,Home
BISKOP MARX STR 3,81.2,Nov-24,1,Domestic
70 THIRD AVENUE,2522.3,Nov-24,10,Home
LAGOON BEACH,4310,Nov-24,15,Home
WOODBURY,359.2,Nov-24,1,Home
141 FIRST AVENUE,1908.3,Nov-24,8,Home
SCOTSVILLE,17.1,Nov-24,1,Domestic
44 YORKSHIRE CRES,121.2,Nov-24,1,Domestic
LWANDLA,740.8,Nov-24,1,Domestic
27 TAMBO ST,59.8,Nov-24,1,Domestic
KENWYN,2200.3,Nov-24,7,Lifeline2
9 VIOLET CRES,452.9,Nov-24,1,Domestic
BISCHOP LAVIS,398.8,Nov-24,1,Domestic
MANDELA RD,33.8,Nov-24,1,Domestic
KENT 85 SAXONSEA,185.3,Nov-24,1,Lifeline1
DWESALANE 19 SHERWOOD,376.5,Nov-24,1,Domestic
ACACIA 18 PROTEA PARK,550.9,Nov-24,1,Domestic
MAGNOLIA 40 ROBINVALE,244.3,Nov-24,1,Lifeline2
MELANI CRES,210.4,Nov-24,1,Lifeline2
BERGVLIET,7295.5,Nov-24,2,Small Power 1
VICTORYHILL,1467.3,Nov-24,3,Home
WILDWOOD,518.3,Nov-24,2,Lifeline1
PLATTEKLOOF GLEN,3122.7,Nov-24,11,Lifeline2
FERNESS ESTATE,2613.5,Nov-24,5,Home
EENSGEVONDEN,1512.4,Nov-24,5,Domestic
HOOPOE 25 ROBINVALE,244.1,Nov-24,1,Domestic
66 KOBODU ST,317.6,Nov-24,1,Lifeline2
ROTTERDAM 42,340.2,Nov-24,1,Lifeline2
HOOP 132 SAXONSEA,290.3,Nov-24,1,Lifeline2
DEERLODGE 95 SHERWOOD,198.8,Nov-24,1,Domestic
TARA     DURBANVILLE,1434.5,Nov-24,3,Home
ERF 7782     MFULENI,358.8,Nov-24,1,Domestic
NKELEKETHA ST,198.6,Nov-24,1,Domestic
WESTRIDGE - MITCHELLS PLA,1711,Nov-24,6,Home
TAMBO VILLAGE,708.6,Nov-24,3,Lifeline2
STEENBERG ,330.5,Nov-24,2,Lifeline1
1803,252.7,Nov-24,1,Domestic
IMHOFF'S GIFT,118.7,Nov-24,1,Domestic
RICK TURNER ST,23.8,Nov-24,2,Domestic
UNKNOWN,2464,Nov-24,4,Small Power 2
BELLE CONSTANTIA,3098.9,Nov-24,5,Domestic
ERIJAVILLE,318.2,Nov-24,2,Lifeline2
HEATHFIELD 5 PROTEAPARK,197.8,Nov-24,1,Lifeline2
SHELLY 25 AVONDALE,396.8,Nov-24,1,Domestic
DIE PALMS,2273.4,Nov-24,5,Home
DELWYN RYLAAN     GOODWOOD,187,Nov-24,1,Domestic
LANTANA 30 PROTEA PARK,205.5,Nov-24,1,Lifeline1
GROSVENOR 47 AVONDALE,87.3,Nov-24,1,Domestic
VOORTREKKERWEG     GOODWOOD,260.5,Nov-24,1,Home
MASIPHUMELE  SITE -,252.1,Nov-24,2,Domestic
BEACONHILL,841.5,Nov-24,3,Small Power 2
ERF 9690     MFULENI,465,Nov-24,1,Lifeline2
PAARDEN EILAND,261.2,Nov-24,2,Lifeline1
ELEVENTH AVENUE 138     BELMONT PARK,123,Nov-24,1,Home
BONGWENI ST,477.5,Nov-24,2,Lifeline2
THABO MBEKI EAST,213.2,Nov-24,1,Domestic
KLINKER STR 13,239.8,Nov-24,1,Lifeline2
TERMINUS RD,182,Nov-24,1,Lifeline1
EDINBURGH 73 SAXONSEA,157.8,Nov-24,1,Lifeline2
KING EDWARD STREET     PAROW,185.3,Nov-24,1,Domestic
CONSTANTIA VALE,3709,Nov-24,10,Lifeline2
JAGTERSHOF,1107.2,Nov-24,6,Lifeline1
DEMOCRACY DRIVE,879.6,Nov-24,2,Domestic
 FAIRFIELD ESTATE,163.1,Nov-24,1,Home
KENILWORTH ,159.9,Nov-24,1,Small Power 2
NTILENI RD,162.1,Nov-24,1,Lifeline1
BRWNS FARM,128.5,Nov-24,1,Lifeline1
ZUURBERGWEG,204,Nov-24,1,Lifeline2
DE GOEDE HOOP,176.7,Nov-24,1,Lifeline2
GLENCAIRN HEIGHTS,3307.3,Nov-24,2,Small Power 1
SQUARE HILL,2680.7,Nov-24,6,Home
SITHEMBELE MATISO,230.6,Nov-24,1,Lifeline1
CLIFTON,7330.5,Nov-24,13,Domestic
ANTHIA WALK,143.1,Nov-24,1,Lifeline2
HEIDEVELD   ,689.4,Nov-24,2,Lifeline2
ALBATROSS 19 ROBINVALE,141,Nov-24,1,Lifeline2
PHILPPE,115.9,Nov-24,1,Lifeline1
KIRSTENHOF(1),2331.6,Nov-24,8,Lifeline2
ZONE 20,170.4,Nov-24,2,Domestic
SECOR PARK,283.8,Nov-24,1,Lifeline2
ATLANTIS ,262.5,Nov-24,2,Domestic
FUCHSIA 17 PROTEA PARK,205.4,Nov-24,1,Lifeline1
ERF 9453     MFULENI,284,Nov-24,1,Lifeline2
BENTO 17 AVONDALE,292.8,Nov-24,1,Domestic
MACASSAR BEACH,772.1,Nov-24,3,Lifeline2
HANOVER PARK ,472.2,Nov-24,3,Lifeline1
MARTINVILLE,2189.2,Nov-24,11,Lifeline1
FAIRIE KNOWE,1929,Nov-24,5,Domestic
GLENHAVEN,1076.3,Nov-24,6,Lifeline1
CARWICK,3774.4,Nov-24,9,Home
ALOE 49 PROTEA PARK,311.1,Nov-24,1,Domestic
MAHEM 25 ROBINVALE,253.4,Nov-24,1,Domestic
GORDONS BAY VILLAGE,1570.6,Nov-24,5,Small Power 2
ERF 929,305,Nov-24,1,Domestic
SHELLEY 57 AVONDALE,369.9,Nov-24,1,Lifeline2
EXTENTION 12,253.7,Nov-24,1,Lifeline1
ORCHID 26 PROTEA PARK,458.6,Nov-24,1,Lifeline2
MFULANI,69,Nov-24,1,Lifeline2
ERF 162075,243.2,Nov-24,1,Lifeline1
DE TIJGER,2120.3,Nov-24,7,Lifeline2
WESTRIDGE - MITCHELS PLAIN,429.3,Nov-24,2,Lifeline1
NICOBAR 20,432.2,Nov-24,1,Lifeline2
ZEELAND 39 EXT13 SAXONSEA,182.3,Nov-24,1,Lifeline1
TANTALLON 1 EXT13,312.5,Nov-24,1,Lifeline2
OLDENBURGH 9 AVONDALE,450.8,Nov-24,1,Lifeline1
RESNEKOV AND NIELSON HOSTEL,717.1,Nov-24,3,Lifeline2
BAYVIEW,797.1,Nov-24,3,Lifeline2
KENWYN,1143.3,Nov-24,6,Lifeline1
BORCHARDS QUARRY RD,681.5,Nov-24,1,Domestic
METEREN 30,140.1,Nov-24,1,Domestic
SONEIKE,2011,Nov-24,5,Lifeline2
PELIKAN PARK ,2122,Nov-24,3,Home
DABULA CRES,297.7,Nov-24,2,Domestic
C/O YORK RD,403.3,Nov-24,1,Domestic
ERF 16137,201.2,Nov-24,1,Lifeline1
ROTTERDAM 75 AVONDALE,258.6,Nov-24,1,Lifeline2
TOWN CENTRE,325.2,Nov-24,1,Domestic
JOE SLOVO ST,262.8,Nov-24,1,Lifeline2
DE TIJGER,3476.3,Nov-24,2,Small Power 1
RIDGEWORTH     BELLVILLE,5057.1,Nov-24,9,Home
ERF 7635     MFULENI,98.7,Nov-24,1,Domestic
ERICA 46 PROTEA PARK,224.9,Nov-24,1,Lifeline2
ERF 9613     MFULENI,208.1,Nov-24,1,Lifeline2
DEERLODGE 70 SHERWOOD,253.6,Nov-24,1,Lifeline1
JACARANDAS,2896,Nov-24,11,Lifeline1
OUDE WESTHOF,2646.8,Nov-24,6,Small Power 2
RYLANDS/DOORNHOOGTE,510.3,Nov-24,2,Small Power 2
DROSTDY PARK,1950.1,Nov-24,3,Home
OVERDALE STREET     PAROW,468.8,Nov-24,2,Lifeline2
INDUSTRIELE AREA,3122,Nov-24,4,Small Power 2
HOOP 140 SAXONSEA,376.1,Nov-24,1,Lifeline2
EPPING FOREST,287.9,Nov-24,1,Lifeline2
PAARDE VLEI,1152.1,Nov-24,3,Lifeline2
PUNTERS WAY,187,Nov-24,1,Lifeline2
KIRSTENHOF,1334,Nov-24,6,Domestic
CHANDOS 13 AVONDALE,482.7,Nov-24,1,Domestic
KIRKIA 13 PROTEA PARK,134.6,Nov-24,1,Lifeline2
UN NAMED ROAD,1201.3,Nov-24,1,Domestic
LANGEBERG RD,145.1,Nov-24,1,Lifeline2
BROOKLYN ,76.7,Nov-24,1,Small Power 2
ROTTERDAM 15,29.6,Nov-24,1,Domestic
AVONDALE TERRACE,1383,Nov-24,5,Domestic
KINGFISHER 13 ROBINVALE,132.5,Nov-24,1,Lifeline2
SIGNAL HILL / LIONS HEAD,1869.9,Nov-24,4,Home
ERF 9697     MFULENI,304.9,Nov-24,1,Lifeline2
SIGNAL HILL / LIONSHEAD,2987.8,Nov-24,8,Home
HOHEIZEN     BELLVILLE,1464.3,Nov-24,3,Home
PARKERS WALK,171.7,Nov-24,1,Lifeline1
AMSTELVEEN 68 AVONDALE,463.9,Nov-24,1,Domestic
54 TAMBO ST,421.1,Nov-24,1,Domestic
84 FIRST AVENUE,351,Nov-24,1,Domestic
LAVENDER HIL,258.1,Nov-24,1,Lifeline2
ERF 9444     MFULENI,290,Nov-24,1,Lifeline2
STELLENDALE VILLAGE,523,Nov-24,2,Domestic
DANIEL AVE,175.9,Nov-24,1,Lifeline1
Scottsdene ,397.3,Nov-24,2,Lifeline2
KESTRL WAY,571.6,Nov-24,1,Domestic
RONDERVLEI PARK,674.3,Nov-24,1,Domestic
WAVE CREST,1832.5,Nov-24,5,Home
ZEELAND 2 EXT13 SAXONSEA,196.9,Nov-24,1,Lifeline1
COURSER 38 ROBINVALE,258.5,Nov-24,1,Lifeline2
FLORIDA CENTRE     PAROW,1461.1,Nov-24,1,Home
ROTTERDAM 46,325.9,Nov-24,1,Lifeline2
SOPHIA 10 EXT13 SAXONSEA,172.4,Nov-24,1,Lifeline2
27 MERRIGOLD CRESCENT,153.5,Nov-24,1,Lifeline2
ERF 9134     MFULENI,306.6,Nov-24,1,Domestic
MANNA LANE 19,230.5,Nov-24,1,Lifeline1
ERF 9252     MFULENI,250.1,Nov-24,1,Lifeline2
BUH-REIN ESTATE,2418.9,Nov-24,4,Domestic
STELLENRYK,685.9,Nov-24,2,Lifeline2
PAROW VALLEY     PAROW,1624.2,Nov-24,5,Lifeline2
ZEELAND 37 EXT13 SAXONSEA,140.9,Nov-24,1,Lifeline2
LYSTER 52 ROBINVALE,220,Nov-24,1,Lifeline1
HELDERVUE ,470.5,Nov-24,1,Small Power 2
GHIKA 66 SAXONSEA,136.7,Nov-24,1,Lifeline2
BELLVILLE CBD,890.9,Nov-24,5,Lifeline1
NOORDHOEK,3246.4,Nov-24,8,Small Power 2
TRIANGLE FARM,3784.8,Nov-24,3,Small Power 1
NOMZANO,691.6,Nov-24,3,Lifeline2
BELLVILLE SOUTH EXT.5,1657.9,Nov-24,8,Lifeline1
MAIN RD 46,254.3,Nov-24,1,Lifeline2
HEATHFIELD 57 PROTEA PARK,237.5,Nov-24,1,Lifeline2
49 LEEUBEKKIE ST,279.5,Nov-24,1,Lifeline2
COURIER 10 SAXONSEA,175.9,Nov-24,1,Lifeline1
BENE TOWNSHIP,4566.9,Nov-24,10,Home
HAZEL RD,2375.9,Nov-24,3,Domestic
EVERSDAL,943.1,Nov-24,3,Small Power 2
PHILIPPI FARMS,339.8,Nov-24,3,Lifeline1
NY 119,601.9,Nov-24,7,Lifeline1
39 ROOS ST,95.7,Nov-24,1,Domestic
BAIC BERUARY,334.6,Nov-24,1,Domestic
EST 19     BELHAR,583.9,Nov-24,1,Domestic
GORDONS BAY VILLAGE,1898.1,Nov-24,10,Domestic
WESTRIDGE - MITCHELLS PLAIN ,301,Nov-24,1,Domestic
PESCADOR STREET 42,259.9,Nov-24,1,Lifeline1
MAGNET 32 SAXONSEA,439.2,Nov-24,1,Lifeline2
EPPING INDUSTRIAL,5577.3,Nov-24,1,Domestic
EVERITE,718.1,Nov-24,2,Domestic
SHASTA 33,184.3,Nov-24,1,Lifeline1
ERF 7408     MFULENI,208,Nov-24,1,Lifeline2
ROTTERDAM 67,177.9,Nov-24,1,Lifeline1
GLORIOSA CLS 12,502.7,Nov-24,1,Lifeline2
ST JAMES,3491.8,Nov-24,9,Domestic
ERF7406     MFULENI,224.8,Nov-24,1,Lifeline2
NOBUHLE NY 3A,237.5,Nov-24,1,Lifeline2
NOORDHOEK MANOR,1337.7,Nov-24,4,Domestic
KALKBAAI,6431.2,Nov-24,5,Small Power 2
KESTREL WAY,351.1,Nov-24,2,Domestic
IBIS 8 ROBINVALE,391.6,Nov-24,1,Domestic
ROGER ST,798.8,Nov-24,3,Domestic
SACRAMENTO 48 EXT13 S/SEA,166,Nov-24,1,Lifeline2
EASTERIDGE,270,Nov-24,1,Domestic
39 TAMBO ST,371.7,Nov-24,1,Domestic
SHELLY 31 AVONDALE,271,Nov-24,1,Lifeline2
KALKSTEENFONTEIN ,276.9,Nov-24,1,Domestic
KUNICHSTRAAT,292,Nov-24,1,Lifeline2
SAMORA MACHEL,14936.2,Nov-24,1,Small Power 1
ANTILLES/CAYMAN BEAH,4171.7,Nov-24,14,Home
HOOP 162 SAXONSEA,235.3,Nov-24,1,Lifeline2
LAMYENI ROAD,251.4,Nov-24,1,Lifeline1
LANCASTER ROAD,981.8,Nov-24,4,Home
SHIRLEY PARK,1582.4,Nov-24,6,Domestic
SHOP 1,1061.6,Nov-24,1,Home
DARTERS 8 ROBINVALE,218.5,Nov-24,1,Lifeline2
WATERLOO 12 EXT13 S/SEA,128.2,Nov-24,1,Lifeline2
BAYVIEW HEIGHTS,875.9,Nov-24,3,Domestic
UNIT 20 UKNOWN ROAD,201.7,Nov-24,1,Lifeline2
AND MJODO ST,320.9,Nov-24,3,Lifeline1
28 KAMIESBERG,261.9,Nov-24,1,Lifeline1
BELGRAVIA,146.6,Nov-24,1,Error
BELGRAVIA  ,2263.7,Nov-24,5,Small Power 2
LIBOMVINI CLOSE,488.6,Nov-24,4,Lifeline1
ADMIRALSSTRAAT,308.7,Nov-24,1,Home
WYNBERG EAST,666,Nov-24,3,Lifeline1
PHILLIPI RURAL,451,Nov-24,3,Lifeline1
FAIRFIELD 34 SAXONSEA,222.9,Nov-24,1,Lifeline2
LYSTER 50 ROBINVALE,216.4,Nov-24,1,Lifeline2
WELGELEGEN,4050.6,Nov-24,11,Lifeline2
9 PETUNIA ST,350.8,Nov-24,1,Lifeline2
C/O MONTAGUE AND PAROW RD,1369.6,Nov-24,4,Home
FERNANDE 41 SAXONSEA,170.2,Nov-24,1,Lifeline2
BESTERECTA HOSTEL,277.7,Nov-24,2,Lifeline1
HAARLEM 15,261.5,Nov-24,1,Domestic
MARINDA HEIGHTS,3204.8,Nov-24,1,Small Power 1
ERF 11499 VILLAGE 4A,113.8,Nov-24,1,Lifeline1
BHONGWENI RD,199.6,Nov-24,1,Lifeline2
BIGNONIA 41 PROTEA PARK,241.6,Nov-24,1,Lifeline2
BIGNONIA 50 PROTEA PARK,262.3,Nov-24,1,Domestic
FLAMINGO 9 ROBINVALE,171.6,Nov-24,1,Lifeline1
53 TAHOE WAY,216.4,Nov-24,1,Lifeline2
MFULENI     ERF 9300,216.4,Nov-24,1,Lifeline2
MFULENI     ERF 9370,284,Nov-24,1,Lifeline2
PARAGON 74 AVONDALE,279.4,Nov-24,1,Lifeline2
35 NDIBELA CRES,50.5,Nov-24,1,Lifeline2
MILLDENE STREET     RAVENBSMEAD,132.4,Nov-24,1,Lifeline2
ERF 9445     MFULENI,216,Nov-24,1,Lifeline2
BLOCK B     LWANDLE,272.4,Nov-24,1,Lifeline1
19 TAHOE WAY,229.5,Nov-24,1,Lifeline2
TAMBO VILLAGE,781.6,Nov-24,5,Lifeline1
ERF 16639,140.8,Nov-24,1,Lifeline2
OYSTER 6 AVONDALE,216.5,Nov-24,1,Lifeline2
EVERITE,3875.2,Nov-24,9,Home
OUDE WESTHOF,2063.4,Nov-24,8,Domestic
MONTANA,388.3,Nov-24,3,Small Power 2
ORCHID 31 PROTEA PARK,371.9,Nov-24,1,Lifeline2
ERF 28660     BELHAR,320,Nov-24,1,Domestic
TABLE VIEW,504,Nov-24,3,Lifeline1
63 VELD RD,285.7,Nov-24,1,Lifeline2
OLYVENBOSCH,1951.3,Nov-24,7,Domestic
ERF 6742     DURBANVILLE,588.8,Nov-24,1,Domestic
GOODWOOD CENTRAL,614.8,Nov-24,2,Lifeline2
MURRAY STREET 187     GOODWOOD,317.6,Nov-24,2,Domestic
MURRAY STREET     GOODWOOD,333.7,Nov-24,3,Home
N1-STAD,2361.3,Nov-24,6,Small Power 2
OAKGLEN     BELLVILLE,2121.8,Nov-24,7,Home
GOEDVERWACHT STR 12,197.8,Nov-24,1,Domestic
BROWNS FARM PHILIPPI WEST,208,Nov-24,1,Lifeline2
BOUNA 16 SHERWOODPARK,317.2,Nov-24,1,Lifeline2
BROOKLYN ,1540.5,Nov-24,4,Home
BOUNA 39 SHERWOOD,420.6,Nov-24,1,Lifeline2
92 DAISY CRES,228.9,Nov-24,1,Lifeline2
FERNANDE 14 SAXONSEA,132.3,Nov-24,1,Lifeline2
EDINBURGH 32 SAXONSEA,291.9,Nov-24,1,Lifeline2
KENRIDGE EXT.4,6484.5,Nov-24,12,Home
BEGONIA CIRCLE 12,452.4,Nov-24,1,Domestic
CLAMHALL,797.5,Nov-24,2,Small Power 2
WESTERDALE,3858.6,Nov-24,6,Home
CHURCH CIRCLE,401.4,Nov-24,2,Lifeline2
BELGRAVIA- BELLVILLE,148.5,Nov-24,1,Domestic
FISH HOEK ,3639.7,Nov-24,3,Small Power 2
GLENHAVEN ESTATE     BELLVILLE,1844,Nov-24,4,Home
SONSTRAAL ,4861.6,Nov-24,9,Home
WP PARK,4102,Nov-24,2,Small Power 2
MCOSANA,392.9,Nov-24,2,Lifeline2
LIZO NKONKI,157.5,Nov-24,1,Lifeline2
MBOVANE ST,417.9,Nov-24,1,Lifeline2
NATURES VALLEY,5747.7,Nov-24,10,Home
AMANDA GLEN,3012.4,Nov-24,1,Small Power 1
BONNIE BROOK,3077.2,Nov-24,8,Lifeline2
LYSTER 37 ROBINVALE,39,Nov-24,1,Domestic
HEATHFIELD 92 PROTEAPARK,128.1,Nov-24,1,Lifeline2
16341,110.9,Nov-24,1,Domestic
MAGNOLIA 6 ROBINVALE,468.8,Nov-24,1,Lifeline2
BUNTING 29 ROBINVALE,396.9,Nov-24,1,Domestic
MUIZENBERG NORTH,415.4,Nov-24,2,Lifeline1
NEW CROSS RDS,555.6,Nov-24,1,Domestic
IBOSA 7 PROTEA PARK,184.1,Nov-24,1,Lifeline1
STELLENBOSCH FARMS (KUILS,16714.5,Nov-24,3,Small Power 1
"PHILIPPI,",150.8,Nov-24,1,Home
COLINE WILLIAMS ST,411.1,Nov-24,3,Lifeline1
OFF KARBONKEL RD,165.9,Nov-24,1,Lifeline2
ROTTERDAM 68 AVONDALE,158.9,Nov-24,1,Lifeline1
SECTION 2,267.2,Nov-24,2,Lifeline1
SECTION 3,379.4,Nov-24,3,Lifeline1
ROZETTA 2 AVONDALE,247.8,Nov-24,1,Lifeline2
KISO CLOSE 6,384.3,Nov-24,1,Lifeline2
WINDSOR 17 EXT13 SAXONSEA,334,Nov-24,1,Domestic
MOUILLE POINT,3594.3,Nov-24,14,Domestic
EIKENHOUT AVENUE     BELLVILLE,425.8,Nov-24,1,Home
GORDONS BAY,1814.4,Nov-24,9,Lifeline1
132 DAISY ST,282.1,Nov-24,1,Domestic
VICTORIA PARK,997.8,Nov-24,2,Lifeline2
HOUTBAY,512.2,Nov-24,2,Domestic
DES HAMPDEN,1286.1,Nov-24,3,Lifeline2
INNISPREE ESTATE,266.2,Nov-24,1,Home
ERF 7525     MFULENI,413.7,Nov-24,1,Lifeline2
JAGTERSHOF,6975.1,Nov-24,1,Small Power 1
KOMMETJIE ,378.8,Nov-24,1,Small Power 2
ERF 9658     MFULENI,262.6,Nov-24,1,Lifeline2
FERNANDE 80 SAXONSEA,228.9,Nov-24,1,Lifeline2
MARIGOLD  66 PROTEA PARK,180.4,Nov-24,1,Lifeline1
5TH AVE,847,Nov-24,4,Lifeline2
SYBRAND PARK,2819.5,Nov-24,6,Domestic
AMANDELRUG,371.3,Nov-24,1,Small Power 2
ARCENFIELD,3639.8,Nov-24,9,Home
GXAKA RD,349,Nov-24,1,Lifeline2
BLOUBERGSTRAND,1244.3,Nov-24,6,Lifeline1
REEPSTRAAT,161.7,Nov-24,1,Lifeline2
BLOMVLEI,5769.2,Nov-24,11,Home
RED HILL RD,1287.9,Nov-24,1,Domestic
SOMERSET RIDGE,1327.5,Nov-24,5,Lifeline2
DE LA HAYE     BELLVILLE,3824.2,Nov-24,10,Home
PENELOPE 13 AVONDALE,420,Nov-24,1,Lifeline2
THORN LANE 28,291.9,Nov-24,1,Lifeline2
NORTHWAY STREET     RAVENSMEAD,391,Nov-24,2,Lifeline1
BLOEMHOF,1582.5,Nov-24,9,Lifeline1
48 TAHOE WAY,215.6,Nov-24,1,Lifeline1
FUCHSIA 21 PROTEA PARK,165.9,Nov-24,1,Lifeline2
58 GANGQENI RD,279.3,Nov-24,1,Lifeline2
QAQOBA ST,289.9,Nov-24,1,Domestic
BAYVEIW,782.8,Nov-24,3,Home
MILNERTON ,4832.5,Nov-24,13,Home
PARAGON 40 AVONDALE,185,Nov-24,1,Domestic
STELLENRYK     BELLVILLE,1851.6,Nov-24,3,Home
BRACKEN HEIGHTS,2431.7,Nov-24,8,Lifeline2
ROTTERDAM 83 AVONDALE,220.5,Nov-24,1,Lifeline2
EVERITE INDUSTRIA,1956.2,Nov-24,7,Lifeline2
7397     MFULENI,208,Nov-24,1,Lifeline2
EVERSDAL     BELLVILLE,4830.6,Nov-24,9,Home
PARAGON 47 AVONDALE,254.1,Nov-24,1,Lifeline2
28 MERRILGOLD ST,235.2,Nov-24,1,Lifeline2
WATERLOO 27 EXT13 S/SEA,334,Nov-24,1,Lifeline2
PARK RD,798.7,Nov-24,2,Domestic
LAVENDER HIL,364,Nov-24,2,Lifeline1
LORD SOMERSETSTRAAT 13,780.7,Nov-24,1,Domestic
HILLCRES RD,144.8,Nov-24,1,Domestic
STRELITZIA 6 PROTEA PARK,304.1,Nov-24,1,Domestic
HIGHVELD,5430.7,Nov-24,9,Home
MASIPHUMELELE ,514.1,Nov-24,3,Lifeline1
NEW CROSS RDS,303.6,Nov-24,2,Lifeline1
COLORADO PARK,1265.9,Nov-24,2,Small Power 2
ROSENDAL,1270.5,Nov-24,3,Domestic
PEERLESS PARK WES,675.4,Nov-24,2,Lifeline2
49 FIFTH AVENUE,539.6,Nov-24,2,Home
EIKENBOSCH,2071.9,Nov-24,6,Lifeline2
BELRAIL     BELLVILLE,1963.1,Nov-24,5,Home
EDWARD AVE,540.2,Nov-24,2,Lifeline2
BRENTWOOD PARK - DUBANVI,3238.8,Nov-24,5,Home
PEARL MAN 98 AVONDALE,155.4,Nov-24,1,Lifeline2
13 RIVERSIDE RD,141.6,Nov-24,1,Lifeline2
ASTER RD,172.1,Nov-24,1,Lifeline2
ERF 10516,175.6,Nov-24,1,Lifeline1
NOOIENSFONTEIN,942.4,Nov-24,3,Lifeline2
LONGDOWN ESTATE,3661.1,Nov-24,13,Home
LOCK SMTIHE MGUDLE,506.6,Nov-24,1,Lifeline2
LOCK SMITH MGUDLE,376.1,Nov-24,1,Lifeline2
MEADOWSTEADS,9790.5,Nov-24,9,Home
ERF 14263,182.8,Nov-24,1,Domestic
LINARIA 51 PROTEA PARK,443.1,Nov-24,1,Lifeline2
BOSTON ESTATE     BELLVILLE,1945.7,Nov-24,4,Home
THE LEAGUES,567.6,Nov-24,1,Lifeline2
ME ROTHMAN STREET     PAROW,2686.4,Nov-24,5,Home
DAGERAAD 9 AVONDALE,530,Nov-24,1,Domestic
SOPHIA 7 EXT13 SAXONSEA,304.4,Nov-24,1,Lifeline2
44 TAHOE WAY,361.7,Nov-24,1,Lifeline2
MFULENI     ERF 6984,405,Nov-24,1,Domestic
THE CREST,2449.8,Nov-24,8,Lifeline2
BLACK CITY,583.7,Nov-24,5,Lifeline1
ERF 7387     MFULENI,165.8,Nov-24,1,Lifeline2
VOORTREKKER ROAD 51     GOODWOOD,336.6,Nov-24,1,Domestic
BLD N10,254,Nov-24,1,Lifeline2
LARKSPLACE 12 ROBINVALE,207.8,Nov-24,1,Lifeline2
UNIVERSITY EST,3562.7,Nov-24,7,Home
PANORAMA,1099,Nov-24,4,Small Power 2
FREMONT 25 SHERWOOD,333.8,Nov-24,1,Lifeline2
83 ROOS STR,178.4,Nov-24,1,Lifeline2
DATURA 23,134.3,Nov-24,1,Lifeline2
DATURA 42 PROTEA PARK,344.3,Nov-24,1,Lifeline2
PALMER AVE 33 AVONDALE,146,Nov-24,1,Lifeline2
DOVE LANE 30,213.4,Nov-24,1,Lifeline1
DEBEZA ST,175.6,Nov-24,1,Lifeline1
QUARRY RD,361.6,Nov-24,2,Lifeline1
BATHANMDWA MDINGI,364,Nov-24,1,Domestic
VALMARY PARK,158.8,Nov-24,1,Lifeline1
HOOSAIN PARKER ST,188.2,Nov-24,1,Lifeline1
STARLING 40 ROBINVALE,517.3,Nov-24,1,Domestic
BLOUBERG BEACONHILL,308.8,Nov-24,1,Lifeline2
121 THIRD AVENUE,2752.1,Nov-24,11,Home
VANGUARD ESTATE,2154.1,Nov-24,6,Lifeline2
29 TAHOE WAY,241.4,Nov-24,1,Lifeline2
CAPRI,1259.6,Nov-24,7,Lifeline1
GORDONS STRAND ESTATE,1462,Nov-24,6,Domestic
GORDONS BAY VILLAGE,312.9,Nov-24,1,Lifeline2
MORGENSTER HEIGHTS,3283.3,Nov-24,10,Domestic
KNOLE PARK,2023.4,Nov-24,2,Small Power 2
WINDSOR 5 EXT13 SAXONSEA,142.7,Nov-24,1,Lifeline2
CAPE FARMS - DISTRICT H,1465.8,Nov-24,7,Home
VREDE STREET 10     DURBANVILLE,166.5,Nov-24,1,Domestic
CAMPS BAY / BAKOVEN ,10585,Nov-24,8,Home
GORDON HEIGHTS,1744.5,Nov-24,5,Domestic
STELLENBERG,851.5,Nov-24,5,Lifeline1
DIE BOS,1196.8,Nov-24,5,Lifeline2
ZEELAND 50 EXT13 SAXONSEA,154.6,Nov-24,1,Lifeline1
ERF 6018     BELLVILLE,626.4,Nov-24,1,Home
36 NDIBELA CRES,124.7,Nov-24,1,Lifeline2
BONGWENI,182.6,Nov-24,1,Lifeline2
6 THYS-WITBOOI RD,228.8,Nov-24,1,Lifeline1
STIKLAND INDUSTRIA,6690.4,Nov-24,9,Home
KENRIDGE     BELLVILLE,6456.7,Nov-24,8,Home
ROOM 3,186.8,Nov-24,1,Lifeline2
BOSKLOOF ESTATE,5033.8,Nov-24,5,Home
FALCON 29 ROBINVALE,111.9,Nov-24,1,Lifeline1
MAHEM 37 ROBINVALE,154.6,Nov-24,1,Lifeline1
FALCONS 12 ROBINVALE,130.1,Nov-24,1,Lifeline2
ELSIES RIVER INDUSTRIA,12866.6,Nov-24,1,Small Power 1
WELGEMOED     BELLVILLE,7420.1,Nov-24,13,Home
WOODRIDGE,450.5,Nov-24,2,Lifeline1
GAGQENI RD,153.1,Nov-24,1,Lifeline2
SHASTA RD,174.1,Nov-24,1,Lifeline2
BIGHORN 44 SHERWOOD,276.3,Nov-24,1,Lifeline1
HILLV VIEW,119.3,Nov-24,1,Domestic
LABIANCE,846.4,Nov-24,3,Small Power 2
OUDE WESTHOF,1305.3,Nov-24,5,Lifeline2
BIGHORN 3 SHERWOOD,158.7,Nov-24,1,Lifeline1
EDWARD 47 AVONDALE,598.8,Nov-24,1,Domestic
THREE ANCHOR BAY,489.1,Nov-24,3,Lifeline1
VILLAGE A,211.9,Nov-24,1,Lifeline2
ERICA 14 PROTEA PARK,490.1,Nov-24,1,Lifeline2
NEVILLE RILAY ST,85.7,Nov-24,1,Domestic
MARIGOLD 37 PROTEA PARK,270.7,Nov-24,1,Lifeline2
HELDERVUE,1723.6,Nov-24,5,Small Power 2
OOSTERSEE,1381.1,Nov-24,8,Lifeline1
OTTERY ,578,Nov-24,2,Home
DE GOEDE HOOP,4194.6,Nov-24,3,Small Power 1
OOSTERSEE,2371.4,Nov-24,6,Lifeline2
PEERLESSPARK,505.6,Nov-24,1,Home
10TH AVENUE     RAVENSMEAD,238.5,Nov-24,1,Lifeline1
10 MALTON RD,386.9,Nov-24,1,Domestic
ROUXVILLE 2,2942.1,Nov-24,5,Home
BLOMTUIN,867.3,Nov-24,3,Lifeline2
CASTALIS 7 PROTEA PARK,158.7,Nov-24,1,Lifeline1
TSHATSHU RD,153.7,Nov-24,2,Lifeline2
KEMPENVILLE,928.1,Nov-24,6,Lifeline1
DOVE STR. 8,283.5,Nov-24,1,Lifeline2
5 ROSE ST,207.4,Nov-24,1,Domestic
BENGAL 20 AVONDALE,306.1,Nov-24,1,Lifeline2
ERF 7707     MFULENI,270.8,Nov-24,1,Lifeline2
SALMANDER RD,252.1,Nov-24,2,Lifeline2
5 POLKA PLACE,66.8,Nov-24,1,Small Power 2
BELLVILLE SOUTH INDUSTRIAL,228.9,Nov-24,1,Lifeline2
16 NDWANA CRES,204.2,Nov-24,1,Domestic
HOSTEL TO HOME,157.3,Nov-24,1,Lifeline2
95 NTANTALA ROAD,608.2,Nov-24,1,Domestic
ERF 7625     MFULENI,186.7,Nov-24,1,Lifeline2
ST JOSE 12 SAXONSEA,114.7,Nov-24,1,Domestic
PEARLMANSION 19 AVONDALE,172.5,Nov-24,1,Lifeline1
REEPSTRAAT,389.5,Nov-24,2,Domestic
SILVER OAKS,662.1,Nov-24,1,Home
25 NDIBELA ST,249.7,Nov-24,1,Lifeline2
ROZETTA 45 AVONDALE,583.8,Nov-24,1,Domestic
MARTINVILLE,2585.3,Nov-24,5,Small Power 2
SOMERSET WEST ,724.8,Nov-24,5,Small Power 2
LAVENDER HILL EAST,1204.9,Nov-24,3,Home
BHONGWENI STR,236.8,Nov-24,2,Lifeline2
NDABENI,1592.1,Nov-24,6,Small Power 2
PROTEA PARK - GORDON'S BA,925.8,Nov-24,3,Home
DISA CLS 8 PROTEA PARK,195.1,Nov-24,1,Lifeline2
ZUURBERGWEG,150.3,Nov-24,1,Lifeline1
HEATHFIELD 69 PROTEA,175.5,Nov-24,1,Lifeline1
EKUPHUMLENI RD,253.9,Nov-24,1,Lifeline2
PEERLESS PARK WEST ,316.2,Nov-24,1,Domestic
WELLWAY PARK,2197.1,Nov-24,5,Small Power 2
32 MARIGOLD STR,174.1,Nov-24,1,Lifeline2
POTGIETERSTRAAT,1049.7,Nov-24,5,Small Power 2
DWESA 40 SHERWOOD,378.3,Nov-24,1,Lifeline2
NOTHWAY STREET     RAVENSMEAD,354.8,Nov-24,1,Lifeline2
TARENTALPLAAS,588.8,Nov-24,1,Domestic
DISA 3,220.3,Nov-24,1,Lifeline2
RONDE VLEI PARK,238.6,Nov-24,1,Domestic
D'URBANVALE,1463.1,Nov-24,8,Small Power 2
ERF 9621     MFULENI,182.5,Nov-24,1,Lifeline2
SEAWIND,390.2,Nov-24,3,Lifeline2
STEYNSRUST,1734.5,Nov-24,4,Home
SUMMERVILLE,1602,Nov-24,4,Lifeline2
KHORHAMER STR 44,229.8,Nov-24,1,Domestic
SOMERSET-WES,4731.9,Nov-24,8,Home
12 SECOND AVENUE,242.8,Nov-24,1,Home
47 OLD TRAFFORD,511.9,Nov-24,1,Domestic
GUGULETU,2540,Nov-24,1,Small Power 1
PALMER AVE 67 AVONDALE,140.5,Nov-24,1,Lifeline2
MILNERTON RIDGE,2263.2,Nov-24,7,Lifeline2
MILNERTON RIDGE,8980.9,Nov-24,3,Small Power 1
ALEXANDER ROAD     PAROW,103.6,Nov-24,1,Home
85 NGCISININDE CRESC,397.3,Nov-24,1,Lifeline2
STELLENBOSCH WINE FARMS,2812.3,Nov-24,8,Home
RWANTSANA RD,176.3,Nov-24,1,Lifeline2
THE LEAGUES,566.3,Nov-24,3,Domestic
BITTEREN 43 SAXONSEA,189.9,Nov-24,1,Domestic
UPPER MILL ST,664,Nov-24,3,Domestic
12 EAGLE CLOSE,358.6,Nov-24,1,Domestic
WATERLOO 3 EXT13 SAXONSEA,132.1,Nov-24,1,Lifeline2
DYALA CRES,367.5,Nov-24,1,Lifeline2
CHAPMAN'S PEAK(NOORDHOEK),10937.9,Nov-24,1,Small Power 1
RYLANDS ,2387.4,Nov-24,7,Home
HOOGSTEDE,1239.4,Nov-24,4,Lifeline2
31 LILIAN NGAQI,140.8,Nov-24,1,Domestic
MARLBOROUGH,2935.2,Nov-24,6,Home
ROYAL SAXON 5 SAXONSEA,390.9,Nov-24,1,Lifeline2
C/O JOOL AND DURAM STREET     BELLVILLE SOUTH,1940.8,Nov-24,5,Domestic
CORAL 43 AVONDALE,53.4,Nov-24,1,Lifeline2
ST PATRICK AVE,167.1,Nov-24,1,Lifeline1
JACONA 31 ROBINVALE,445,Nov-24,1,Domestic
SCHUYLENBURG 35 SAXONSEA,350.1,Nov-24,1,Lifeline2
40 MKAKHOSI CRESC,270.9,Nov-24,1,Lifeline2
CANARY 3 ROBINVALE,150.3,Nov-24,1,Lifeline1
JEFF MASEMOLAM ST,195.1,Nov-24,1,Lifeline2
BELLVILLE SOUTH ,158.7,Nov-24,1,Lifeline1
ROTTERDAM 13,127.9,Nov-24,1,Lifeline2
MARINDAPARK,1604.9,Nov-24,5,Home
KALKFONTEIN     KALKFONTEIN,444.1,Nov-24,1,Lifeline2
38 ROOS ST,217.5,Nov-24,1,Lifeline1
MERRIGOLD CRES,178.3,Nov-24,1,Lifeline2
BLOCK V LEO MEWS LEONSDALE,306.3,Nov-24,1,Lifeline1
EDINBURGH 2 SAXONSEA,200.7,Nov-24,1,Lifeline1
GREENLANDS    ,342.7,Nov-24,1,Lifeline2
OAKDALE ,246.8,Nov-24,1,Small Power 2
BRANTWOOD,1504.8,Nov-24,2,Domestic
MORNINGSIDE,5077.9,Nov-24,9,Home
BAUHINIA CRL 18,152.4,Nov-24,1,Lifeline1
ROOS ST,249.7,Nov-24,1,Lifeline2
STRAND HALT,281.6,Nov-24,1,Domestic
SOUTH FORK,499.2,Nov-24,1,Domestic
PIKKEWYN 19 ROBINVALE,115.3,Nov-24,1,Lifeline2
PORTLAND,1308.7,Nov-24,4,Small Power 2
ERF 16880,148.9,Nov-24,1,Lifeline2
61 JOHNSTON AVE,399.6,Nov-24,1,Domestic
BELGRAVIA -BELLVILL,3457.8,Nov-24,6,Small Power 2
BRANTWOOD,1438.5,Nov-24,1,Small Power 1
LIBOMVINI CLOSE,187.2,Nov-24,2,Lifeline2
ST MICHEALS,248.2,Nov-24,1,Home
VAN RIEBEEKSHOF     BELLVILLE,3614.9,Nov-24,7,Home
BERGSIG     GOODWOOD,2777.6,Nov-24,6,Home
BELLVILLE EXT.53,7428.6,Nov-24,13,Home
17 ABELIA RD,188.7,Nov-24,1,Domestic
ANGLEBE 14 SHERWOOD,342.4,Nov-24,1,Lifeline2
EDINBURGH 23 SAXONSEA,251.9,Nov-24,1,Lifeline2
SILJEUR RD,155.8,Nov-24,1,Domestic
LARGO,3061.6,Nov-24,6,Home
GROSVENOR RD,313.3,Nov-24,2,Domestic
PARAGON 58 AVONDALE,144.6,Nov-24,1,Lifeline2
ROOSMARYN 14 PROTEA PARK,154.4,Nov-24,1,Lifeline1
SONKRING,601.8,Nov-24,4,Lifeline1
GROENVLEI,1575,Nov-24,3,Home
NEVILLE RILLAY ST,496.8,Nov-24,3,Domestic
BAYVIEW,1991.7,Nov-24,4,Home
NOMZAMO,489.5,Nov-24,2,Small Power 2
19 SECOND AVENUE,306.6,Nov-24,1,Home
UNNAMEDROAD 16,274.2,Nov-24,1,Domestic
HOOGERGEES 18,990.8,Nov-24,1,Domestic
NOTTINGHAM 71 SHERWOOD,199.4,Nov-24,1,Domestic
NOMYAYI CRES  VILLAGE 2,291.4,Nov-24,1,Lifeline2
ERF 9428     MFULENI,280.4,Nov-24,1,Lifeline1
ERF 9506     MFULENI,258,Nov-24,1,Lifeline2
HOOP 158 SAXONSEA,315,Nov-24,1,Domestic
OYSTER 30 AVONDALE,171.3,Nov-24,1,Lifeline2
HOOP 23 EXT13 SAXONSEA,270.6,Nov-24,1,Lifeline2
SOMERSET WEST NATURE RESE,4760,Nov-24,5,Home
VALLEYFIELD 30 EXT13 SSEA,148.8,Nov-24,1,Lifeline2
VALLEYFIELD 42 EXT13 SSEA,279.5,Nov-24,1,Lifeline2
SCHOONBERG 62 EXT13 S/SEA,468.5,Nov-24,1,Domestic
VYGEBOOM     DURBANVILLE,5025.2,Nov-24,9,Home
G54,179.6,Nov-24,1,Lifeline1
MONTAGUE,723.6,Nov-24,3,Lifeline1
ERF 9562     MFULENI,228.3,Nov-24,1,Lifeline2
LABIANCE,1344.7,Nov-24,4,Lifeline2
ERF 1745,169.8,Nov-24,1,Lifeline2
CASTALIS 58 PROTEA PARK,153,Nov-24,1,Lifeline2
DE KUILEN,1919.7,Nov-24,5,Lifeline2
DE LA HAYE,1331.7,Nov-24,7,Lifeline1
ARAUNA,2076.7,Nov-24,10,Lifeline1
MONTE SERENO,5957.1,Nov-24,11,Home
240 JUNIPER CRES,164.7,Nov-24,1,Domestic
DELLVILLE 4 SHERWOOD,100.9,Nov-24,1,Domestic
BARBAROSSA/DEURDRIF/LANSTEAD,3097.8,Nov-24,6,Small Power 2
BANTRY BAY,5840.2,Nov-24,1,Small Power 1
VAN RIEBEECKSTRAND,6721.5,Nov-24,8,Home
PEPPERWOOD COUNTRY ESTATE,3151,Nov-24,7,Home
8 BLUFF CRES,537.2,Nov-24,1,Home
EVERITE INDUSTRIAEVERITE INDUSTRIA,158.6,Nov-24,1,Lifeline1
PESCADOR 18 EXT13 S/SEA,358.8,Nov-24,1,Lifeline2
SHELLEY 34 AVONDALE,223.2,Nov-24,1,Domestic
CONCORDIA 17 SHERWOOD,70.1,Nov-24,1,Lifeline2
STEENBERG ,975.7,Nov-24,1,Small Power 2
10B MALTON RD,448,Nov-24,1,Domestic
ERF 9252,472.5,Nov-24,1,Lifeline2
ONVERWACHT,583.7,Nov-24,4,Domestic
SACK'S CIRCLE INDUSTRIAL,2655.4,Nov-24,4,Home
VICTORIA STREET     GOODWOOD,330.6,Nov-24,1,Home
ARDENNES BEACONHILL,146,Nov-24,1,Lifeline1
BABBLERS 23 ROBINVALE,203.4,Nov-24,1,Lifeline2
ROSEDAL ESTATES     DURBANVILLE,493.1,Nov-24,1,Home
DIYA RD,291,Nov-24,3,Lifeline1
MOUNTVIEW,1085.7,Nov-24,7,Lifeline1
MOUNTVIEW,1479.6,Nov-24,5,Lifeline2
DURBANVILLE HILLS,1360.4,Nov-24,2,Domestic
KIEWIET 8 ROBINVALE,195,Nov-24,1,Lifeline2
DISTRICT SIX ,928,Nov-24,4,Lifeline1
LYSTER 22 ROBINVALE,55.4,Nov-24,1,Lifeline2
248 FOURTH AVENUE,291.7,Nov-24,1,Lifeline2
ZONE 16,290.6,Nov-24,3,Lifeline1
ARNOLDSTRAAT 9,489.1,Nov-24,4,Domestic
STELLENDALE,1406.3,Nov-24,5,Small Power 2
Seawinds,371.5,Nov-24,1,Lifeline2
VREDENBURG,2666.3,Nov-24,7,Home
FERNANDE 30 SAXONSEA,337.1,Nov-24,1,Lifeline2
CONRAD RD,111,Nov-24,1,Lifeline2
NYANGA HOSTEL,359,Nov-24,2,Lifeline2
MAGNET 11 SAXONSEA,218.1,Nov-24,1,Lifeline2
ERF 11541 VILLAGE 4A,523.7,Nov-24,1,Lifeline2
SIMON.S TOWN,2045.7,Nov-24,5,Domestic
PLAKKERSKAMP,249.1,Nov-24,1,Lifeline2
MAUMAU,121.9,Nov-24,1,Lifeline1
HENNINGHUIZEN 19,770.4,Nov-24,1,Domestic
PLATTEKLOOF GLEN,1064,Nov-24,4,Lifeline1
LOERIE 14 ROBINVALE,146,Nov-24,1,Lifeline1
MEADOWRIDGE,1394.3,Nov-24,6,Lifeline1
DUBULA CRES,333.8,Nov-24,2,Lifeline2
GUGULETU NORTH,68.8,Nov-24,1,Home
NELLY LANE 7,291.9,Nov-24,1,Domestic
TULIP 16 PROTEA PARK,195,Nov-24,1,Lifeline2
ERF 7767     MFULENI,270.8,Nov-24,1,Lifeline2
COLLINE WILLAIMS,355.1,Nov-24,1,Lifeline2
LEONSDALE,1085.5,Nov-24,3,Home
LEEUBEKKIE ST,279.6,Nov-24,2,Domestic
ERF 7009     MFULENI,232.8,Nov-24,1,Lifeline2
72 SIXTH AVENUE,160.6,Nov-24,1,Lifeline1
GOEDEMOED,2908.7,Nov-24,6,Small Power 2
EKUPHUMLENI CRES,291.5,Nov-24,1,Lifeline2
BRANTWOOD,1283.3,Nov-24,5,Lifeline1
DIE BOS,2192.7,Nov-24,6,Domestic
4TH AVE,128.5,Nov-24,1,Small Power 2
RUST-EN-VREDE,5388.7,Nov-24,8,Home
OVCON HOSTEL,247.1,Nov-24,1,Lifeline2
SURREY EST,1450.4,Nov-24,4,Lifeline2
ERF 7713     MFULENI,220.2,Nov-24,1,Lifeline2
GOODWOOD PARK     GOODWOOD,1200.4,Nov-24,3,Home
MAPLE WAY,88.6,Nov-24,1,Domestic
SUNSET BEACH,2899.2,Nov-24,5,Small Power 2
ERF 9029     MFULENI,297.1,Nov-24,1,Lifeline1
KENRIDGE HEIGHTS,883.4,Nov-24,4,Lifeline2
AREA SOUTH,273.1,Nov-24,2,Lifeline1
115 FIRST AVENUE,4874.6,Nov-24,11,Home
GLENCAIRN HEIGHTS,2115.7,Nov-24,7,Lifeline2
ATHLONE  ,777.2,Nov-24,2,Domestic
FERNANDE 55 SAXONSEA,154.3,Nov-24,1,Lifeline1
ERF 7821     MFULENI,374.2,Nov-24,1,Lifeline2
PEERLESS PARK NORTH,1368.6,Nov-24,6,Lifeline1
GORDON.S BAY CENTRAL,188,Nov-24,2,Small Power 2
KINGFISHER 16 ROBINVALE,306.4,Nov-24,1,Lifeline2
WELTEVREDEN VALLEY ,439.2,Nov-24,4,Lifeline1
LETRU,2659.3,Nov-24,6,Home
BLD N4,442.3,Nov-24,3,Lifeline1
ERF 50927,157.1,Nov-24,1,Lifeline2
KAPOKBERG CRESCENT 33     DURBANVILLE,1247.2,Nov-24,6,Lifeline2
VOORTREKKER ROAD 392     GOODWOOD,237,Nov-24,1,Home
GAZONIA 69 PROTEA PARK,352.6,Nov-24,1,Lifeline2
SOMERSET RIDGE,1258,Nov-24,8,Small Power 2
28 EVERTON ST,510.8,Nov-24,1,Domestic
BLACK CITY,215.3,Nov-24,3,Lifeline2
ROSEDALE ESTATE     DURBANVILLE,4549,Nov-24,9,Home
EVE 23 AVONDALE,226,Nov-24,1,Domestic
THORN LANE 92,158.5,Nov-24,1,Lifeline1
PLATTEKLOOF 3,2240.2,Nov-24,1,Small Power 1
KLEIN BRON,1230.2,Nov-24,6,Lifeline2
BHONGWENI ST,357.8,Nov-24,1,Lifeline2
WINDSOR PARK,1382.4,Nov-24,4,Domestic
DELFT 3,155.1,Nov-24,1,Lifeline1
ERF 9480     MFULENI,261.9,Nov-24,1,Domestic
WINSOR ESTATE,300.2,Nov-24,2,Small Power 2
ZEELAND STREET 17,241.4,Nov-24,1,Lifeline2
FACTRETON,364.7,Nov-24,5,Small Power 2
ERF 6147,161.3,Nov-24,1,Lifeline2
LOEVENSTEIN,5410.5,Nov-24,2,Small Power 1
1575,310.5,Nov-24,1,Domestic
PELICAN BAY,63.2,Nov-24,1,Domestic
ERICA 47,155,Nov-24,1,Lifeline2
ERF 9587     MFULENI,340,Nov-24,1,Lifeline2
SHOP 1 HANJOLEEN CENTRE,277.7,Nov-24,1,Home
ROSENDAL     BELLVILLE,4418.8,Nov-24,6,Home
3 BEGONIA CLOSE,130.1,Nov-24,1,Domestic
BAPTIST KERK,1845.4,Nov-24,1,Small Power 2
OAKDALE(2),1291.7,Nov-24,5,Lifeline1
 RAVENSMEAD,346,Nov-24,1,Domestic
PELICAN PARK,328.9,Nov-24,3,Lifeline1
KATRINA HARRIES,854.1,Nov-24,1,Small Power 2
69 DLEPHU RD,57.1,Nov-24,1,Domestic
SITHEMBELE ST,52,Nov-24,1,Domestic
MONTAGU.S GIFT,463.4,Nov-24,3,Lifeline1
ERF 9293     MFULENI,236.9,Nov-24,1,Lifeline2
MARLBOROUGH PARK,2334.8,Nov-24,9,Domestic
PINATI,2345.6,Nov-24,1,Small Power 1
OAKDENE,596.6,Nov-24,2,Small Power 1
ANCHORAGE PARK,2014.7,Nov-24,7,Lifeline2
SUTHERLAND ST,1631.6,Nov-24,4,Lifeline2
PAROW CENTRAL,1449.8,Nov-24,3,Home
PHILIPPI FARMS,969.7,Nov-24,4,Domestic
28 TAHOE WAY,213.1,Nov-24,1,Lifeline1
HOOP  154 SAXONSEA,240.4,Nov-24,1,Lifeline1
MAIN RD,1157.1,Nov-24,4,Small Power 2
BELAMI DRIVE     DURBANVILLE,578.7,Nov-24,3,Domestic
MATLANGENI ST,464.5,Nov-24,4,Lifeline1
VAN RYNEVELD,2275.5,Nov-24,1,Small Power 1
ANUBIS 17,435.8,Nov-24,1,Domestic
8TH AVENUE 62     RAVENSMEAD,505.4,Nov-24,3,Lifeline1
BELHAR EXT 19,1449.7,Nov-24,4,Home
PARKERS WALK,539.7,Nov-24,2,Lifeline2
ERF 9584     MFULENI,199.1,Nov-24,1,Lifeline2
BLOCK G14,264.2,Nov-24,1,Domestic
5 VIOLET ST,215.5,Nov-24,1,Domestic
C/O SNEEUBERG AND CEDER RD,129.8,Nov-24,1,Lifeline2
HIGHGATE 8 BEACONHILL,582.8,Nov-24,1,Domestic
GOEDEHOOP 1 SAXONSEA,145.9,Nov-24,1,Lifeline1
39 PETUNIA ST,203.3,Nov-24,1,Lifeline2
GLENHAVEN     BELLVILLE,2481.3,Nov-24,5,Home
NELSON STREET     GOODWOOD,714.6,Nov-24,2,Domestic
CENTURY CITY,2209.7,Nov-24,8,Lifeline1
AREA EAST,532.5,Nov-24,1,Domestic
KIRSTENHOF(1),1419,Nov-24,8,Lifeline1
RUSTHOF(2),229.6,Nov-24,2,Small Power 2
AREA SOUTH,288.3,Nov-24,2,Domestic
DOBSON,1983.5,Nov-24,8,Domestic
RUSTICANASTRAAT,230.9,Nov-24,2,Lifeline1
CONSTANTIA ,5590,Nov-24,8,Home
DESMOND TUTU ST,281.4,Nov-24,2,Lifeline1
SHERWOOD 24 SHERWOOD,113.8,Nov-24,1,Domestic
AMSTELVEEN 4 AVONDALE,138.1,Nov-24,1,Lifeline2
BELGRAVIA ST,408.6,Nov-24,1,Home
KLINKER STR 10,523,Nov-24,1,Lifeline2
144 SECOND AVENUE,1721.4,Nov-24,5,Home
EXT 19     BELHAR,1112.7,Nov-24,3,Home
418 THIRD AVENUE,363.3,Nov-24,1,Lifeline2
OLIVER TAMBO DRIVE,216.6,Nov-24,1,Lifeline2
KAN PARK,238.7,Nov-24,1,Domestic
58 FIRST AVENUE,532.5,Nov-24,1,Domestic
BERGLELIE 2 PROTEA PARK,192.7,Nov-24,1,Lifeline2
58715,270,Nov-24,1,Lifeline2
ERF 7638     MFULENI,220.6,Nov-24,1,Domestic
MARAWU,205.3,Nov-24,1,Lifeline2
POLLUX RD,137.4,Nov-24,1,Lifeline1
JONKERS HOOGTE,4214.5,Nov-24,9,Home
VAHALLA PARK,147.9,Nov-24,1,Lifeline1
7 TOKAI COURT,131.8,Nov-24,1,Lifeline2
ERF 9198     MFULENI,262.1,Nov-24,1,Lifeline2
66 THIRD AVENUE,1261.9,Nov-24,5,Home
ERF 9213     MFULENI,221.7,Nov-24,1,Lifeline2
BOKMAKIERIE,270.8,Nov-24,1,Lifeline2
24 ASTER CRES,61.7,Nov-24,1,Lifeline2
MOWBRAY NORTH,2036.1,Nov-24,6,Home
NEW CROSS RDS,245.3,Nov-24,1,Lifeline2
49 BROCKHURST RD,435.2,Nov-24,1,Home
 STRANDFONTEIN ,286.2,Nov-24,1,Home
80 OLYF LAAN,238.9,Nov-24,1,Lifeline2
ERF 9421     MFULENI,193.3,Nov-24,1,Lifeline1
MILNERTON RIDGE ,1080.9,Nov-24,2,Home
WOODLANDS PARK,2215.5,Nov-24,4,Home
MANSFIELD,1392.1,Nov-24,3,Domestic
MANNA LANE 78,110.8,Nov-24,1,Lifeline2
ERF 9550     MFULENI,203.2,Nov-24,1,Lifeline2
ALPINE PARK,684.1,Nov-24,4,Domestic
ERF 14728,224.4,Nov-24,1,Lifeline2
DIEPRIVER,1188.1,Nov-24,7,Lifeline1
ROSEDALE,2316.4,Nov-24,9,Domestic
MONTAGUE,3734,Nov-24,6,Home
NUTWOOD,5895.4,Nov-24,8,Home
IDA MNTWANA CRES,455.4,Nov-24,2,Lifeline2
SONEIKE I,1019.5,Nov-24,5,Lifeline2
NOORDHOEK MANOR,5789.5,Nov-24,11,Home
RUNCIMANS DRIVE,750.3,Nov-24,3,Domestic
BUILDING L15,340.3,Nov-24,2,Lifeline1
WATERLOO 40 EXT13 S/SEA,308.3,Nov-24,1,Lifeline2
ASTANA ST,245.2,Nov-24,1,Lifeline2
FREMONT 21 SHERWOOD,220,Nov-24,1,Lifeline2
WESTLAKE ,1757.5,Nov-24,4,Lifeline2
GLADIOLA RD,167.6,Nov-24,1,Lifeline2
14 GWADU ST,174.7,Nov-24,1,Lifeline2
GLORIOSA 5 PROTEAPARK,241,Nov-24,1,Lifeline2
844 SECOND AVENUE,261.7,Nov-24,1,Home
GHIKA 20 SAXONSEA,232,Nov-24,1,Lifeline1
CROW 12 ROBINVALE,100.5,Nov-24,1,Home
GROSVENOR 230 SAXONSEA,285.2,Nov-24,1,Lifeline1
DARLING 28 BEACONHILL,256,Nov-24,1,Domestic
HELDERBERG VILLAGE ,4327.2,Nov-24,16,Home
MILKWOOD PARK,1059.8,Nov-24,4,Home
EDINBURGH 74 SAXONSEA,173.8,Nov-24,1,Lifeline2
PHASE 3  HEINZ PARK,196.6,Nov-24,1,Domestic
CROSS RD,197.5,Nov-24,1,Lifeline2
5 HOWE ST,2014.7,Nov-24,7,Domestic
ALICEDALE,1303.8,Nov-24,4,Lifeline2
THORN LANE 57,129.7,Nov-24,1,Lifeline2
ORCHID 5 PROTEA PARK,258,Nov-24,1,Lifeline2
RAVESMEAD,383.8,Nov-24,1,Lifeline2
GOUSBLOM STREET  3     BELLVILLE,1078.5,Nov-24,4,Home
NKUKHWINI RD,56.1,Nov-24,1,Lifeline2
YEW STR.,167.5,Nov-24,1,Lifeline2
STEELEDALE HOSTEL,214.1,Nov-24,2,Lifeline1
THREE ANCHOR BAY,2550.1,Nov-24,7,Lifeline2
4 DAVID WEBSTER  ST,507.2,Nov-24,1,Domestic
HAZENDAL ESTATE,169.6,Nov-24,1,Lifeline2
BLOEMHOF STREET,683.9,Nov-24,2,Domestic
VULINDLELASTRAAT 10     LWANDLE,319.2,Nov-24,2,Lifeline1
MARIGOLD 68 PROTEA PARK,230.5,Nov-24,1,Lifeline2
EASTRIDGE,10438.4,Nov-24,3,Small Power 1
JEFF MASEMOLA ST,621.1,Nov-24,2,Domestic
HOOSAIN PAKER ST,145.8,Nov-24,1,Lifeline1
CAPE TOWN ,329,Nov-24,3,Lifeline2
MFULENI     ERF 9151,255,Nov-24,1,Lifeline1
ERF 7879     MFULENI,329.4,Nov-24,1,Lifeline2
"RAVENSMEAD, MORNAY",277.4,Nov-24,1,Home
SHASTA WAY 31,102.4,Nov-24,1,Lifeline2
CAPE GATE,2903.5,Nov-24,10,Home
COURSER 7 ROBINVALE,133.1,Nov-24,1,Lifeline1
DRAMASTRAAT 48,1884.7,Nov-24,6,Home
JACARANDA PARK     GOODWOOD,2586.9,Nov-24,6,Home
DIXON STREET,6475,Nov-24,1,Small Power 1
DUYNBEEK 7 AVONDALE,512,Nov-24,1,Domestic
DUYNEFONTEIN,232,Nov-24,1,Lifeline1
DISA CLS 12 PROTEA PARK,156.9,Nov-24,1,Lifeline2
35 TAMBO ST,92.1,Nov-24,1,Domestic
DISA  14,98.1,Nov-24,1,Lifeline2
DWESA ST,127.5,Nov-24,1,Lifeline2
VILAKAZI ST,667.3,Nov-24,1,Domestic
VREDENZICHT,3653.2,Nov-24,8,Home
KLEIN BEGIN,556.4,Nov-24,2,Lifeline2
37 BELLMUNT ST,170.1,Nov-24,1,Domestic
DE VILLIERS STREET     GOODWOOD  23041,210.7,Nov-24,1,Domestic
HOUT BAY HARBOUR,5882.6,Nov-24,2,Small Power 1
VRYGOND,57.2,Nov-24,1,Domestic
2 CARRIBEAN CRESC,371.1,Nov-24,1,Lifeline2
EAGLESNEST 14 ROBINVALE,154.1,Nov-24,1,Lifeline1
KOMMISSARIS STREET     BELLVILLE,1310.2,Nov-24,1,Small Power 2
DENNENDAL,271.2,Nov-24,1,Lifeline2
KRAAIFONTEIN INDUSTRY,376.5,Nov-24,2,Lifeline1
VANGAURD EST,775.2,Nov-24,2,Home
ERF 9611     MFULENI,266.3,Nov-24,1,Lifeline2
KWEZI PARK,130.7,Nov-24,1,Domestic
ERF 9614     MFULENI,135.9,Nov-24,1,Lifeline2
"LANGA,",294,Nov-24,1,Small Power 2
LANSDOWN,1249.8,Nov-24,3,Home
HLATI STR,358,Nov-24,3,Lifeline1
WATERLOO 2 EXT13 SAXONSEA,141.5,Nov-24,1,Lifeline1
LEROTHOLI AVE,311.7,Nov-24,3,Lifeline1
WELCOME,1575.6,Nov-24,1,Small Power 1
TRA DELFT,261.4,Nov-24,1,Lifeline1
47 SILESIA WAY,194,Nov-24,1,Lifeline1
CROW 14 ROBINVALE,135.2,Nov-24,1,Lifeline1
LOUMAR,485.7,Nov-24,2,Lifeline2
HEATHFIELD 79 PROTEAPARK,102.3,Nov-24,1,Lifeline2
HEATHFIELD 66 PROTEAPARK,104.4,Nov-24,1,Lifeline2
MACASSAR BEACH,218.2,Nov-24,2,Lifeline1
CONSTANTIA,15644.3,Nov-24,3,Small Power 1
SEA POINT,337.2,Nov-24,1,Error
HATTON,1471.3,Nov-24,3,Home
HANOVERPARK,418.7,Nov-24,1,Lifeline1
MARIA EINDE 3 AVONDALE,154.8,Nov-24,1,Lifeline2
CNR OWL CLOSE,183,Nov-24,1,Home
GUSTROWN,367.7,Nov-24,1,Lifeline2
MEADOWRIDGE,1906.8,Nov-24,1,Small Power 1
MELKBOSSTRAND,748.7,Nov-24,1,Small Power 2
CHRISMAR ESTATE     BELLVILLE,3217.8,Nov-24,10,Home
THE ISLANDS     PAROW,1001,Nov-24,4,Domestic
THE ISLANDS,564.8,Nov-24,3,Domestic
GROUND FLOOR OLD FLATS,204.5,Nov-24,1,Lifeline1
GROSVENOR 227,205.2,Nov-24,1,Lifeline2
ERF 16765,173.3,Nov-24,1,Lifeline1
MOLETSANE CRES,170.9,Nov-24,1,Lifeline1
CAPRICORN WAY,238.8,Nov-24,1,Domestic
GOUKAMMA 2 SHERWOOD,33.2,Nov-24,1,Domestic
ERF 9317     MFULENI,190.5,Nov-24,1,Lifeline2
GOODWOOD NORTH,2504.7,Nov-24,6,Home
ERF 7004     MFULENI,238.2,Nov-24,1,Lifeline1
SUNBIRD CRESCENT     DURBANVILLE,2912.2,Nov-24,9,Home
GOEDEHOOP 36 SAXONSEA,170.9,Nov-24,1,Lifeline1
7469     MFULENI,312.4,Nov-24,1,Lifeline2
ERF 7106     MFULENI,372.3,Nov-24,1,Lifeline2
 STRAND ,9973.6,Nov-24,1,Small Power 1
NORMANDY ESTATE,793.6,Nov-24,2,Domestic
NORTHWAY STREET 66     RAVENSMEAD,236.7,Nov-24,1,Lifeline2
NOTTINGHAM 102 SHERWOOD,114.9,Nov-24,1,Lifeline2
ST JOSE 1 SAXONSEA,203.1,Nov-24,1,Lifeline2
BOTTLEBRUSH 28 PROTEAPARK,284.5,Nov-24,1,Domestic
STERRESCHAN 6 EXT13 S/SEA,202.7,Nov-24,1,Domestic
BOSONIA,592.4,Nov-24,2,Lifeline2
GHIKA 17 SAXONSEA,366.4,Nov-24,1,Lifeline2
ERF 7570     MFULENI,229.9,Nov-24,1,Lifeline1
BONNIE BROOK,558.8,Nov-24,3,Lifeline1
STELLENBERG,4734.3,Nov-24,7,Small Power 2
GAZONIA 75 PROTEA PARK,133.1,Nov-24,1,Lifeline1
OLYF LAAN 25,179.3,Nov-24,1,Lifeline1
STEENBERG GOLF ESTATE,200.3,Nov-24,1,Lifeline1
ERF 7631     MFULENI,233.5,Nov-24,1,Lifeline1
PAARDEN EILAND,98.1,Nov-24,1,Lifeline2
FREMONT 15 SHERWOOD,183.5,Nov-24,1,Lifeline1
WINKEL 2,188.4,Nov-24,2,Small Power 2
FORTUNE 33 AVONDALE,28,Nov-24,1,Domestic
FLUFFTAILSLOT,1742.1,Nov-24,5,Home
ERF 7721     MFULENI,225.5,Nov-24,1,Lifeline1
95 DYALA CRES,180.1,Nov-24,1,Lifeline2
ERF 7791     MFULENI,238.1,Nov-24,1,Lifeline1
98 THORN,198.9,Nov-24,1,Lifeline2
BEVERLY BEACONHILL,389.7,Nov-24,1,Domestic
ZWELITSHA,209.8,Nov-24,2,Lifeline1
PETUNIA 4 PROTEA PARK,397.5,Nov-24,1,Lifeline2
WYNBERG ,1092.6,Nov-24,3,Small Power 2
129 THIRD AVENUE,2545.9,Nov-24,9,Home
EXT 4     MFULENI,214.6,Nov-24,1,Domestic
EXT 22     BELHAR,652.7,Nov-24,2,Home
BELLAIR ESTATE     BELLVILLE,682,Nov-24,2,Home
BELLAIR     BELLVILLE,3180.6,Nov-24,7,Home
BELLAIR,2176.5,Nov-24,4,Small Power 2
SILVERTREE ESTATE,6851.9,Nov-24,8,Home
ANDILE NDLENI,420,Nov-24,1,Domestic
SANMORA MACHEL,152.1,Nov-24,1,Domestic
BEACHWEG,273.8,Nov-24,1,Domestic
PROTEA STR 14 PROTEA PARK,163.2,Nov-24,1,Lifeline2
PUNTS ESTATE,294.9,Nov-24,3,Lifeline1
RICHMOND ESTATE,1429.3,Nov-24,8,Lifeline1
BABBLERS 7 ROBINVALE,98.1,Nov-24,1,Lifeline2
RYLANDS ,3690.1,Nov-24,2,Small Power 2
AVONDALE - WESFLEUR ,413.3,Nov-24,1,Lifeline2
RURAL,2060.1,Nov-24,1,Home
RONDVLEI PARK,307.2,Nov-24,1,Domestic
ALLEGHENY 41 SHERWOOD,102.3,Nov-24,1,Lifeline2
JOE SLOVO ,288.7,Nov-24,2,Lifeline2
31 TAHOE WAY,217.8,Nov-24,1,Lifeline2
BROWNS FARM PHILIPPI,450,Nov-24,2,Lifeline1
KINGFISHER PARK 15,98,Nov-24,1,Lifeline2
BLANC DE NOIR STREET     BELLVILLE,1427.6,Nov-24,5,Home
WESTGATE,321.3,Nov-24,2,Lifeline1
FRANS MARONEY ST,559.4,Nov-24,1,Home
PARC DURMONTE B5     DURBANVILLE,380.3,Nov-24,1,Domestic
RODE VOS RD,505.9,Nov-24,2,Lifeline2
TAUPO CLOSE,361.8,Nov-24,1,Domestic
14 MATHAMBISA RD,254.8,Nov-24,1,Lifeline1
GREENSSLOT     PAROW,454.5,Nov-24,1,Domestic
ERF 9451     MFULENI,278.8,Nov-24,1,Lifeline2
OYSTER 39 AVONDALE,295.1,Nov-24,1,Lifeline2
ERF7115     MFULENI,140,Nov-24,1,Lifeline2
MJODO ST,222.3,Nov-24,2,Lifeline1
FUSCHIA 23,220,Nov-24,1,Lifeline2
ERF 7619     MFULENI,263.9,Nov-24,1,Lifeline2
ERF 16932,257.7,Nov-24,1,Lifeline2
GREENHAVEN,1248.5,Nov-24,4,Lifeline1
KINGSTON COURT 5     BELLVILLE,203.9,Nov-24,1,Domestic
WESTRIDGE ,397,Nov-24,2,Domestic
MONTANA/DURRHEIM,923.7,Nov-24,2,Small Power 2
KITCHEN,128.8,Nov-24,1,Lifeline1
VICTORIA VILLAS,558.9,Nov-24,2,Home
RICHWOOD,65.5,Nov-24,1,Home
ALOE 39 PROTEA PARK,182,Nov-24,1,Lifeline2
SAKHUMZI VILLAGE,132.9,Nov-24,1,Lifeline1
SALAMANDER RD,112.7,Nov-24,1,Lifeline2
KRAAIFONTEIN INDUSTRY,2502.6,Nov-24,1,Small Power 1
KREUPELBOSCH,5059.3,Nov-24,8,Home
HOSTEL TO HOMES,215.1,Nov-24,1,Domestic
SALMANDER ST,213.7,Nov-24,1,Lifeline2
 GLENWOOD ,647,Nov-24,1,Home
VUKUZENZELE,417.5,Nov-24,2,Lifeline2
7 CAMELIA ST,217.6,Nov-24,1,Domestic
WETEVREDEN VALLEY,262.1,Nov-24,1,Lifeline2
VYGEBOOM,3795.4,Nov-24,4,Small Power 2
HOOP 108 SAXONSEA,149.8,Nov-24,1,Lifeline1
LANGEBERG SMALLHOLDNGS,2309.1,Nov-24,4,Home
SHUBERT AVENUE     DURBANVILLE,1762,Nov-24,4,Home
EVERSDALE     DURBANVILLE,4176.7,Nov-24,8,Home
SIHLANU AVENUE,239,Nov-24,1,Lifeline2
UNIT 10,137.2,Nov-24,1,Lifeline1
LARKSPLACE 20 ROBINVALE,292.6,Nov-24,1,Lifeline2
HILLRISE     BELLVILLE,1050.5,Nov-24,1,Home
43 TAHOE WAY,77.3,Nov-24,1,Lifeline2
ERF 9422     MFULENI,524.4,Nov-24,2,Lifeline2
LEATHER OAK STREET     BELLVILLE,727.4,Nov-24,3,Domestic
NDABENI ST,535.6,Nov-24,4,Lifeline1
BELAIRE,8073.1,Nov-24,11,Home
PORTLANDS ,480,Nov-24,1,Domestic
TYGERDAL     GOODWOOD,1950.9,Nov-24,8,Lifeline2
ZANDKLOOF,1547.9,Nov-24,3,Home
LILIAN NGOYI ST,83.1,Nov-24,1,Domestic
YUSUF GOOL BOULEVARD,527.4,Nov-24,2,Lifeline2
LILLIAN NGOYI CIRCLE,316.4,Nov-24,1,Lifeline2
YSTERPLAAT,665.6,Nov-24,2,Domestic
GONIWE ST,326.8,Nov-24,1,Lifeline1
LISBOA 10 SAXONSEA,241.3,Nov-24,1,Domestic
LISBOA STRAAT 41,258.2,Nov-24,1,Domestic
LOERIE 15 ROBINVALE,166.6,Nov-24,1,Lifeline1
TROTAH HORSE ST,182,Nov-24,1,Lifeline2
ERF 9582     MFULENI,296.9,Nov-24,1,Lifeline1
ATHLONE NORTH,720.8,Nov-24,3,Lifeline2
SEARIDGE,228.2,Nov-24,1,Lifeline2
129 THIRD AVENUE,457.9,Nov-24,2,Domestic
NORMANDI ESTATE,1410.1,Nov-24,6,Home
VREDEKLOOF HEIGHTS,966.2,Nov-24,4,Lifeline1
SINQOLAMTHI RD,274.5,Nov-24,1,Lifeline2
IMHOFF.S GIFT,2347.4,Nov-24,4,Home
LOVEBIRD 26 ROBINVALE,224,Nov-24,1,Lifeline2
ERF 9430     MFULENI,278.7,Nov-24,1,Lifeline2
HEIDEVELD ,133,Nov-24,1,Lifeline1
69C ZWAANS RD,354.9,Nov-24,1,Home
EVERSDAL,6613.3,Nov-24,3,Small Power 1
ROOM A,405.2,Nov-24,4,Lifeline1
SOETWIEDE STREET     DURBANVILLE,2769.5,Nov-24,6,Home
ERF 9200     MFULENI,245.6,Nov-24,1,Lifeline2
HEATHFIELD 40 PROTEA PARK,93.8,Nov-24,1,Lifeline2
MPOLWENI RD,72.4,Nov-24,1,Domestic
PETREL 32 ROBINVALE,362.8,Nov-24,1,Domestic
CAFDA,413.5,Nov-24,2,Lifeline2
W/VALLEY,289.9,Nov-24,2,Domestic
WELGELEGEN,549.7,Nov-24,3,Small Power 2
 STRANDFONTEIN ,435.2,Nov-24,1,Domestic
PESCADOR 28 EXT13 S/SEA,236.6,Nov-24,1,Lifeline2
COSMOS 24 PROTEA PARK,311.5,Nov-24,1,Lifeline2
PENELOPE 55 AVONDALE,194.6,Nov-24,1,Lifeline2
137 FIRST AVENUE,2208.9,Nov-24,8,Home
MAIN RD 7,563.2,Nov-24,1,Domestic
C/O SIPHIKA AND BALA STR,141.4,Nov-24,1,Lifeline1
ERF 9356     MFULENI,214.9,Nov-24,1,Lifeline1
GORDONSBAAI,716.5,Nov-24,2,Home
BENGAL 44 AVONDALE,217.6,Nov-24,1,Domestic
9 NYAVULA ST,278.8,Nov-24,1,Lifeline2
4 JOHNSTON AVE,484.6,Nov-24,1,Home
CONCORDIA 54 SHERWOOD,337.5,Nov-24,1,Lifeline2
OLIVE CLOSE     DURBANVILLE,2119,Nov-24,5,Home
13 ENCHANTRESS STREET,229.8,Nov-24,1,Domestic
FERNANDE 35 SAXONSEA,215.6,Nov-24,1,Lifeline2
WELLWAY PARK EAST     DURBANVILLE,3395.9,Nov-24,8,Home
OLIVER TAMBO ST,329,Nov-24,1,Lifeline2
ALICEDALE,352.8,Nov-24,2,Lifeline1
FERNANDE 70 SAXONSEA,492.4,Nov-24,1,Lifeline2
MARIMBA CRESCENT     DURBANVILLE,2827.9,Nov-24,6,Home
DUDUMASHE CLOSE,365.5,Nov-24,2,Lifeline1
ERF 7806     MFULENI,229.6,Nov-24,1,Lifeline1
PEARL 103 AVONDALE,171.5,Nov-24,1,Lifeline2
MARTINVILLE,1886.8,Nov-24,5,Domestic
WITSENBERG,196,Nov-24,1,Lifeline1
THORNE LANE 22,183.4,Nov-24,1,Lifeline1
31 LEEUBEKKIE CRES,140,Nov-24,1,Lifeline2
11 EMERY CLOSE,93.6,Nov-24,1,Lifeline1
2 NY 50 (STALL 11),20.7,Nov-24,1,Small Power 2
ERF 9549     MFULENI,119.9,Nov-24,1,Lifeline2
88 MAKHOSI CRESC,220.1,Nov-24,1,Lifeline2
CHURCH HILL     PAROW,275.7,Nov-24,1,Domestic
DIRKIE AND REITZSTRAAT,220.5,Nov-24,1,Domestic
141 UMNGA CRESC,277.8,Nov-24,1,Domestic
53 LUSITANIA ST,527.6,Nov-24,1,Home
ASCOT PARK,815.9,Nov-24,2,Home
EVERGLEN,3515.3,Nov-24,2,Small Power 1
ERF 7419     MFULENI,291.5,Nov-24,1,Lifeline2
BITTERN 24 SAXONSEA,388.4,Nov-24,1,Lifeline2
THE CREST,1792,Nov-24,8,Domestic
ALBERT ROAD,869.9,Nov-24,5,Lifeline1
GUGLETU,183.4,Nov-24,1,Lifeline1
JOE SLOVO CIRCLE,73.2,Nov-24,2,Domestic
MFULENI     ERF 9168,381.8,Nov-24,1,Lifeline2
PARKWOOD,166.9,Nov-24,1,Error
EXT 22     BELHAR,770.8,Nov-24,3,Lifeline1
ERF 9463     MFULENI,315.7,Nov-24,1,Lifeline2
INGULUBE STR,203.1,Nov-24,1,Lifeline2
GOEDEMOED,4655.5,Nov-24,2,Small Power 1
ROTTERDAM 54,150.4,Nov-24,1,Lifeline2
INSISWA 7,179.1,Nov-24,1,Lifeline1
84 NY 61,263.3,Nov-24,1,Lifeline1
ODIN WAY,446.3,Nov-24,2,Home
MOWBRAY,1099.4,Nov-24,7,Lifeline1
ERF 50307,137.1,Nov-24,1,Lifeline1
ERF 49300,367,Nov-24,1,Lifeline2
ERICA 45 PROTEA PARK,205.2,Nov-24,1,Domestic
63 RYBURG RD,170.5,Nov-24,1,Lifeline2
SURREY EST,189.6,Nov-24,1,Lifeline1
CAPE FARMS - DISTRICT H,300,Nov-24,1,Lifeline2
EVERGLEN     DURBANVILLE,1520.2,Nov-24,3,Home
SWIFT 134 ROBINVALE,326.4,Nov-24,1,Domestic
ERF 44896,207.6,Nov-24,1,Domestic
GOUDVELD 22 SHERWOOD,377.6,Nov-24,1,Domestic
ST DUMAS,578.6,Nov-24,2,Domestic
GREAT DUTCH AND MJODO ST,114.7,Nov-24,1,Lifeline2
ORCHID 22 PROTEA PARK,198.7,Nov-24,1,Lifeline2
ST ANTONIO 9 SAXONSEA,249.1,Nov-24,1,Lifeline2
BLOMMENDAL,758.3,Nov-24,2,Lifeline2
17TH AVE (UNIT 4),1469.6,Nov-24,1,Small Power 2
MONTAGUE VILLAGE,151.3,Nov-24,1,Domestic
STANDFONTEIN,133.8,Nov-24,1,Domestic
MONTAGUE GARDENS INDUSTRIAL,3931.7,Nov-24,3,Small Power 1
59 NGCISININDE CRES,88.3,Nov-24,1,Domestic
MONRGENSTER,269.9,Nov-24,1,Domestic
MNANDI CLOSE,461.9,Nov-24,2,Lifeline2
TAMBO VILLAGE,862.9,Nov-24,2,Domestic
MIMOSA,400.8,Nov-24,1,Lifeline2
ERF 16485,219.7,Nov-24,1,Lifeline2
8TH AVENUE 62     PAROW,141.3,Nov-24,1,Lifeline1
BLACKHEATH INDUSTRIA,826.4,Nov-24,2,Lifeline2
WINKEL NR 6     KUSWEG 73,1052.8,Nov-24,1,Small Power 2
MFULENI     ERF 9149,174.9,Nov-24,1,Lifeline1
ERF 9374     MFULENI,333.4,Nov-24,1,Lifeline2
BLAAUWBERGSTRAND ,5840.5,Nov-24,9,Home
BITTERN 9 SAXONSEA,242.1,Nov-24,1,Lifeline1
MFULENI ,110.5,Nov-24,1,Lifeline2
  GUGULETU  ,149.7,Nov-24,1,Lifeline1
MERESTEYN 3 AVONDALE,88,Nov-24,1,Domestic
ERF 14624,268.2,Nov-24,1,Lifeline2
ERF 7777     MFULENI,219.7,Nov-24,1,Lifeline2
MELKBOSCH STRAND,1984.3,Nov-24,5,Lifeline2
GUGULETU HOSTEL,215.5,Nov-24,1,Lifeline2
97 MLONJI STR,409.5,Nov-24,1,Lifeline2
PASTOR WAY,132.8,Nov-24,1,Domestic
FIGELANTE 1 SAXONSEA,195.9,Nov-24,1,Lifeline2
MARLBOROUGH PARK,1352.5,Nov-24,5,Lifeline2
MARINDA PARK,1216,Nov-24,3,Domestic
C/O DA GAMA BROADWAY,627.2,Nov-24,4,Domestic
99 NEWFIELDS,209.1,Nov-24,1,Lifeline2
ERF 9343     MFULENI,202.2,Nov-24,1,Lifeline1
ENCHANTRESS 79 SAXONSEA,664.5,Nov-24,1,Domestic
MANENBERG ,364.9,Nov-24,2,Small Power 2
MANDELA PARK,1056.4,Nov-24,2,Home
ELSIES RIVIER     GOODWOOD,1049.7,Nov-24,1,Domestic
ROTTERDAM 21 AVONDALE,896,Nov-24,1,Domestic
VOORTREKKERWEG     GOODWOOD  08969,127.9,Nov-24,1,Domestic
BERGROOS 2 PROTEA PARK,132.9,Nov-24,1,Lifeline1
WELGEMOED,6584.1,Nov-24,2,Small Power 1
PENELOPE 61 AVONDALE,221.8,Nov-24,1,Lifeline2
EVERITE INDUSTRIELE AREA,1644.2,Nov-24,1,Small Power 1
PERTH ROAD,724.8,Nov-24,1,Home
VREDELUST,359.4,Nov-24,2,Lifeline1
HEATHFIELD 4 PROTEAPARK,181.9,Nov-24,1,Lifeline2
TO HOMES,149.7,Nov-24,1,Lifeline1
"BELTHORN ESTATE,",642.4,Nov-24,1,Home
ROYAL SAXON 16 SAXONSEA,507.2,Nov-24,1,Domestic
COURSER 46 ROBINVALE,3473.3,Nov-24,1,Domestic
TOSCA CRESCENT     DURBANVILLE,2926.5,Nov-24,8,Home
CRAWFORD,5255.4,Nov-24,3,Small Power 1
LOUWSKLOOFSTRAAT 17,200.1,Nov-24,1,Lifeline1
ZINNIA 10 PROTEA PARK,341.6,Nov-24,1,Lifeline2
ERF 9003     MFULENI,232.3,Nov-24,1,Lifeline2
PHILPPI WEST,277.3,Nov-24,1,Lifeline2
CROW 12 ROBINVALE,68.9,Nov-24,1,Domestic
BELLVILLE SOUTH    ,475.5,Nov-24,1,Home
CURLEW 13 ROBINVALE,337.4,Nov-24,1,Lifeline2
ACACIA RD,355.7,Nov-24,1,Lifeline2
ERF 9027     MFULENI,186.2,Nov-24,1,Lifeline2
ADDISON 12 AVONDALE,183,Nov-24,1,Lifeline1
EXT.21     BELHAR,249.2,Nov-24,1,Lifeline2
HERMES 15 SAXONSEA,14.2,Nov-24,1,Domestic
EVERSDAL     DURBANVILLE,3900.6,Nov-24,5,Home
TYGERBERG STREET     GOODWOOD,158.3,Nov-24,1,Home
456311,251,Nov-24,1,Home
TYGERVALLEISTRAAT     PAROW,253.1,Nov-24,1,Domestic
44 THORN LANE,306.5,Nov-24,1,Lifeline2
 ATHLONE  ,476.7,Nov-24,1,Lifeline2
PRINCE GEORGE DRIVE,912.1,Nov-24,3,Home
PROTEAHOOGTE,3017.7,Nov-24,7,Domestic
SAND STR 51,166.5,Nov-24,1,Lifeline1
42 TAHOE WAY,89.5,Nov-24,1,Lifeline2
101 THIRD AVENUE,563.2,Nov-24,3,Domestic
BAYVIEW,419.9,Nov-24,2,Lifeline1
HOOP 122,502,Nov-24,1,Domestic
40 JOHNSTON AVE,300.8,Nov-24,1,Domestic
DE BRON,1837.2,Nov-24,3,Small Power 2
HOOP 35 EXT13 SAXONSEA,278.8,Nov-24,1,Lifeline2
ANTON FRASCH,150.1,Nov-24,2,Lifeline1
BARNEY MOLOKOANE,354.4,Nov-24,1,Lifeline2
DE KUILEN,1267.2,Nov-24,5,Domestic
HOSTEL2 PHASE 2,205.4,Nov-24,2,Lifeline1
DELLVILLE 12 SHERWOOD,135.8,Nov-24,1,Lifeline1
SHELLY 59 AVONDALE,156.7,Nov-24,1,Lifeline2
RETREAT ,602.9,Nov-24,2,Lifeline2
SHELLEY 69 AVONDALE,23.3,Nov-24,1,Domestic
VAN RIEBEECKSHOF,2383.2,Nov-24,6,Small Power 2
ZINNIA 28 PROTEA PARK,139.6,Nov-24,1,Domestic
ERF 9602     MFULENI,123.1,Nov-24,1,Lifeline2
EAGLESNEST 12 ROBINVALE,124.5,Nov-24,1,Lifeline1
VICTORIA MXENGE,348.7,Nov-24,2,Lifeline1
VRIJZEE,1664.6,Nov-24,4,Home
DYALA CRESCENT,481.2,Nov-24,1,Lifeline2
VOSFONTEIN,1518.1,Nov-24,3,Home
VICTORY HILL,1150.8,Nov-24,2,Home
DIANA 3 SAXONSEA,204.3,Nov-24,1,Lifeline1
HYDRANGEA 52,233.7,Nov-24,1,Lifeline1
AZALEA 42 PROTEA PARK,366.1,Nov-24,1,Domestic
ROCK STREET ,128.7,Nov-24,1,Lifeline1
KINGSTON 2 AVONDALE,350.2,Nov-24,1,Lifeline2
VREDENHOFSTRAAT,552.1,Nov-24,2,Domestic
VREDENBURG ESTATE,1125.4,Nov-24,1,Home
ARUNDO 25 PROTEA PARK,282.7,Nov-24,1,Lifeline2
AVE DR ABDURAHMAN,149.7,Nov-24,1,Lifeline1
RONDEBOSCH EAST,7313.4,Nov-24,2,Small Power 1
KERRIA 82 PROTEA PARK,371.3,Nov-24,1,Domestic
KENT CRESCENT 102,217.8,Nov-24,1,Domestic
IKWELERA STREET 69D     MFULENI,304.1,Nov-24,1,Lifeline2
ASTER 22 PROTEA PARK,607.8,Nov-24,1,Domestic
ROOM B,506.3,Nov-24,4,Lifeline1
SEA WIND,929.4,Nov-24,3,Domestic
35 CONTINUA ST,637.2,Nov-24,1,Domestic
KEI APPLE GROVE,391.7,Nov-24,1,Domestic
7 JOY TWALIMFENE DRIVE,114.7,Nov-24,1,Lifeline2
GLEN IVE,872.9,Nov-24,2,Lifeline2
16 MIDDLETON CLOSE,263.9,Nov-24,1,Domestic
EURORE,216.9,Nov-24,1,Lifeline1
GLORIOSA 3 PROTEA PARK,145.5,Nov-24,1,Lifeline1
NGWEVU RD,599.5,Nov-24,1,Lifeline2
YAWL RD,401.5,Nov-24,1,Home
DAWN RD,100,Nov-24,2,Domestic
AKKERENDAM 1 SHERWOOD,274.2,Nov-24,1,Lifeline2
ERF 9036     MFULENI,127.2,Nov-24,1,Lifeline2
ERF 9482     MFULENI,274.2,Nov-24,1,Lifeline2
VREDEHOEK ,2151.9,Nov-24,5,Home
THORN LANE 113,288.6,Nov-24,1,Lifeline1
ERF 7795     MFULENI,493.7,Nov-24,1,Lifeline2
PLATTEKLOOF 1,835.4,Nov-24,1,Small Power 2
DURBANVILLE HILLS     DURBANVILLE,1680.6,Nov-24,4,Home
CAPE TOWN ,2300.6,Nov-24,9,Home
DARTERS 7 ROBINVALE,337.6,Nov-24,1,Lifeline2
101 FIRST AVENUE,458.4,Nov-24,3,Domestic
NEMESIA 4 PROTEA PARK,356.6,Nov-24,1,Lifeline2
ERF 16763,197.3,Nov-24,1,Lifeline1
ERF 9067     MFULENI,303.9,Nov-24,1,Lifeline2
PLOVER 10 ROBINVALE,199.1,Nov-24,1,Domestic
MFULENI     ERF 9160,315.6,Nov-24,1,Domestic
HERMES 19 SAXONSEA,266.5,Nov-24,1,Domestic
ERF 9228     MFULENI,158,Nov-24,1,Lifeline1
WESTRIDGE - SOMERSETWEST,3523.2,Nov-24,5,Home
BOSBELL,493.4,Nov-24,2,Lifeline2
OAKRIDGE,3739.5,Nov-24,7,Home
MORGENSTER HOOGTE,1243.1,Nov-24,5,Lifeline2
BLOCK L 28 NO 5,259.1,Nov-24,1,Lifeline1
86 MAKHOSI CRESC,278.7,Nov-24,1,Lifeline2
 HIGHBURY,428.4,Nov-24,1,Domestic
DARTERS 23 ROBINVALE,207,Nov-24,1,Lifeline2
EDINBURGH 11 SAXONSEA,124.4,Nov-24,1,Lifeline1
GLENCAIRN HEIGHTS,967.7,Nov-24,6,Lifeline1
UMGXINA STREET,571.7,Nov-24,2,Lifeline1
HIGHGATE 30 BEACONHILL,145.4,Nov-24,1,Lifeline1
ANCHORAGE PARK,17075,Nov-24,4,Small Power 2
OAKDALE ,199.9,Nov-24,1,Domestic
BEEKBERG 85,738.2,Nov-24,1,Domestic
ZINNIA 22 PROTEA PARK,231.5,Nov-24,1,Lifeline2
ANGELIER ST,133.5,Nov-24,1,Lifeline2
GWADU CRES,186.1,Nov-24,1,Lifeline2
METEREN 42 AVONDALE,182.2,Nov-24,1,Domestic
BLD 10,287.2,Nov-24,1,Lifeline2
ZEPHANI MOTHOPENG,323.3,Nov-24,2,Lifeline1
54 TAHOE WAY,160.8,Nov-24,1,Lifeline2
WESTERDALE,1321.3,Nov-24,5,Small Power 2
AVONSTIL,978,Nov-24,3,Domestic
MONTE CARLOSTRAAT     UITSIG,722.2,Nov-24,4,Domestic
SPRINGFIELD RD,1248.1,Nov-24,2,Domestic
FERNANDE STREET 43,173.5,Nov-24,1,Lifeline2
21 DYUSHU RD,128.4,Nov-24,1,Lifeline1
MLONJI ST,202.6,Nov-24,2,Lifeline2
OVERDALE STREET     PAROW,137,Nov-24,1,Lifeline1
GOEDEHOOP 30 SAXONSEA,299.5,Nov-24,1,Lifeline2
MIDDELBURG 49 SAXONSEA,384,Nov-24,1,Domestic
MOGENSTER HEIGHTS,488.6,Nov-24,2,Home
MANNA LANE 55,265.2,Nov-24,1,Lifeline1
FLAMINGO 18 ROBINVALE,83.9,Nov-24,1,Lifeline1
OUTBUILDING,408.9,Nov-24,2,Lifeline2
MANNA LANE 41,270,Nov-24,1,Lifeline2
MANNA LANE 34,228,Nov-24,1,Lifeline2
23 LEEUBEKKIE CRES,203,Nov-24,1,Lifeline2
VILLAGE 1A,416.6,Nov-24,3,Lifeline1
ATHLONE INDUSTRIA,9473.9,Nov-24,2,Small Power 1
81 MYEZA ST,114.6,Nov-24,1,Lifeline2
ERF 9513     MFULENI,192.4,Nov-24,1,Lifeline2
MFULENI     ERF 9102,219.8,Nov-24,1,Lifeline2
 MANENBERG ,270.2,Nov-24,1,Lifeline2
FRANS STR 54,142.8,Nov-24,1,Lifeline1
WINDSOR  ESTATE,1711.7,Nov-24,2,Home
HARMONY VILLAGE,255.6,Nov-24,1,Home
ERF 9418     MFULENI,405.2,Nov-24,1,Lifeline2
TAFELSIG,3717.4,Nov-24,1,Small Power 1
ERF 7629     MFULENI,221.8,Nov-24,1,Lifeline2
BERG RD,146.2,Nov-24,1,Domestic
DYAMALA RD,280.7,Nov-24,1,Lifeline2
MALGAS 24 ROBINVALE,991.1,Nov-24,1,Domestic
GOEDEHOOP 27 SAXONSEA,211.5,Nov-24,1,Lifeline2
ERF 9499     MFULENI,297.6,Nov-24,1,Lifeline2
CHASMANTE VILLAGE,523.7,Nov-24,2,Home
CARLTON RD,252.5,Nov-24,1,Home
MONTCHERE,3612.7,Nov-24,7,Home
PANORAMA,1095.8,Nov-24,5,Lifeline1
ERF 7588     MFULENI,258.9,Nov-24,1,Lifeline1
"STRAND,",130.7,Nov-24,1,Lifeline1
DE TYGER     PAROW,754.6,Nov-24,2,Home
RIDGEWORTH,1833.6,Nov-24,5,Lifeline2
MAGNOLIA 11  ROBINVALE,120.2,Nov-24,1,Lifeline1
STEVE BIKO CRES,202.4,Nov-24,1,Domestic
GOODWOOD  EXT 1,598.1,Nov-24,3,Lifeline1
SACRAMENTO 61 EXT13 S/SEA,466.1,Nov-24,1,Domestic
JB MARKS ST,363.2,Nov-24,1,Lifeline2
VASCO BOULEVARD     GOODWOOD,340.5,Nov-24,2,Lifeline1
PAROW RD,152.3,Nov-24,1,Home
ERF 120736,320.4,Nov-24,1,Lifeline2
W/VALLEY,149.4,Nov-24,1,Lifeline2
KERRIA 65 PROTEA PARK,286.8,Nov-24,1,Domestic
ERF 7894     MFULENI,308.6,Nov-24,1,Lifeline2
TIMBERS,350.4,Nov-24,1,Home
HEATHFIELD 56 PROTEAPARK,106.2,Nov-24,1,Lifeline2
PHASE 5-2F,152.4,Nov-24,1,Lifeline2
RUSTHOF,128.6,Nov-24,1,Lifeline1
SHELLY 22 AVONDALE,129.3,Nov-24,1,Lifeline2
SALISBURY RD,274.7,Nov-24,1,Home
95 THORN LANE,282.7,Nov-24,1,Lifeline2
GIYO GIYO RD,362.7,Nov-24,1,Lifeline2
VANGUARD ESTATE,1147.2,Nov-24,4,Lifeline1
KEHRWEIDER 33 SAXONSEA,430.4,Nov-24,1,Domestic
FREMONT 33 SHERWOOD,561.2,Nov-24,1,Lifeline2
THOMAS NKOBI,134.3,Nov-24,1,Lifeline1
ASTER 32 PROTEA PARK,291,Nov-24,1,Lifeline2
HEIEDEVLED,448,Nov-24,1,Domestic
GLEN LILLY     PAROW,676.5,Nov-24,4,Home
GOODWOOD ,288.8,Nov-24,1,Lifeline2
EUROPE INFORMAL,316.6,Nov-24,1,Lifeline2
LOURENSSTRAAT,724.1,Nov-24,3,Lifeline2
STRAND GOLF ESTATE,1511.3,Nov-24,3,Home
FREMONT 40 SHERWOOD,421.8,Nov-24,1,Lifeline2
THABOI RAKUBA,133.2,Nov-24,1,Lifeline1
NTILENI RD,282.4,Nov-24,2,Lifeline2
LOUMAR     BELLVILLE,1423.7,Nov-24,3,Home
DEERLODGE 56 SHERWOOD,265.8,Nov-24,1,Lifeline2
ZIZENI CRES,94.3,Nov-24,1,Lifeline1
ATLANTIS ,417.8,Nov-24,2,Lifeline2
MURRAY AVENUE,514.9,Nov-24,1,Domestic
ERF 9644     MFULENI,136.7,Nov-24,1,Lifeline2
HOOP 27 EXT13 SAXONSEA,124.4,Nov-24,1,Lifeline1
ZONE 20,160.8,Nov-24,1,Lifeline2
DISA 1,379.7,Nov-24,1,Lifeline2
EXT $     MFULENI,211.3,Nov-24,1,Lifeline2
40 ANGELIER ST,42.9,Nov-24,1,Domestic
LANDOWNE,219,Nov-24,1,Home
LONDON VILLAGE,368.2,Nov-24,2,Home
41 EVERGREEN RD,253.4,Nov-24,1,Lifeline2
NY 109,54.6,Nov-24,1,Domestic
DUMA NOKWE,245,Nov-24,2,Lifeline2
LOEVENSTEIN,1082.9,Nov-24,5,Lifeline2
WYNBERG SOUTH,1606.8,Nov-24,4,Home
THORN LANE 68,171.8,Nov-24,1,Domestic
WELCOME GLEN,636,Nov-24,3,Lifeline1
LOTUS RIVER LOTUS,192,Nov-24,1,Domestic
VOELVLEI,810.7,Nov-24,5,Lifeline1
STABROEK 6 EXT13 SAXONSEA,128.5,Nov-24,1,Lifeline1
RONDEVLEI,408.8,Nov-24,1,Home
ERF 9447     MFULENI,242.1,Nov-24,1,Lifeline1
 MANENBERG,164.2,Nov-24,1,Lifeline1
ST KILDA,3436.2,Nov-24,6,Home
PHILIPPI ,44.6,Nov-24,1,Home
KGS SINGEL     PAROW,1616.5,Nov-24,4,Home
IKHAYALETHEMBA VILLAGE     SOLMON DRIVE,408.7,Nov-24,2,Domestic
KABONGO ST,80.9,Nov-24,1,Lifeline2
BABBLERS 21 ROBINVALE,232.3,Nov-24,1,Lifeline2
SIZENI CRES,329.5,Nov-24,1,Lifeline2
4 PETUNIA ST,309.9,Nov-24,1,Domestic
IDA MNTWAMA CRES,368.1,Nov-24,1,Lifeline2
MALMESBURY FARMS(1),459.4,Nov-24,2,Lifeline2
ROYAL CAPE,203.6,Nov-24,1,Domestic
STANLEY RD,697.4,Nov-24,2,Home
LWANLDE,249.2,Nov-24,1,Lifeline2
CIKO STR,184.2,Nov-24,2,Lifeline1
ERF 7088     MFULENI,313.6,Nov-24,1,Lifeline1
LOEVENSTEIN,1110.2,Nov-24,5,Lifeline1
23 SPRIGGS ST,549.9,Nov-24,1,Domestic
MULLER ST,394.2,Nov-24,1,Home
PHOENIX VILLAGE MILNERTON,378.9,Nov-24,1,Domestic
FALCON STREET     DURBANVILLE,2586.6,Nov-24,7,Home
REGGIE RADEBE,320.5,Nov-24,1,Lifeline2
DOVE LANE,194.4,Nov-24,1,Lifeline2
GUGLETU,211.1,Nov-24,1,Lifeline2
46 J NONTULO ST,85.1,Nov-24,1,Lifeline2
EXT 22     BELHHAR,371.2,Nov-24,1,Domestic
ELSIES RIVER     GOODWOOD,209.2,Nov-24,1,Domestic
CASTALIS 3 PROTEA PARK,299.3,Nov-24,1,Lifeline2
 WESFLEUR,174.7,Nov-24,1,Lifeline1
SUN VALLEY,2634.3,Nov-24,6,Domestic
"BROADLANDS PARK,",762.7,Nov-24,1,Lifeline1
TABLE VIEW,265.4,Nov-24,1,Small Power 2
MORNING STAR     DURBANVILLE,1079.6,Nov-24,2,Home
ONVERWACHT,1049.4,Nov-24,4,Lifeline2
DURBANVILLE MEADOWS,1753.6,Nov-24,8,Domestic
SPARROWHAWK CRESCENT     DURBANVILLE,830.4,Nov-24,2,Home
HOOGEGEES 33 SAXONSEA,421.5,Nov-24,1,Domestic
HENNINGHUIZEN 18,343.9,Nov-24,1,Lifeline2
GARDENIA 11 PROTEA PARK,232.1,Nov-24,1,Lifeline2
17TH AVE (UNIT 10),1278.5,Nov-24,1,Small Power 2
DREYERSDAL,1211.5,Nov-24,5,Lifeline1
SIMONSKLOOF,5109.4,Nov-24,9,Home
SCHOTSCHE KLOOF,143.9,Nov-24,1,Small Power 2
SANDDRIFT,1185.3,Nov-24,3,Small Power 2
TEMPERANCE TOWN,226.3,Nov-24,2,Small Power 2
8 MKHONTO RD - MASIPUMELE,88.9,Nov-24,1,Home
OLD FLATS WASHINGTON ST,153.7,Nov-24,1,Lifeline1
HELDERBERG ESTATE,4774,Nov-24,1,Small Power 1
EDINBURGH 6 SAXONSEA,177.5,Nov-24,1,Lifeline2
D.URBANVALE,999.6,Nov-24,2,Lifeline2
NTHOMBE ST,291.5,Nov-24,1,Lifeline2
SHOTCHESKLOOF,722.3,Nov-24,1,Home
CROWCOURT 26 ROBINVALE,135.5,Nov-24,1,Lifeline2
VOORTREKKER ROAD     GOODWOOD,242.6,Nov-24,2,Home
ERF 9355     MFULENI,190.6,Nov-24,1,Lifeline2
RIVERSIDE PALMS     SONNEKUIL,932.6,Nov-24,2,Home
26 EVERTON ST,323.9,Nov-24,1,Domestic
ZONNEDAL,691.1,Nov-24,2,Home
BELHAR EXT 19,1703.2,Nov-24,1,Small Power 1
THORN LANE 120,115.9,Nov-24,1,Lifeline1
35 TAHOE WAY,253.1,Nov-24,1,Lifeline2
37 DEHLI RD,230.8,Nov-24,1,Home
GOEDEHOOP 14 SAXONSEA,198.9,Nov-24,1,Domestic
CYBELLE 6,281.6,Nov-24,1,Domestic
SCHUBERT STREET     DURBANVILLE,2038.5,Nov-24,7,Home
STRANFONTEIN,1126.6,Nov-24,2,Home
BELGRAVIA EST,1873.6,Nov-24,5,Home
WYNBERG EAST,500.5,Nov-24,1,Small Power 2
7 MAGWAZA CLOSE,93.6,Nov-24,1,Domestic
ELK 7 SHERWOOD,276.4,Nov-24,1,Lifeline2
HOHENHORT STREET     BELLVILLE,709.6,Nov-24,2,Home
POKELA RD,302.8,Nov-24,1,Lifeline2
BIGNONIA 21 PROTEA PARK,176.8,Nov-24,1,Lifeline1
49 2ND AVE,344.6,Nov-24,2,Home
17 ABELIA ST,12,Nov-24,1,Domestic
NFULENI,117.8,Nov-24,1,Domestic
ERF 9581     MFULENI,409.6,Nov-24,1,Domestic
45 JEANNE CRES,312.4,Nov-24,1,Domestic
ERF 9188     MFULENI,124.3,Nov-24,1,Lifeline1
LANGGEWACHT,1819.9,Nov-24,4,Home
"PROTEA PARK -WESFLEUR,",176.8,Nov-24,1,Lifeline1
SOUTHERN HILLS,157.9,Nov-24,2,Domestic
NAUTILUS 15 SAXONSEA,427.6,Nov-24,1,Domestic
E319 EUROPE,149.6,Nov-24,1,Lifeline1
BOSBELL,511.2,Nov-24,5,Lifeline1
15 ISAPHEPHA ST,131.9,Nov-24,1,Domestic
ERF 9354     MFULENI,156.6,Nov-24,1,Lifeline2
OLYF LAAN 69,244,Nov-24,1,Lifeline1
OAK GLEN     BELLVILLE,371.5,Nov-24,1,Domestic
DA GAMA PARK,712.7,Nov-24,4,Lifeline1
EXT.18 BELHAR,248.6,Nov-24,1,Domestic
STRELITZIA 11 PROTEA PARK,212.5,Nov-24,1,Lifeline1
125 EVERGREEN RD,238.6,Nov-24,1,Lifeline2
83 MONTCLAIR DRIVE,283.2,Nov-24,1,Home
TOWNSEND STRAAT     GOODWOOD,151.6,Nov-24,1,Domestic
PESCADOR 10 EXT13 S/SEA,165,Nov-24,1,Lifeline2
NELLY 11 ROBINVALE,297,Nov-24,1,Domestic
ROSEDALE - DURBANVILLE,1031.3,Nov-24,6,Home
2 SIGUR CLOSE,80.9,Nov-24,1,Lifeline2
NDYALA ST,269.9,Nov-24,1,Lifeline2
ERF 9552     MFULENI,414.6,Nov-24,1,Lifeline1
SCEPTRE 18 SAXONSEA,447.3,Nov-24,1,Lifeline2
DIYA ST,162.1,Nov-24,1,Lifeline1
DURBANVILLE EXT.37,536,Nov-24,2,Domestic
MAGNET 7 SAXONSEA,124.3,Nov-24,1,Lifeline1
MARTIN RD,358.4,Nov-24,1,Domestic
CNR LONG AND SELBOURNE RD,283.2,Nov-24,1,Home
OAK GLEN,3042.8,Nov-24,4,Small Power 2
ALACRITY 2 SAXONSEA,132.7,Nov-24,1,Lifeline1
HIGH VIEW,177.8,Nov-24,1,Home
PROTEA HEIGHTS,17592,Nov-24,2,Small Power 1
WETTON PARK,797.2,Nov-24,1,Home
KLIP RD,204.4,Nov-24,1,Home
ERF 118     MFULENI,229.3,Nov-24,1,Lifeline1
ISLAND 47 AVONDALE,187.3,Nov-24,1,Lifeline1
ZOO PARK,84.1,Nov-24,1,Small Power 2
MITCHELLS PLAIN SOUTH,218.9,Nov-24,1,Lifeline1
VIERLANDEN,1570.4,Nov-24,5,Small Power 2
PEARL MAN 90 AVONDALE,206.2,Nov-24,1,Lifeline1
ERF 7802     MFULENI,443.1,Nov-24,1,Lifeline2
KUSWEG 75,225.9,Nov-24,1,Small Power 2
SCOTTSDEN,120.1,Nov-24,1,Lifeline1
ERF 116     MFULENI,162.1,Nov-24,1,Lifeline1
SACRAMENTO 9 EXT13 S/SEA,174.7,Nov-24,1,Lifeline1
GXAKAGXAKA RD,232.4,Nov-24,1,Lifeline2
SHELLEY 38 AVONDALE,274.3,Nov-24,1,Lifeline2
FUCHSIA 27 PROTEA PARK,197.8,Nov-24,1,Lifeline1
0 MILITARY ROAD,248.9,Nov-24,1,Lifeline2
ERF 9224     MFULENI,365,Nov-24,1,Lifeline2
18 BELMUNT CRES,468.7,Nov-24,1,Domestic
ERF 9257     MFULENI,263.1,Nov-24,1,Lifeline1
HELDERBERG,203,Nov-24,1,Lifeline1
DURBANVALE     DURBANVIL,179.6,Nov-24,1,Domestic
DENNESINGEL 6,191.5,Nov-24,1,Lifeline1
PAROW VALLE     PAROW,1597.3,Nov-24,1,Home
PEERLESS PARK EAST ,1603.8,Nov-24,2,Home
VANGURD,1353.1,Nov-24,2,Home
GOEDEMOED,979.3,Nov-24,5,Lifeline1
MOFFAT PUTEGO,41.6,Nov-24,1,Domestic
LAKE RD,2604.3,Nov-24,1,Small Power 2
ALTENAWEG,914.5,Nov-24,2,Domestic
13 KNYSNA,253.3,Nov-24,1,Lifeline2
MANSFIELD INDUSTRIA,1310.7,Nov-24,1,Small Power 1
ZEVENDAL,1398.4,Nov-24,4,Domestic
BLOCK 12,414.8,Nov-24,1,Lifeline1
PHLOX 29 PROTEA PARK,930.1,Nov-24,1,Domestic
48 DYALA CRES,80.9,Nov-24,1,Lifeline2
STELLENBOSCH FARMS (KUILS,987.8,Nov-24,5,Home
MORNINGSTAR    ,299.5,Nov-24,1,Lifeline2
MFULENI     ERF 9161,266,Nov-24,1,Lifeline2
20 STORK ST,143.9,Nov-24,1,Lifeline2
ERF 9312     MFULENI,324.9,Nov-24,1,Lifeline2
NEW FLATS,152.4,Nov-24,1,Lifeline2
28 MIDDLETON CLOSE,362.1,Nov-24,1,Home
BELTHORN ESTATE ,1471.6,Nov-24,1,Small Power 2
3 SPRIGGS ST,251,Nov-24,1,Domestic
ERF 7482     MFULENI,223.7,Nov-24,1,Lifeline1
ERF 7702     MFULNEI,141,Nov-24,1,Lifeline1
JAMESON MNGOMEZULU,67.3,Nov-24,1,Domestic
ONVERWACHT VILLAGE,1775.8,Nov-24,5,Domestic
SOPHIA 8   EXT13,145.2,Nov-24,1,Lifeline1
ERF 162108,194.5,Nov-24,1,Lifeline2
MFULEN,267.5,Nov-24,1,Lifeline1
GORDON'S BAY CENTRAL,1275.5,Nov-24,1,Small Power 1
ARION 83 SHERWOOD,555.3,Nov-24,1,Domestic
ROYAL CAPE,1638.4,Nov-24,2,Small Power 2
MELKBOSTRAND,2168.7,Nov-24,7,Home
CHRIS NISSEN PARKST,151.6,Nov-24,1,Lifeline1
BIGNONIA 59 PROTEA PARK,253.3,Nov-24,1,Lifeline2
ERF 14327,237.6,Nov-24,1,Lifeline1
Scottsde,36.4,Nov-24,1,Domestic
ERF 12314,371.2,Nov-24,1,Domestic
ERF 1195,409.6,Nov-24,1,Domestic
MAZHI VILAKAZI,122.8,Nov-24,1,Lifeline2
CLAMHALL,1208,Nov-24,6,Lifeline1
MAYFIELD VILLAGE,740.1,Nov-24,2,Home
BIG BAY,249,Nov-24,1,Lifeline2
GULDEN PARK,367,Nov-24,1,Lifeline2
THORN LANE 115,170.4,Nov-24,1,Lifeline1
GULLHAVEN 31 ROBINVALE,111.6,Nov-24,1,Lifeline1
MASIPHUMELE ,199,Nov-24,1,Lifeline2
ISLAND 69 AVONDALE,111.6,Nov-24,1,Lifeline1
MARINDA PARK,338.2,Nov-24,1,Lifeline2
THORN LANE 25,166.2,Nov-24,1,Lifeline1
COCA COLA HOSTEL,216.6,Nov-24,1,Lifeline1
GLENWOOD,1499.1,Nov-24,5,Lifeline2
ERF 7815     MFULENI,138.5,Nov-24,1,Domestic
BESTERECTA HOSTEL,127,Nov-24,1,Lifeline2
EPPING INDUSTRIAL,1870.2,Nov-24,5,Home
HAARLEM 3,824,Nov-24,1,Domestic
ROTTERDAM 44,139.6,Nov-24,1,Lifeline2
BERGZICHT     GOODWOOD,899.3,Nov-24,5,Lifeline1
OLIVER TAMBO DRIVE,275.6,Nov-24,1,Lifeline1
0 SIXTH AVENUE,89.2,Nov-24,1,Lifeline2
FELICIA 14 PROTEA PARK,253.1,Nov-24,1,Lifeline2
 COLORADO PARK ,265.6,Nov-24,1,Lifeline2
WOODRIDGE,379.6,Nov-24,1,Home
BERG STREET,2444,Nov-24,4,Home
BERG STR,171.6,Nov-24,1,Domestic
ELSIES RIVER INDUSTRIA,2723,Nov-24,7,Home
MOUILLE POINT,2770.7,Nov-24,6,Lifeline1
BENGAL 9 AVONDALE,320,Nov-24,1,Domestic
PELLA,574.2,Nov-24,1,Home
MAIN RD 71,278.2,Nov-24,1,Lifeline2
PENELOPE 41 AVONDALE,248.8,Nov-24,1,Lifeline2
ERF 9254     MFULENI,164.8,Nov-24,1,Lifeline1
ERF 9226     MFULENI,333.4,Nov-24,1,Lifeline2
 OKAVANGO PARK,634.6,Nov-24,6,Small Power 2
ZEVENWACHT FARM VILLAGE,653,Nov-24,2,Domestic
ERF 6169,221.5,Nov-24,1,Lifeline2
TO HOMES HOSTEL,314.6,Nov-24,2,Lifeline1
BELTHORN ESTATE ,272.9,Nov-24,1,Domestic
BROOKSIDE VILLAGE,2266.2,Nov-24,5,Home
ERF 9650     MFULENI,228,Nov-24,1,Domestic
OAKDALE,863.5,Nov-24,5,Lifeline1
ERF 9591     MFULENI,240.5,Nov-24,1,Lifeline2
SUMMERVILLE,386.2,Nov-24,2,Lifeline1
EENSGEVONDEN ,467.2,Nov-24,2,Home
SIMONSTOWN,743.2,Nov-24,5,Lifeline1
NTSHATSHONGA STR,89.2,Nov-24,1,Lifeline2
NEW SCHEME,181.8,Nov-24,1,Domestic
LOTUS RIVER PARK,124.5,Nov-24,1,Lifeline1
ACACIA 69 PROTEA PARK,350.3,Nov-24,1,Lifeline2
47 UBUSHWA CRES,166.2,Nov-24,1,Lifeline1
EXT 6     MFULENIE,228.3,Nov-24,1,Lifeline2
ERF 9640     MFULENI,157.8,Nov-24,1,Lifeline1
BELLVILLE CENTRAL,289.2,Nov-24,1,Lifeline2
EXT.23 BELHAR,39,Nov-24,1,Domestic
MYNA 19 ROBINVALE,373.1,Nov-24,1,Lifeline2
HELDERZICHT,847.4,Nov-24,2,Domestic
HENDON PARKHUIS 2,153.6,Nov-24,1,Lifeline1
LO ARI VILLAGE,396,Nov-24,1,Home
PLATTEKLOOF,695.6,Nov-24,2,Lifeline2
JONKERSHOEK STATE FOREST,1496.7,Nov-24,4,Home
45 MASONWABE RD,435.2,Nov-24,1,Domestic
ERF 7042     MFULENI,208.4,Nov-24,1,Lifeline1
TWIN PALMS,1213.5,Nov-24,5,Lifeline2
BONTEHEUWEL ,368.5,Nov-24,1,Lifeline1
YOUNGSFIELD,481.2,Nov-24,1,Home
35B MARMION RD,3565.1,Nov-24,6,Domestic
ERF 9095     MFULENI,132.6,Nov-24,1,Lifeline1
ERF 9122     MFULENI,296.2,Nov-24,1,Lifeline1
BELHAR EXT 17,162.2,Nov-24,1,Home
LILAC 4 PROTEA PARK,379.6,Nov-24,1,Lifeline2
POPLAR AVE,424,Nov-24,1,Lifeline2
LIBOMUNI ST,174.6,Nov-24,1,Lifeline1
WEZO RD,170.4,Nov-24,1,Lifeline1
EDINBURGH 34 SAXONSEA,192.2,Nov-24,1,Lifeline2
STELLENRIDGE     BELLVILLE,532.3,Nov-24,2,Home
LAVENDER HILL ,76.6,Nov-24,1,Lifeline2
BEAVERHEAD 53 SHERWOOD,161.3,Nov-24,1,Domestic
DURBANVILLE EAST,870.4,Nov-24,5,Domestic
ERF 9556     MFULENI,118.6,Nov-24,1,Lifeline2
UNIT 1 WENDY HOUSE,331.2,Nov-24,1,Lifeline2
UNIT 2,202.6,Nov-24,1,Lifeline2
ERF 7109     MFULENI,190,Nov-24,1,Lifeline2
HOHEIZENE   ,669.7,Nov-24,1,Home
43 FIRST AVENUE,628.6,Nov-24,2,Domestic
LANGEBERG ST,253,Nov-24,1,Lifeline2
DAVID WEBSTER ST,662.1,Nov-24,2,Lifeline2
NORTHWAY STREET 58     RAVENSMEAD,227.8,Nov-24,1,Lifeline2
RAILWAY ST,189.5,Nov-24,1,Domestic
RARABE ST,89.2,Nov-24,1,Lifeline2
75 SOUTHFIELD RD,1029.4,Nov-24,1,Home
SCHONENBERG,553.6,Nov-24,1,Home
VALLEYFIELD 44 EXT13 SSEA,270.3,Nov-24,1,Lifeline2
KWEPER ST,324,Nov-24,1,Domestic
ERF 9612     MFULENI,148.2,Nov-24,1,Lifeline2
ERF 9568     MFULENI,275.7,Nov-24,1,Lifeline1
STRANFONTEIN,287,Nov-24,1,Domestic
ERF 9349     MFULENI,97.6,Nov-24,1,Lifeline2
SALMANDER RD,157.8,Nov-24,1,Lifeline1
BANTRY BAY,657.9,Nov-24,2,Lifeline2
STIKLAND ,1029.2,Nov-24,4,Domestic
RETREAT INDUSTRIAL AREA,2220.1,Nov-24,2,Small Power 1
RICHLIN,993.1,Nov-24,1,Home
SAKHATSHA ST,212.8,Nov-24,1,Lifeline1
RICHMOND,642.6,Nov-24,3,Lifeline2
BRENTWOOD PARK     DURBANVILLE,1937.3,Nov-24,3,Home
SAGWITYI ST,346.6,Nov-24,1,Lifeline2
GOEDEHOOP 5 SAXONSEA,531.4,Nov-24,1,Lifeline2
ERF 7384     MFULENI,198.4,Nov-24,1,Lifeline2
ALSWEG,309.2,Nov-24,1,Lifeline1
SACRAMENTO 81 EXT13 S/SEA,111.6,Nov-24,1,Lifeline1
HOUT BAY ,1074.9,Nov-24,3,Small Power 2
HOUT BAY   ,233.6,Nov-24,1,Lifeline1
SACRAMENTO 3 EXT13 S/SEA,277.3,Nov-24,1,Lifeline2
2 CNR 3RD ST AND MOSES ST,501.6,Nov-24,1,Home
ERF 9570     MFULENI,229.3,Nov-24,1,Lifeline1
ORCHID 17 PROTEA PARK,120,Nov-24,1,Lifeline1
STARLING 20 ROBINVALE,122.8,Nov-24,1,Lifeline2
15 GREENVILLE TERRACE,1410.1,Nov-24,1,Home
OSCAR MPETHA,286.5,Nov-24,2,Lifeline2
OAKDALE(1),4791,Nov-24,3,Small Power 1
KAPOKBERG CRESCENT 33     DURBANVILLE,737.3,Nov-24,3,Domestic
DE WET STREET     GOODWOOD,1109.4,Nov-24,5,Home
CECIL RD,763.1,Nov-24,2,Lifeline2
TALENI ST,149.4,Nov-24,1,Lifeline1
SQUARE HILL,215.2,Nov-24,1,Lifeline2
5 CARR ST,192.2,Nov-24,1,Domestic
17 TAHOE WAY,166.2,Nov-24,1,Lifeline1
MITCHELS PLAIN,198.5,Nov-24,1,Lifeline2
ERF 16750,207,Nov-24,1,Lifeline2
ERF 16664,202.8,Nov-24,1,Lifeline2
FRESNAYE,1674.5,Nov-24,3,Small Power 2
SELAMANZI ST,173,Nov-24,1,Lifeline2
SPARRESBOS 7,111.6,Nov-24,1,Lifeline1
ERF 2927,151.6,Nov-24,1,Domestic
PALM LANE 25,258.6,Nov-24,1,Lifeline1
ERF 16472,105.6,Nov-24,1,Domestic
KINGSTON COURT 8     BELLVILLE,332.3,Nov-24,1,Domestic
PANTHER PARK (UNIT 21),1854.6,Nov-24,1,Small Power 2
WESTRIDGE - MITCHELLS PLA,4661.8,Nov-24,1,Small Power 1
56 TAHOE WAY,246.8,Nov-24,1,Lifeline2
MIKROPARK,3094.7,Nov-24,5,Home
ERF 7609     MFULENI,101.8,Nov-24,1,Lifeline2
FRANCIS WAY,278.2,Nov-24,1,Lifeline2
CAPRI,1077,Nov-24,3,Lifeline2
54 YORKSHIRE CRES,470.9,Nov-24,1,Domestic
MFULENI     ERF 9377,341.5,Nov-24,2,Lifeline2
PARKLANDS,722,Nov-24,3,Domestic
17 FIRST AVENUE,498.8,Nov-24,3,Home
5TH AVENUE CHURCH HILL     PAROW,351.9,Nov-24,1,Domestic
ERF 7371     MFULENI,215.3,Nov-24,1,Lifeline2
BLACKHEATH INDUSTRIA,246,Nov-24,2,Domestic
ROCKLANDS,6584.1,Nov-24,2,Small Power 1
KUILS RIVER SPORTS GROUND,436.9,Nov-24,1,Small Power 2
29 PEARL CRES VYGIESKRAAL,568.7,Nov-24,1,Domestic
ERF 7923     MFULENI,173.2,Nov-24,1,Lifeline2
HEIDEVELD RD,271.2,Nov-24,1,Lifeline1
29 ROSE STR,202.7,Nov-24,1,Lifeline2
TOWN CENTRE,277.4,Nov-24,1,Home
NOORDHOEK  ,2381.3,Nov-24,4,Home
PHILIPPI FARMS,341.4,Nov-24,2,Home
HOSTELS,105.9,Nov-24,1,Lifeline2
ERF 9441     MFULENI,351.5,Nov-24,1,Lifeline1
CRAVENBY,615.6,Nov-24,2,Lifeline2
DELVILLE 15 SHERWOOD,178.7,Nov-24,1,Lifeline1
OAKDALE     BELLVILLE,765.6,Nov-24,2,Domestic
69 MLONJI STR,249,Nov-24,1,Lifeline2
BIG BAY,3104.2,Nov-24,4,Small Power 2
248 JUNIPER CRES,220.4,Nov-24,1,Domestic
KRAAIFONTEIN INDUSTRY,1730.2,Nov-24,3,Small Power 2
LYSTER CIRCLE47,281.6,Nov-24,1,Domestic
KRAAIFONTEIN INDUSTRIA,1030.9,Nov-24,2,Small Power 2
MILNERTON RIDGE,1008.7,Nov-24,2,Small Power 2
ASHWOOD COTTAGE,245,Nov-24,1,Home
BISHOPSCOURT,3985.5,Nov-24,5,Domestic
MABILLEPARK,402,Nov-24,1,Domestic
FAIRFIELD ESTATE,2512.1,Nov-24,1,Small Power 1
EDENPARK,1080.6,Nov-24,5,Lifeline1
ERF 16473,31.2,Nov-24,1,Domestic
PHASE 5,224.7,Nov-24,3,Lifeline1
HEATHFIELD 53,107.3,Nov-24,1,Lifeline1
MACASSAR BEACH,161.4,Nov-24,1,Home
ST MICHEAL,696.8,Nov-24,1,Home
NEW CROSSROADS,400.7,Nov-24,2,Lifeline2
KOOPMANSLAAN,219.3,Nov-24,1,Lifeline2
ERF 7683     MFULENI,375.4,Nov-24,1,Lifeline2
NOOIENSFONTEIN,303,Nov-24,1,Lifeline1
BIGHORN 13 SHERWOOD,204.8,Nov-24,1,Domestic
81 FIRST AVENUE,151.7,Nov-24,1,Home
GUGULTU,107.3,Nov-24,1,Lifeline1
THAMSANQA RUBUSANA,225.7,Nov-24,1,Lifeline2
WESTLAKE ,576.8,Nov-24,4,Small Power 2
PETRUSA STREET     BELLVILLE,1442.7,Nov-24,4,Home
SHASTA WAY 41,388.1,Nov-24,1,Lifeline2
ERF 9695     MFULENI,177.3,Nov-24,1,Lifeline2
BLOCK 5,537.7,Nov-24,1,Domestic
COSMOS CLS 13 PROTEA PARK,276.6,Nov-24,1,Lifeline2
ERF 9364     MFULENI,157.7,Nov-24,1,Lifeline1
KLOOFSIG,1580,Nov-24,4,Home
RICHMONDSTRAAT     VRIJZEE,146,Nov-24,1,Domestic
MORNINGSTAR,827.2,Nov-24,1,Small Power 2
SUN ROAD 89,316.3,Nov-24,1,Lifeline2
GUGULETU HOSTEL,115.7,Nov-24,1,Lifeline1
8TH AVENUE 62     PAROW,307.2,Nov-24,1,Domestic
57 CHASMANTE VILLAGE,402.6,Nov-24,1,Home
383919,166.1,Nov-24,1,Lifeline1
PESCADOR 56 EXT13 S/SEA,203.9,Nov-24,1,Lifeline1
FAIRVIEW GOLF ESTAT,653.5,Nov-24,4,Lifeline1
54 G NTAMO ST,93.3,Nov-24,1,Lifeline2
BENDE ST,247,Nov-24,1,Lifeline2
MAGNOLIA 53 PROTEA  PARK,195.5,Nov-24,1,Lifeline1
KLINKER STR 20,281.6,Nov-24,1,Domestic
WELGELEGEN           ,1806,Nov-24,2,Home
GOODWOOD SPORTS GROUND,303.5,Nov-24,2,Domestic
MOUNTAIN VIEW,1187.5,Nov-24,3,Home
PANTHER PARK (UNIT 1),521.1,Nov-24,1,Small Power 2
VOORTREKKERWEG     GOODWOOD,383.5,Nov-24,2,Lifeline2
137 SIXTH AVENUE,297.9,Nov-24,1,Home
ELSHADDAI,134.5,Nov-24,1,Home
MAIN RD 73,225.1,Nov-24,1,Lifeline1
TARENTAAL ST,790.6,Nov-24,2,Home
49 TAHOE WAY,136.7,Nov-24,1,Lifeline1
MOUNTAINSIDE BOULEVARD     MOUNTAINSIDE,519.8,Nov-24,2,Domestic
94 PARK RD,87.5,Nov-24,1,Domestic
GROSVENOR 21,675,Nov-24,1,Domestic
COOK STREET     GOODWOOD,724.2,Nov-24,3,Home
MAITLAND GARDEN VILAGE,311.2,Nov-24,3,Lifeline1
GORDON'S BAY CENTRAL,519.5,Nov-24,1,Small Power 2
ERF 9375     MFULNEI,229.4,Nov-24,1,Lifeline1
GLENRIDGE,1962.6,Nov-24,5,Home
DIMBAZA STR,86.2,Nov-24,2,Lifeline2
FALSE BAY COASTAL PARK,237.6,Nov-24,1,Lifeline1
BERGROOS 16 PROTEA PARK,341.5,Nov-24,1,Lifeline2
MFULENI     ERF 9164,126.9,Nov-24,1,Lifeline2
17 TAHOE WAY,257.3,Nov-24,1,Lifeline2
GROSVENOR 241 SAXONSEA,254.3,Nov-24,1,Lifeline1
CAWDOR 13 SAXONSEA,72.3,Nov-24,1,Lifeline2
ERF 9572     MFULENI,358.5,Nov-24,1,Lifeline2
GAIKA ST,63,Nov-24,1,Domestic
BLOEMHOF,2498.5,Nov-24,3,Small Power 2
SOMERSET WEST ,942.4,Nov-24,1,Small Power 1
ERF 7706     MFULENI,154.4,Nov-24,1,Lifeline2
BLOEMHOF,716.6,Nov-24,3,Lifeline2
GLENWOOD     GOODWOOD,1306.3,Nov-24,5,Lifeline2
CHRISMAR,3905.6,Nov-24,1,Small Power 1
MOSSIE 68 ROBINVALE,217.6,Nov-24,1,Domestic
AMANDELRUG,1249.5,Nov-24,5,Lifeline1
BERG STREET,641,Nov-24,2,Lifeline2
PAROW INDUSTRIA,2499.5,Nov-24,2,Small Power 1
WELGEVONDEN,1398.6,Nov-24,2,Small Power 2
COLIN WILLIAMS ST,504.4,Nov-24,1,Domestic
ERF 9547     MFULENI,292.3,Nov-24,1,Lifeline1
EVERSDAL HEIGHTS,5510.7,Nov-24,1,Small Power 1
THORN LANE 67,115.7,Nov-24,1,Lifeline1
PEERLESS PARK WES,555.7,Nov-24,3,Lifeline1
WELTEVREDEN VALLEY,6254.1,Nov-24,2,Small Power 1
13 LIBOMVINI CLOSE,199.8,Nov-24,1,Lifeline1
MORNINSTAR     DURBANVILLE,435.2,Nov-24,1,Domestic
DIEP RIVER ,1275,Nov-24,3,Home
KIEWIET 7 ROBINVALE,324.7,Nov-24,1,Lifeline2
31 ANGELIER ST,280.5,Nov-24,1,Lifeline2
OXFORD STREET 34     DURBANVILLE,2210.1,Nov-24,5,Home
ERF 9438     MFULENI,202.5,Nov-24,1,Lifeline2
INTERSITE,161.9,Nov-24,1,Lifeline1
GORDON'S BAY CENTRAL,344,Nov-24,2,Lifeline1
AMSTELVEEN 9,217.6,Nov-24,1,Domestic
PROTEA HOOGTE,2634,Nov-24,1,Small Power 1
BEEKBERG 31 BEACONHILL,324.9,Nov-24,1,Lifeline2
BEETHOVEN CRESCENT     DURBANVILLE,1015.9,Nov-24,4,Home
JAGTERHOF,492.7,Nov-24,1,Home
83 TAFELBERG RD,257.1,Nov-24,1,Lifeline2
SAXON INDUSTRIAL,1234.8,Nov-24,3,Home
ERF 7593     MFULENI,101.7,Nov-24,1,Lifeline2
NAUTILUS VILLAGE,1278.7,Nov-24,3,Home
LEIPOLDTPARK NR.2     BELLVILLE,364.7,Nov-24,1,Home
CHURCH HILL,810.2,Nov-24,2,Home
HILLVIEW AVE,340.5,Nov-24,1,Domestic
IBIS 9 ROBINVALE,113.6,Nov-24,1,Lifeline1
HIGH CONSTANTIA,1849.1,Nov-24,2,Small Power 1
WETEVREDEN VALLEY,105.3,Nov-24,1,Domestic
BELGRAVIA  ,1728.1,Nov-24,3,Home
PEACOCK CLOSE,746.3,Nov-24,2,Lifeline2
45 BAZIYA SQUARE,118.6,Nov-24,1,Lifeline1
BEACH CRES,1703,Nov-24,4,Lifeline2
ERF 9177     MFULENI,200.4,Nov-24,1,Lifeline2
SILVEROAKS,851.9,Nov-24,4,Lifeline1
WELTEVREDEN VALLEY ,99.6,Nov-24,1,Lifeline2
WELTEVREDN VALLEY,248.7,Nov-24,1,Lifeline2
98 SECOND AVENUE,188.3,Nov-24,2,Domestic
HIGBHURY PARK,142.6,Nov-24,1,Domestic
ERF 9142     MFULENI,131.1,Nov-24,1,Lifeline2
ROOM A,248.9,Nov-24,2,Lifeline2
EXT.19 BELHAR,358.6,Nov-24,1,Domestic
CENTANI ST,126.9,Nov-24,1,Lifeline2
SILVERTAS,471.4,Nov-24,3,Lifeline1
BELGRAVIA ESTATE,1969.8,Nov-24,3,Small Power 2
NORTHWAYSTRAAT     RAVENSMEAD,168.9,Nov-24,1,Lifeline2
ZINNIA 21 PROTEA PARK,191.3,Nov-24,1,Lifeline1
ERF 16760,178.7,Nov-24,1,Lifeline1
EXT.21 BELHAR,510.8,Nov-24,1,Domestic
HERITAGE PARK,1483.8,Nov-24,4,Lifeline2
CYBELLE 11 AVONDALE,159.8,Nov-24,1,Lifeline1
SILVERTREE EST,4658.2,Nov-24,4,Home
SANDDRIFT,1679.1,Nov-24,1,Small Power 1
HOOFWEG,261.5,Nov-24,1,Lifeline2
ROOM 3,179.8,Nov-24,2,Lifeline1
"WATERKLOOF, DE BRON EXT 4",1005.1,Nov-24,2,Home
TURTLE CREEK,342.7,Nov-24,3,Lifeline2
BELLE CONSTANTIA,3429.4,Nov-24,2,Small Power 2
SECOR PARK,153.6,Nov-24,1,Domestic
46 QONCE CRES,398,Nov-24,1,Lifeline1
ERF 7531     MFULENI,160.7,Nov-24,1,Lifeline2
SUMMER GREENS ,553.9,Nov-24,2,Home
PARELVALLEI KLEINHOEWES,7204,Nov-24,4,Home
SUMMER HILL,324.1,Nov-24,1,Home
LONGBEACH VILLAS,678.8,Nov-24,2,Lifeline2
WILDWOOD,745.9,Nov-24,3,Lifeline2
PARELVALLEI KLEINHOWES,1485.4,Nov-24,4,Home
ERF 9588     MFULENI,182.9,Nov-24,1,Lifeline1
LONGLANDS,771.9,Nov-24,2,Home
ERF 9698     MFULENI,173.1,Nov-24,1,Lifeline2
EDINBURGH 75 SAXONSEA,152.2,Nov-24,1,Lifeline2
KENROCK ESTATE,5532.2,Nov-24,4,Home
JAKARANDA,853.6,Nov-24,3,Home
WESTRIDGE - MITCHELS PLAIN,519.5,Nov-24,1,Small Power 2
SONNEKUIL ,153.6,Nov-24,1,Domestic
STRANDFONETIN,230.2,Nov-24,1,Domestic
HEINZ PARK,216.3,Nov-24,2,Small Power 2
GLENCAIRN ,1674.6,Nov-24,8,Home
WINSTON ESTATE,1303.7,Nov-24,2,Small Power 2
NERINA 17 PROTEA PARK,425.9,Nov-24,1,Lifeline2
MINI ST,261.4,Nov-24,1,Lifeline2
7 JENNY SCHREINE WALK,206.8,Nov-24,1,Lifeline2
C/R DUIKER ST,126.8,Nov-24,1,Domestic
WINDEMERE,198.9,Nov-24,1,Lifeline1
SIR LOWRY'S PASS,149.3,Nov-24,1,Lifeline1
GOUDVELD 21 SHERWOOD,132.5,Nov-24,1,Lifeline1
BELMONTPARK,649.3,Nov-24,2,Lifeline2
VALMARY PARK,451.6,Nov-24,1,Small Power 2
PALMER 43 AVONDALE,413.4,Nov-24,1,Lifeline2
SILESIA 28,253,Nov-24,1,Lifeline2
ERF 9446     MFULENI,215.2,Nov-24,1,Lifeline2
ERF 9489     MFULENI,122.6,Nov-24,1,Lifeline2
ERF 9607     MFULENI,388,Nov-24,1,Lifeline2
ERF 9654     MFULENI,178.7,Nov-24,1,Lifeline1
ERF 9662     MFULENI,324.8,Nov-24,1,Lifeline2
ERF 9686     MFULENI,222.8,Nov-24,1,Lifeline1
ERICA 13 PROTEA PARK,487.8,Nov-24,1,Domestic
ERICA 21,446.9,Nov-24,1,Lifeline2
ERF 9253     MFULENI,212.3,Nov-24,1,Lifeline1
EST 20     BELHAR,127.7,Nov-24,1,Domestic
EVE 5,448,Nov-24,1,Domestic
ERF 9192     MFULENI,174.5,Nov-24,1,Lifeline1
ERF 9190     MFULENI,291,Nov-24,1,Lifeline2
ERF 9051     MFULENI,460.8,Nov-24,1,Domestic
ERF 9017     MFULENI,156.3,Nov-24,1,Lifeline2
ERF 9008     MFULENI,199.6,Nov-24,1,Lifeline1
FAIRFIELD 24 SAXONSEA,254.2,Nov-24,1,Lifeline1
ERF 7886     MFULENI,227.9,Nov-24,1,Lifeline2
ERF 7820     MFULENI,476.7,Nov-24,1,Lifeline2
FERNANDE STREET 56,72,Nov-24,1,Lifeline1
FISH HOEK ,2726.2,Nov-24,9,Home
FLAT 2,347.1,Nov-24,1,Home
FORESHORE,354.5,Nov-24,1,Lifeline2
FOURJAY RD,1776.8,Nov-24,6,Domestic
FREESIA 9 PROTEA PARK,129.6,Nov-24,1,Domestic
GARDENIA 47 PROTEA PARK,236.1,Nov-24,1,Lifeline2
ERF 7624     MFULENI,128.2,Nov-24,1,Lifeline1
ERF 7616     MFULENI,295.3,Nov-24,1,Lifeline2
GAZONIA 81 PROTEA PARK,383.8,Nov-24,1,Lifeline2
ERF 7416     MFULENI,286.9,Nov-24,1,Lifeline2
ERF 7404     MFULENI,198.3,Nov-24,1,Lifeline2
ERF 7385     MFULENI,240.8,Nov-24,1,Lifeline1
ERF 7105     MFULENI,152.1,Nov-24,1,Lifeline2
GOEDVERWACHT 26,170.2,Nov-24,1,Lifeline1
GOODWOOD CENTRAL,701.3,Nov-24,1,Home
ERF 51011,119.8,Nov-24,1,Lifeline1
GOODWOOD WEST     GOODWOOD,938,Nov-24,2,Home
ERF 49458,87.8,Nov-24,1,Lifeline1
GORDONS STRAND ESTATE,482,Nov-24,1,Lifeline1
ERF 21224     BELLVILLE,643.3,Nov-24,1,Domestic
ERF 20730     WELGELEGEN,574.3,Nov-24,1,Home
ERF 16832,229,Nov-24,1,Lifeline1
ERF 16803,136.6,Nov-24,1,Lifeline1
ERF 16594,67,Nov-24,1,Domestic
ERF 162456,345,Nov-24,1,Lifeline2
ERF 14546,246.3,Nov-24,1,Lifeline2
ERF 14286,159.4,Nov-24,1,Lifeline1
HARFIELD AND MURRAY RD,245.9,Nov-24,1,Domestic
HEATHFIELD 66 PROTEAPARK,49.4,Nov-24,1,Lifeline1
EDINBURGH 94 SAXONSEA,111.4,Nov-24,1,Lifeline1
HELDERBERG PARK,361.5,Nov-24,3,Lifeline1
EDINBURGH 68 SAXONSEA,510.3,Nov-24,1,Lifeline2
HINTS AVE,214.9,Nov-24,1,Lifeline2
HOOP 93 SAXONSEA,137.5,Nov-24,1,Lifeline2
EDGAR BULLOCK STREET     RAVENSMEAD,119.8,Nov-24,1,Lifeline1
HORNBILL 11 ROBINVALE,151.8,Nov-24,1,Domestic
HUNTERS CREEK,898.3,Nov-24,4,Lifeline1
IDA MNTWANA,101.6,Nov-24,1,Lifeline1
IMIZAMO-YETHU,250.2,Nov-24,1,Lifeline2
JACQUES HILL,598.3,Nov-24,1,Small Power 2
JOE GQABI,202.8,Nov-24,1,Lifeline2
JOUBERT STREET     GOODWOOD  46113,198.7,Nov-24,1,Home
DR ABDURAHMAN AVE,614.4,Nov-24,2,Domestic
KALKSTEENFONTEIN ,115.6,Nov-24,1,Lifeline1
KENEVER,970,Nov-24,2,Home
KENRIDGE HEIGHTS     DURBANVILLE,3034.6,Nov-24,3,Home
DIRKIE UYSSTRAAT,446.3,Nov-24,2,Home
KHAYALETHU PARK,215.6,Nov-24,1,Domestic
KNYSNA RD 16,153.4,Nov-24,1,Lifeline1
KOEDOE STREET     PAROW,199.9,Nov-24,1,Domestic
KOOPMANSLAAN,195.4,Nov-24,1,Lifeline1
K.T.C.,122.6,Nov-24,1,Lifeline2
KUILSRIVIER SOUTH SMALLHOLDING,140.8,Nov-24,1,Lifeline1
KUSWEG 33,115.3,Nov-24,2,Small Power 2
DEERLODGE 81 SHERWOOD,332.8,Nov-24,1,Domestic
DAVID ST,153.4,Nov-24,1,Lifeline1
LA ROCHELLE     BELLVILLE,2656.4,Nov-24,6,Home
DAHLIA RD,180.7,Nov-24,1,Lifeline1
LINARIA 6 PROTEA PARK,211.8,Nov-24,1,Lifeline2
LINARIA 8 PROTEA PARK,243,Nov-24,1,Lifeline1
LINKS DRIVE,194.1,Nov-24,1,Lifeline2
LOOK SWART MGUDLE,318,Nov-24,1,Lifeline2
LOTUS RIVER ,132.4,Nov-24,1,Lifeline1
LOURENSFORDWEG,1820.3,Nov-24,3,Home
LOURENSSTRAAT,163.9,Nov-24,1,Domestic
L.T.A HOSTELS,124,Nov-24,1,Lifeline1
C/O WALE AND PENTZ ST,154.8,Nov-24,1,Home
LYSTER 38 ROBINVALE,341.5,Nov-24,1,Lifeline2
MADEBELA ST,210.4,Nov-24,1,Domestic
COSMOS 3 PROTEA PARK,220.7,Nov-24,1,Lifeline1
CORAL 57 AVONDALE,53.1,Nov-24,1,Lifeline2
COLLEEN WILLIAM ST,340.7,Nov-24,1,Domestic
MANSFIELD INDUSTRIA,983.7,Nov-24,2,Home
C/O JOOL AND DURAM SREET     BELLVILLE SOUTH,256.1,Nov-24,1,Domestic
C/O BAYVIEW AND KARBONEL RD,157.9,Nov-24,1,Small Power 2
CNR ZAZULANA AND DYAMALA ST,135.3,Nov-24,1,Lifeline2
MFULENI     ERF 9107,196.2,Nov-24,1,Lifeline2
MFULENI     ERF 9184,202.7,Nov-24,1,Lifeline2
MFULENI     ERF 9218,248.1,Nov-24,1,Lifeline1
MFULENI     TR 9153,296.8,Nov-24,1,Lifeline1
CHIE GUEVARA ST,148,Nov-24,1,Lifeline2
CHANDA 3 SHERWOOD,178.6,Nov-24,1,Lifeline1
MKELEKETHA RD,235.7,Nov-24,1,Domestic
CASTALLIS 50 PROTEA PARK,295.2,Nov-24,1,Lifeline2
MORGENSTER HEIGHTS,1358.1,Nov-24,4,Lifeline1
MORGENSTER HEIGHTS,1154.8,Nov-24,4,Lifeline2
MORGENSTER HOOGTE,1333.6,Nov-24,5,Lifeline1
CAPE FARMS - DISTRICT H,1909.6,Nov-24,3,Domestic
CANARY 6 ROBINVALE,103,Nov-24,1,Lifeline1
MORTIMER 22,266,Nov-24,1,Lifeline2
MOSSELBANK RIVER AVENUE     DURBANVILLE,1841,Nov-24,4,Home
MOWBRAY  ,1830.4,Nov-24,5,Home
MOWBRAY SOUTH,569.2,Nov-24,2,Lifeline2
CAFDA,249.9,Nov-24,1,Lifeline1
MURDOCK VALLEY,1883,Nov-24,3,Domestic
NAPOLEON 34 SAXONSEA,384,Nov-24,1,Domestic
NAUTILUS,469.4,Nov-24,1,Home
NEW HOUSE,92.5,Nov-24,1,Domestic
NEW MACASSAR,396.9,Nov-24,1,Domestic
BROAD ROAD,419.8,Nov-24,1,Home
BROADLANDS VILLAGES,99,Nov-24,1,Domestic
BROADLANDS VILLAGE,385.7,Nov-24,2,Lifeline2
NIESHOUTSTRAAT 16     GRANNY FLAT,175.1,Nov-24,1,Home
NKALATHA STR,158.2,Nov-24,1,Lifeline2
NONDYOLA ST,313.2,Nov-24,1,Lifeline1
NOORDHOEK ,4159.8,Nov-24,4,Home
NORMANDY ESTATE,897.7,Nov-24,3,Lifeline2
NORTHWAY STREET     RAVENSMEAD,501.6,Nov-24,2,Lifeline2
NOVA CONSTANTIA,1154.4,Nov-24,2,Domestic
NYANDA CRES,266,Nov-24,1,Lifeline2
OAKDALE(1),657.9,Nov-24,4,Lifeline1
BONAVENTURA 46,301.6,Nov-24,1,Lifeline2
O'KENNEDYVILLE,839.6,Nov-24,2,Home
ONVERWACHT - THE STRAND,350.8,Nov-24,3,Lifeline1
OOSTENBERG,861.1,Nov-24,1,Home
BLOUBERG,1936.6,Nov-24,7,Home
OXFORD STREET     GOODWOOD,195.5,Nov-24,2,Home
PARK 200,574.6,Nov-24,1,Small Power 2
PARK TOWN,673.2,Nov-24,1,Domestic
PARKWOOD AVE,126.1,Nov-24,1,Lifeline1
 PAROW ,246.5,Nov-24,1,Domestic
PAROW NORTH,15118.7,Nov-24,3,Small Power 1
PEARLES PARK OOS,671.9,Nov-24,1,Home
BERGZIHCT     GOODWOOD,344.7,Nov-24,1,Lifeline2
BERGZICHT,1132.4,Nov-24,3,Lifeline2
BENTOS 36 AVONDALE,257.5,Nov-24,1,Lifeline2
PENELOPE 54 AVONDALE,107.2,Nov-24,1,Lifeline1
BELVEDERE TYGERBERG,3432.8,Nov-24,7,Home
PETUNIA 5 PROTEA PARK,229,Nov-24,1,Lifeline1
BELVEDERE ESTATE     DURBANVILLE,4460.5,Nov-24,6,Home
PHASE 5-2 F,300.7,Nov-24,1,Lifeline1
PHILIPI,187.1,Nov-24,1,Lifeline1
BELVEDERE ESTATE,1965.8,Nov-24,6,Home
PHILIPPI PARK,140.8,Nov-24,1,Lifeline1
BELLVILLE SOUTH    ,280.5,Nov-24,2,Lifeline1
PLUMSTEAD  ,198.4,Nov-24,1,Domestic
BELGRAVIA- BELLVILLE,140.8,Nov-24,1,Lifeline1
BEGONIA 6 PROTEA PARK,228.2,Nov-24,1,Lifeline1
BC7 KABONGO ST,375.3,Nov-24,1,Lifeline2
PROTEA STR 18 PROTEA PARK,46,Nov-24,1,Lifeline2
RAVENSMEAD     2DE METER,166,Nov-24,1,Lifeline1
RED HILL RD,308.2,Nov-24,2,Lifeline1
RESNELOV AND NIELSON HOSTEL,111.4,Nov-24,1,Lifeline1
ROBERT 6 SAXONSEA,271.4,Nov-24,1,Domestic
A.W.C. HOSTEL,236.3,Nov-24,1,Lifeline2
ROOM B,105.8,Nov-24,1,Lifeline2
ATLANTIC BEACH,1519.8,Nov-24,3,Home
ATHLONE NORTH,359,Nov-24,2,Home
ROZETTA 74 AVONDALE,181.4,Nov-24,1,Lifeline2
ARION 81 SHERWOOD,447,Nov-24,1,Lifeline2
SALT RIVER,42.9,Nov-24,1,Error
ANTELOPE AVENUE,550.4,Nov-24,1,Domestic
SCARBOROUGH,623.1,Nov-24,3,Lifeline1
ALTENASTRAAT,2163.6,Nov-24,2,Home
ALEXANDRA ROAD 96     PARROW,188.4,Nov-24,1,Home
SECTION 1,92.7,Nov-24,1,Domestic
SHOP 3 / SUNRISE TRADING,134.7,Nov-24,1,Home
SILVEROAKS,667.6,Nov-24,2,Small Power 2
ADENIUM 3 PROTEA PARK,455.7,Nov-24,1,Domestic
ADDISON 20 AVONDALE,241.6,Nov-24,1,Lifeline1
SIMON.S TOWN,1432.5,Nov-24,1,Small Power 1
9 NDIBELA ST,107.2,Nov-24,1,Lifeline1
9 JOHN KONILE RD,240.6,Nov-24,1,Lifeline2
8STE LAAN     RAVENSMEAD,152.4,Nov-24,1,Lifeline2
8 PELICAN ST,294.4,Nov-24,1,Domestic
SPRINGBOK PARK,1429,Nov-24,4,Lifeline2
STARLING 42 ROBINVALE,191.2,Nov-24,1,Lifeline1
8 MCAMBALALENI RD,96.2,Nov-24,1,Lifeline1
STELLENRIDGE,1243.3,Nov-24,4,Lifeline2
STERRESCHAN 13 EXT13 SSEA,175.2,Nov-24,1,Lifeline2
STEVE TSWETE ST,90.6,Nov-24,1,Lifeline2
ST IRENE WAY,241.6,Nov-24,1,Lifeline1
7 GOBOZANA RD,75.2,Nov-24,1,Lifeline1
76 MAKHOSI CRESC,106.1,Nov-24,1,Lifeline2
STRAND  ,321.2,Nov-24,1,Home
7469     MFULENI,174.4,Nov-24,1,Lifeline1
STRELITZIA 10 PROTEAPARK,153.5,Nov-24,1,Lifeline1
67 DLEPHU RD,338.2,Nov-24,1,Lifeline2
SUN ROAD 21,329,Nov-24,1,Lifeline2
SUTHERLAND ST,469.9,Nov-24,2,Domestic
5 MAKHOSI CRES,65.8,Nov-24,1,Lifeline1
59 OLD TRAFFORD WAY,537.7,Nov-24,1,Domestic
THIRD AVE,861.2,Nov-24,1,Home
THORN LANE 19,157.6,Nov-24,1,Lifeline1
TORTELDUIF 63 ROBINVALE,215.2,Nov-24,1,Domestic
TOWN CENTRE,122.7,Nov-24,1,Small Power 2
TOWNSEND STREET     GOODWOOD,537.6,Nov-24,3,Domestic
45 DLEPHU RD,249,Nov-24,1,Lifeline2
TYHALI RD,187.1,Nov-24,1,Domestic
UMRHABULO TRIANGLE,122.6,Nov-24,1,Lifeline2
UNIT 3,770.4,Nov-24,2,Small Power 2
VALLEYFIELD 11 EXT13 SSEA,271,Nov-24,1,Lifeline1
VALLEYFIELD 18 EXT13 SSEA,68,Nov-24,1,Lifeline2
3 SOPHIA TEMA,212.2,Nov-24,1,Lifeline1
VASCO BOULEVARD     VASCO,168.4,Nov-24,1,Lifeline2
VICTORIA PARK,403.7,Nov-24,3,Lifeline1
VIERLANDEN,1258.6,Nov-24,6,Lifeline1
VOELVLE,431.4,Nov-24,1,Domestic
34 NY 9,312.4,Nov-24,1,Domestic
VRIJZEE     GOODWOOD,830.9,Nov-24,2,Domestic
WATUSSI DRIVE,160.6,Nov-24,1,Home
27 MNANDI CLOSE,149.2,Nov-24,1,Lifeline1
27A NDLWANA ST,630.9,Nov-24,1,Domestic
22 PUTNEY AVE,735,Nov-24,1,Home
WESTLAKE VILLAGE,1490.1,Nov-24,1,Home
WINDSOR 47 EXT13 S/SEA,153.5,Nov-24,1,Lifeline1
14744,170.2,Nov-24,1,Lifeline1
WINSTON ESTATE,1747.5,Nov-24,4,Home
129 RYGERSDAL AVE,396.8,Nov-24,1,Domestic
126 THIRD AVENUE,2303.8,Nov-24,6,Home
11 GARNET CRES,80.6,Nov-24,1,Lifeline2
ZEELAND 60 EXT13 SAXONSEA,355.6,Nov-24,1,Lifeline1
ZONE 18,54.4,Nov-24,1,Lifeline2
ERF 9305     MFULENI,166,Nov-24,1,Lifeline1
"SUNNYDALE,",236,Nov-24,1,Lifeline2
MUIZENBERG ,1277.4,Nov-24,3,Home
SUNBIRD CRESCENT     DURBANVALE,655.6,Nov-24,2,Home
MUIZENBERG NORTH,1306.9,Nov-24,3,Lifeline2
MURRAYSTRAAT     GOODWOOD,335.5,Nov-24,1,Home
ERF 7892     MFULENI,405.1,Nov-24,1,Lifeline2
ERF 7888     MFULENI,220.8,Nov-24,1,Lifeline1
MZONKE JACK,114.1,Nov-24,1,Lifeline2
N1 CITY,1292.6,Nov-24,4,Small Power 2
ERF 9554     MFULENI,168.7,Nov-24,1,Lifeline2
BISCHOPSCOURT,414.8,Nov-24,2,Domestic
ERF 7881     MFULENI,143.5,Nov-24,1,Lifeline2
NELSON STREET     GOODWOOD,307.8,Nov-24,1,Lifeline2
STRAND GOLF ESTATE,1018.9,Nov-24,4,Domestic
STRAND ,306.4,Nov-24,1,Small Power 2
76 SYCAMORE CRES,249.9,Nov-24,1,Lifeline1
NKUKHWINI RD,83.6,Nov-24,1,Domestic
79 HOPKINS STREET     PAROW,239.4,Nov-24,1,Home
BRACKENFELL INDUSTRIEEL,2730.2,Nov-24,3,Small Power 2
NOVA CONSTANTIA,2310.2,Nov-24,1,Small Power 1
BOYA STR,64.5,Nov-24,1,Domestic
BOWENIA 15 SHERWOOD,173,Nov-24,1,Lifeline2
PARK AVE,3976,Nov-24,1,Small Power 1
NYANGA HOSTELS,217.4,Nov-24,2,Lifeline1
ERF 9577     MFULENI,207.5,Nov-24,1,Domestic
STERRESCHAN 4 EXT13 S/SEA,98.7,Nov-24,1,Lifeline1
SOUTH PARK,738.2,Nov-24,2,Home
OBSEVATORY,2161.6,Nov-24,4,Home
O'KENNEDYVILLE,887.1,Nov-24,2,Small Power 2
OLYF CLOSE     DURBANVILLE,1068.9,Nov-24,3,Home
BODE RD,121.7,Nov-24,1,Small Power 2
89 MLONJI STR,237.6,Nov-24,1,Lifeline1
PALM AVE,151.2,Nov-24,1,Lifeline1
BLOUBERGSTRAND,4033.8,Nov-24,2,Small Power 1
AZALEA CRESCENT 39,900.2,Nov-24,1,Domestic
ST CHARLES CNR DALIA,115.5,Nov-24,1,Lifeline1
FAURE MARINE DRIVE,125.2,Nov-24,1,Home
OSCAR MPETHA,270.6,Nov-24,2,Lifeline1
FERNANDE 44 SAXONSEA,337.5,Nov-24,1,Lifeline2
BLOCK G4,111.3,Nov-24,1,Lifeline1
BLOCK G1,115.5,Nov-24,1,Lifeline1
13 MARIGOLD ST,177.1,Nov-24,1,Lifeline2
WOODLANDS,2310.2,Nov-24,1,Small Power 1
FIRGROVE,2474.7,Nov-24,5,Home
RUTH FIRST,141.2,Nov-24,1,Domestic
FLAT ABOVE,268.8,Nov-24,1,Domestic
WINKEL 12,421.6,Nov-24,1,Small Power 2
FREESIA 21 PROTEA PARK,204.9,Nov-24,1,Domestic
ERF 7641     MFULENI,144.9,Nov-24,1,Lifeline1
FROGMORE ESTATE,214.2,Nov-24,1,Lifeline1
SACK'S CIRCLE INDUSTRIAL,1884.3,Nov-24,3,Small Power 2
GALLERY CRES,228.2,Nov-24,1,Domestic
SAKKIES DORP CRES,239.5,Nov-24,1,Small Power 1
ERF 7417     MFULENI,170.1,Nov-24,1,Lifeline1
RICHMOND ESTATE ,292,Nov-24,1,Home
BACELONA,128.1,Nov-24,1,Lifeline1
ERF 7395     MFULENI,149.8,Nov-24,1,Lifeline2
GLENLILY ,214.9,Nov-24,1,Lifeline2
GLEN MARINE,1485.5,Nov-24,2,Home
SALAMANDER ST,123.9,Nov-24,1,Lifeline1
ERF 7089     MFULENI,174.4,Nov-24,1,Lifeline1
ERF3979     DURBANVILLE,175,Nov-24,1,Home
GOTHENBURG 53 AVONDALE,13,Nov-24,1,Domestic
ROTTERDAM 29 AVONDALE,314.9,Nov-24,1,Domestic
BALSEMINE 2 PROTEA PARK,102.9,Nov-24,1,Lifeline1
GRAAF STREET     PLATTE KLOOF,393.5,Nov-24,1,Home
GRAHAMDALE,552.4,Nov-24,1,Home
  GRASSY PARK ,388,Nov-24,1,Lifeline2
GRASSY PARK ,1202.7,Nov-24,2,Small Power 2
GRASSYPARK,334.4,Nov-24,1,Lifeline1
ERF 210137     BELLVILLE,441.4,Nov-24,1,Home
17 WOODBURY CRESC,486.4,Nov-24,1,Domestic
ARAUNA,874.4,Nov-24,1,Small Power 1
REDE HILL RD,206.7,Nov-24,1,Lifeline2
ANNANDALE ,2440.7,Nov-24,4,Home
18 BRICKFIELD RD,734.1,Nov-24,3,Small Power 2
WESTLAKE GOLF ESTATE,2024,Nov-24,5,Home
GREEN POINT ,1849.7,Nov-24,1,Small Power 2
1 PAWC HOSTEL,130.9,Nov-24,1,Lifeline2
GULDENSTRAAT     GULDEN PARK,297.3,Nov-24,1,Lifeline2
ERF 10357,216.6,Nov-24,1,Lifeline2
HALCROFT RD,253.9,Nov-24,1,Home
SHERWOOD,1941.3,Nov-24,1,Small Power 2
RALP STREET     RAVENMEAD,524.8,Nov-24,1,Domestic
SHERWOOD 25 SHERWOOD,153.7,Nov-24,1,Domestic
WELTEVRDEN VALLEY,278.3,Nov-24,1,Lifeline2
ROSENPARK,2310.3,Nov-24,1,Small Power 1
ELSIES RIVER,562.4,Nov-24,3,Home
HAZENDAL ,669.9,Nov-24,3,Home
HAZYVIEW,579.8,Nov-24,1,Home
ANNANDALE,474.1,Nov-24,1,Lifeline2
SANLAMHOF,495.8,Nov-24,2,Lifeline2
EINDHOVEN,114.2,Nov-24,1,Home
EDWARD,1709,Nov-24,4,Home
HIGHGATE 32 BEACONHILL,563.2,Nov-24,1,Domestic
SANLAMHOF,1979.1,Nov-24,2,Small Power 2
HOBBY 3 ROBINVALE,144.9,Nov-24,1,Lifeline1
HOMERIA 15 PROTEA PARK,206.8,Nov-24,1,Lifeline2
ASTER CRESCENT 31,243.2,Nov-24,1,Domestic
BAY VIEW,243.2,Nov-24,1,Domestic
ALICIA PLACE 19,125.5,Nov-24,1,Domestic
SIGNAL HILL / LIONS HEAD,512,Nov-24,1,Domestic
HOOGSTEDE,2098.9,Nov-24,1,Small Power 1
SAN REMO,447,Nov-24,1,Lifeline2
HORNBILL 3 ROBINVALE,109.9,Nov-24,1,Lifeline2
HOSTELS,246.8,Nov-24,2,Lifeline1
SIKWENENE ST,76.3,Nov-24,1,Lifeline2
 EAGLE PARK ,583.9,Nov-24,1,Lifeline2
HYDRANGEA 57 PROTEA PARK,350,Nov-24,1,Lifeline2
VREDENBERG - SOMERST WES,3874.5,Nov-24,8,Home
PROTEAHOOGTE,128.1,Nov-24,1,Small Power 2
2ND AVE (BLOCK 5),422,Nov-24,1,Domestic
BEAVERHEAD 62 SHERWOOD,257.4,Nov-24,1,Lifeline2
IKWELERA STREET 67     MFULENI,168.7,Nov-24,1,Lifeline2
DURBELL,3932.7,Nov-24,1,Small Power 2
ITSOMO STREET 69     MFULENI,236.1,Nov-24,1,Lifeline2
ATLANTIS,866.5,Nov-24,2,Small Power 2
PRIROSE PARK,333,Nov-24,1,Domestic
JONKERSHOEK 35,233.1,Nov-24,1,Lifeline1
DUBULA CRES,174.4,Nov-24,1,Lifeline1
DORMER EVE,1008.5,Nov-24,1,Home
VOORTREKKER RD,396.8,Nov-24,1,Domestic
KASOUGA RD,1714.3,Nov-24,1,Small Power 1
ERF 9439     MFULENI,303.6,Nov-24,1,Lifeline2
DOBSON,1083.8,Nov-24,2,Lifeline2
DOBSON,728.5,Nov-24,3,Lifeline1
DIYA RD,189.8,Nov-24,1,Lifeline2
SAN RHEMO,437.8,Nov-24,1,Domestic
KENROCK COUNTRY ESTATE,1961,Nov-24,4,Home
VILLAFE 4A,232,Nov-24,1,Lifeline2
SILVERTAS,412.3,Nov-24,2,Domestic
POIET STR 61,320,Nov-24,1,Domestic
VICTORIA,448,Nov-24,1,Domestic
ROOSMARYN 5 PROTEA PARK,219.3,Nov-24,1,Lifeline2
ZEVENWACHT COUNTRY ESTATE,2228.5,Nov-24,1,Small Power 2
PLATTEKLOOF GLEN,3011.8,Nov-24,1,Small Power 1
BELHAR     I/D 5303305167010,74.6,Nov-24,1,Domestic
VICTORAPARK,327.3,Nov-24,1,Domestic
SILVERTOWN,3082.4,Nov-24,2,Small Power 1
VERGESIG,1556.2,Nov-24,2,Small Power 2
DES HAMPDEN,623.1,Nov-24,3,Lifeline1
PLATTEKLOOF 2,1393.7,Nov-24,1,Small Power 2
SILVWERTOWN,258.8,Nov-24,1,Domestic
KNOLE PARK,262.6,Nov-24,1,Lifeline1
DERBY CLOSE,171.7,Nov-24,1,Domestic
PLATTEKLOOF,2169.3,Nov-24,1,Small Power 1
VAN RIEBEECKWEG 3,384,Nov-24,1,Domestic
AURORA,376.4,Nov-24,2,Domestic
VAN RIEBEECKSHOF     LABIANCE,968.2,Nov-24,1,Home
DENNEGEUR ESTATE,3272.5,Nov-24,5,Home
DENNEGEUE,1048.6,Nov-24,2,Home
VANGUARD,563.6,Nov-24,3,Small Power 2
SEAWIND,98.7,Nov-24,1,Lifeline1
3 GOODHOPE ST,583,Nov-24,1,Home
DE LA HAYE ESTATE     BELLVILLE,1317.3,Nov-24,4,Home
ZOOPARK,1773.5,Nov-24,5,Home
403270,237.3,Nov-24,1,Lifeline1
UNIT 1,229,Nov-24,1,Small Power 2
BELLVILLE SOUTH  ,874,Nov-24,2,Home
UITSIG,729.4,Nov-24,4,Lifeline1
LISBOA 2 SAXONSEA,588.8,Nov-24,1,Domestic
CURLEW 41 ROBINVALE,177.2,Nov-24,1,Lifeline2
LOGAN WAY,1321.1,Nov-24,4,Domestic
SEA CREST,238.4,Nov-24,2,Lifeline1
PHILLIPI RURAL,147.8,Nov-24,1,Lifeline2
11 BERKERLEY RD,468.1,Nov-24,1,Small Power 1
CURLEW 37 ROBINVALE,392.2,Nov-24,1,Lifeline2
LOOD SMART MGUDLE,106,Nov-24,1,Lifeline2
 LWANDLE ,161.8,Nov-24,1,Lifeline1
MABILLEPARK,254.3,Nov-24,1,Lifeline1
ZEELAND 36 EXT13 SAXONSEA,214.9,Nov-24,1,Lifeline2
ERF 9205     MFULENI,223.5,Nov-24,1,Lifeline2
MAIN RD,1397.9,Nov-24,4,Home
CONSTANTIA  ,4128.6,Nov-24,6,Home
MANDALAY,539.6,Nov-24,2,Lifeline2
SKILPADVLEI     DURBANVILLE,277.4,Nov-24,1,Home
SKILPADVLEI ROAD     DURBANVILLE,64.4,Nov-24,1,Home
CLAREMONT ,1058.4,Nov-24,3,Home
THORNE LANE 35,86.8,Nov-24,1,Lifeline2
ACACIA 118 PROTEA PARK,208.5,Nov-24,1,Lifeline2
MCAMBALALENI RD,299.5,Nov-24,1,Lifeline2
MCEWULA ST,147.8,Nov-24,1,Lifeline2
PHILIPP,202.4,Nov-24,1,Lifeline2
THE RANGE ,84.7,Nov-24,1,Lifeline2
THE RANGE,730.8,Nov-24,2,Small Power 2
52795,512,Nov-24,1,Domestic
PHASE 3 AND 4,236,Nov-24,1,Lifeline2
CHURCH CIRCLE,309.1,Nov-24,1,Lifeline1
MFULENI     ERF 9007,202.5,Nov-24,1,Lifeline2
MFULENI     ERF 9100,244.6,Nov-24,1,Lifeline2
ERF 9410     MFULENI,263.1,Nov-24,1,Lifeline1
PETER CHARLES ST,892.8,Nov-24,1,Small Power 2
THE COTTAGES LAKE VIEW,543.6,Nov-24,1,Domestic
MIDDLE AVE,437.4,Nov-24,2,Home
ALGERIA 18 SHERWOOD,312.1,Nov-24,1,Lifeline2
55 SPRIGGS ST,235.4,Nov-24,1,Domestic
 PELLA ,357.4,Nov-24,1,Domestic
ERF 9058     MFULENI,278.2,Nov-24,1,Lifeline2
MILNERTON RIDGE,1156.5,Nov-24,5,Lifeline1
MITCHELL'S PLAIN,65.8,Nov-24,1,Lifeline2
TAMBO SQUARE,212.1,Nov-24,1,Home
CENTAUR 7,512,Nov-24,1,Domestic
CENTANE ST,168.7,Nov-24,1,Lifeline2
YOUNGSTRAAT 10,489.4,Nov-24,2,Small Power 2
MJODO STR,188,Nov-24,2,Lifeline1
YOUNGSFIELD,876.1,Nov-24,1,Domestic
CEGCUWANE STR,392.4,Nov-24,1,Lifeline2
EXT 22     BLHAR,179.4,Nov-24,1,Domestic
MONTCLAIR DRIVE,90,Nov-24,1,Domestic
MONTE VIDEO,506.9,Nov-24,1,Domestic
MONTE VISTA,1143.9,Nov-24,5,Lifeline1
114 WYNNE STREET,431.1,Nov-24,1,Lifeline2
MONTREAL 68 BEACONHILL,256,Nov-24,1,Domestic
ERF 9030     MFULENI,198.4,Nov-24,1,Lifeline2
MONWOOD,359.8,Nov-24,1,Lifeline1
PEERLESS PARK EAST,762.3,Nov-24,4,Small Power 2
MORGAN INDUSTRIA,2886.7,Nov-24,2,Small Power 1
SONKRING,1041.5,Nov-24,2,Lifeline2
ZONNEBLOEM,147.7,Nov-24,1,Lifeline2
SURREY ESTATE,157.5,Nov-24,1,Error
MORGENSTER HOOGTE,724.4,Nov-24,3,Small Power 2
CAPE FARMS - DISTRICT H,199.9,Nov-24,2,Lifeline1
CAPE FARMS,2597.2,Nov-24,2,Small Power 2
SURBANVALE     DURBANVILLE,777,Nov-24,1,Home
CAMPS BAY / BAKOVEN,1448.9,Nov-24,2,Lifeline1
BIGHORN 11 SHERWOOD,263.8,Nov-24,1,Domestic
SUN ROAD 15 AVONDALE,512,Nov-24,1,Domestic
ERF 9359     MFULENI,164.4,Nov-24,1,Domestic
BELTHORN EST,713.7,Nov-24,2,Home
ROSENDAL,656.4,Nov-24,4,Lifeline1
RONDEVLEI,325.2,Nov-24,2,Lifeline1
BABBLERS 24 ROBINVALE,149,Nov-24,1,Lifeline1
BABBLERS 25 ROBINVALE,168.6,Nov-24,1,Lifeline2
RICK TURNER CRES,109.4,Nov-24,1,Lifeline2
RICHMOND,450.2,Nov-24,3,Lifeline1
SHELLEY COURT 2,84.6,Nov-24,1,Lifeline2
REDHILL RD,495.6,Nov-24,3,Home
ALBATROSS 30 ROBINVALE,231.9,Nov-24,1,Lifeline2
SHERWOOD PARK,466.4,Nov-24,1,Home
PROTES HEIGHTS,431.4,Nov-24,1,Home
SHIRLEY PARK,570.8,Nov-24,3,Lifeline1
PROTEAVILLE EST     DURBANVILLE,3278,Nov-24,4,Home
ZINNIA 13 PROTEA PARK,243.2,Nov-24,1,Domestic
PROTEAVALLEI     BELLVILLE,2367.2,Nov-24,3,Home
BEACH CRES,537.6,Nov-24,3,Domestic
SILVERCITY,59.4,Nov-24,1,Domestic
BELGRAVIA -BELLVILLE,1738.6,Nov-24,2,Small Power 1
SILVER TOWN,724.3,Nov-24,1,Home
AG VISSERSTRAAT     GOODWOOD,133.2,Nov-24,1,Domestic
ERF 9630     MFULENI,227.7,Nov-24,1,Lifeline2
BELLONA 13 SAXONSEA,337.4,Nov-24,1,Lifeline2
BELLVILLE SOUTH INDUSTRIAL,66.5,Nov-24,1,Small Power 2
PHILLIPI EAST,88.8,Nov-24,1,Lifeline2
BELRAIL     BELLVILLE,168.6,Nov-24,1,Lifeline2
BELTHORNE EST,1275.1,Nov-24,2,Home
PETERSEN ST,97.2,Nov-24,1,Lifeline2
9 ROSE CRES,177,Nov-24,1,Domestic
ERF 9615     MFULENI,156.1,Nov-24,1,Lifeline2
BERG STREET,261.8,Nov-24,2,Lifeline1
PELIKAN HEIGHTS,1035.6,Nov-24,3,Domestic
ERF 9605     MFULENI,149,Nov-24,1,Lifeline1
BERZELIA 33 PROTEA PARK,257.3,Nov-24,1,Lifeline2
PAROWVALLEI     PAROW,1121.7,Nov-24,2,Domestic
94 SYCAMOR CRES,180.6,Nov-24,1,Lifeline1
PAROW NOORD,1739.3,Nov-24,3,Home
PAROW CENTRAL,494.2,Nov-24,2,Domestic
PAARL STREET     GOODWOOD,1075.2,Nov-24,3,Domestic
ZINNIA 5 PROTEA PARK,114,Nov-24,1,Lifeline2
ZINNIA 9 PROTEA PARK,237.4,Nov-24,1,Lifeline1
BLOCK WZ07,231,Nov-24,3,Lifeline1
BLOMTUIN,590.4,Nov-24,4,Lifeline1
ORION RD,262.8,Nov-24,1,Home
BLOUBERG HILLS,483.6,Nov-24,1,Home
OOSTERSEE     PAROW,486.4,Nov-24,2,Domestic
8 JOHNDOWN RD,278.2,Nov-24,1,Lifeline2
ONVERWACHT - THE STRAND,3341.9,Nov-24,1,Small Power 1
STELLENBERG,1155.1,Nov-24,3,Lifeline2
OFFICE 2,204.9,Nov-24,1,Domestic
OFF 9TH AVE,320.4,Nov-24,1,Lifeline2
OCEAN VEIW,98.6,Nov-24,1,Lifeline1
ZOETENDAL 8 EXT13 S/SEA,258.6,Nov-24,1,Lifeline1
BOTTLEBRUSH 33 PROTEAPARK,320.4,Nov-24,1,Lifeline2
BOTTOM RD,549.5,Nov-24,1,Lifeline1
Nyanga,206.6,Nov-24,1,Lifeline2
NTSHATSHONGA STR,262.8,Nov-24,1,Lifeline1
NTSELAMANZI ST,140,Nov-24,1,Lifeline2
NORMANDIE,1008.8,Nov-24,2,Home
NOQWATHA ST,329,Nov-24,1,Lifeline2
76 MERRIGOLD CRES,79.7,Nov-24,1,Lifeline1
7460     MFULENI,181.3,Nov-24,1,Lifeline2
STRANDFONTIEN,499.2,Nov-24,1,Domestic
NEWFIELDS ESTATE,202.7,Nov-24,1,Home
NEW CROSS,87.2,Nov-24,1,Lifeline1
BUFFELSNEK 6 SHERWOOD,199.4,Nov-24,1,Lifeline1
NAVIC PARK,894.4,Nov-24,2,Home
SUITE 301,186.9,Nov-24,1,Domestic
71 THORN,236.1,Nov-24,1,Lifeline2
BUILDING L16,319.5,Nov-24,3,Lifeline1
MYNA 14 ROBINVALE,214.9,Nov-24,1,Lifeline2
BULLER LOUW DRIVE,297.1,Nov-24,1,Domestic
6 DE WAAL DRIVE,306.1,Nov-24,1,Home
BUZZARD RD,398.5,Nov-24,1,Lifeline2
ERF 9551     MFULENI,144.8,Nov-24,1,Lifeline1
CAMELIA ST,74.9,Nov-24,2,Domestic
CAMELOT,664.4,Nov-24,1,Domestic
SURDOWN WALK,111.2,Nov-24,1,Lifeline1
MORINGSTAR,193.8,Nov-24,1,Lifeline2
62 LEEUBEKKIE ST,202.5,Nov-24,1,Lifeline2
61 MERRIGOLD CRES,76.2,Nov-24,1,Lifeline2
5TH AVENUE     PAROW,234.3,Nov-24,2,Lifeline1
MORGANS VILLAGE ,166.6,Nov-24,1,Lifeline1
CAPE TOWN CITY CENTRE,387.6,Nov-24,2,Lifeline2
MORGAN INDUSTRIA,4435.1,Nov-24,2,Home
5TH AVE,313.2,Nov-24,1,Lifeline1
5TH AVE,555.6,Nov-24,2,Domestic
MORAVIA 27,268.8,Nov-24,1,Domestic
MONTVIDEO,903,Nov-24,2,Home
MONTEVISTA,539.2,Nov-24,1,Home
MONTAGUE GARDENS INDUSTRIAL,1763.4,Nov-24,3,Domestic
MONTAGUE 5 SAXONSEA,345.6,Nov-24,1,Domestic
MITCHELLS PLAIN NORTH,379,Nov-24,1,Domestic
CENTAUR 5 AVONDALE,291.8,Nov-24,1,Home
58 FREDERICK CLOSE,527.4,Nov-24,1,Domestic
58 12TH AVE,140.6,Nov-24,1,Lifeline1
MIRANDA NGCULU,341.6,Nov-24,1,Lifeline2
CHARSVILLE,390.5,Nov-24,1,Home
CHERRYSLOT,357,Nov-24,1,Home
MILLDENSTRAAT     RAVENSMEAD,240.3,Nov-24,1,Lifeline2
MILLDENE STREET 120     RAVENSMEAD,160.5,Nov-24,2,Lifeline1
MFULENI     ERF 9378,264.8,Nov-24,1,Lifeline1
MFULENI     ERF 9244,102.8,Nov-24,1,Lifeline1
THE CREST,538.7,Nov-24,3,Lifeline1
53 KOBODI ST,206.5,Nov-24,1,Lifeline2
CHRISMAR ,745.4,Nov-24,1,Home
52 LBOMNVINI CLOSE,218.4,Nov-24,1,Lifeline1
527,271,Nov-24,1,Lifeline1
  MELKBOSCH STRAND  ,2429,Nov-24,4,Home
THE VINES     HERITAGE PARK,713.7,Nov-24,3,Home
COCA COLA HOSTEL,425.7,Nov-24,2,Lifeline2
COLORADO PARK  ,524.8,Nov-24,1,Domestic
THYS-WITBOOI RD,438.7,Nov-24,1,Lifeline2
CORONATION MEWS,50.2,Nov-24,1,Home
COSMOS 15 PROTEA PARK,94.4,Nov-24,1,Lifeline1
COSMOS CLS 6 PROTEA PARK,270.1,Nov-24,1,Lifeline2
COTSWOLD 20 BEACONHILL,362.6,Nov-24,1,Lifeline2
LYNWOOD ROAD     DURBANVILLE,1208.6,Nov-24,4,Home
49 BELGRAVIA RD,258.5,Nov-24,1,Lifeline1
LOUWSKLOOFSTRAAT 17,99.6,Nov-24,1,Lifeline2
C/R BROADWAY AND GEORGESTR,182.7,Nov-24,1,Lifeline1
LOTUS RIVER ,248,Nov-24,1,Home
 LOTUS RIVER ,294.5,Nov-24,1,Home
TRADEWINDS CIRCLE,2060.1,Nov-24,1,Home
TREVOR CNR LAWSON RDS,262.8,Nov-24,1,Home
TSATSHU RD,109.8,Nov-24,1,Lifeline2
LOBELIA 20 PROTEA PARK,267.1,Nov-24,1,Lifeline1
TYATYORHA ST - PHASE 5,229.9,Nov-24,1,Lifeline2
LILLIAN NGOYI ST,206.9,Nov-24,1,Lifeline2
LEROTHOLI HOSTEL,144.8,Nov-24,1,Lifeline1
LEOPARDS ROCK     PLATTEKLOOF GLEN,987.2,Nov-24,1,Home
LEONSDALE,2000.5,Nov-24,1,Domestic
ERF 9502     MFULENI,135.1,Nov-24,1,Lifeline2
LEANDER 19 AVONDALE,192,Nov-24,1,Domestic
DANARAND,352.7,Nov-24,3,Lifeline1
DANARAND,251.1,Nov-24,1,Lifeline2
DARLING 23 BEACONHILL,338,Nov-24,1,Domestic
DARLING 3 BEACONHILL,675.1,Nov-24,1,Domestic
ERF 9498     MFULENI,257.1,Nov-24,1,Lifeline2
41 TAHOE WAY,42.9,Nov-24,1,Lifeline2
LANGEBERG HOOGTE,119.1,Nov-24,1,Small Power 2
LANGA HOSTELS,115.4,Nov-24,1,Lifeline1
41 SILESIA WAY,114,Nov-24,1,Lifeline2
LANDSDOWNE,339.7,Nov-24,2,Lifeline1
LAKE VIEW RD,391.3,Nov-24,1,Domestic
LAKEVIEW,360.8,Nov-24,2,Lifeline1
LABIANCE ESTATE     BELLVILLE,2049.8,Nov-24,4,Home
KUILSRIVIER INDUSTRIA,772,Nov-24,2,Home
KREEFHOF,193.8,Nov-24,1,Lifeline2
KRAAL RD,917.8,Nov-24,1,Home
KRAAIFONTEIN INDUSTIA,1509.8,Nov-24,3,Small Power 2
3 AMARYLUS CLOSE,69.3,Nov-24,1,Domestic
DE OUDE SPRUIT,419.6,Nov-24,2,Lifeline1
KORT STR 13,128,Nov-24,1,Lifeline1
DE POSTHUYS,44.4,Nov-24,1,Home
KOLOBE RD,278.3,Nov-24,1,Lifeline2
37 LEUBEKKIE CRES,210.9,Nov-24,1,Lifeline2
VICTORIA,597.1,Nov-24,2,Home
DE VILLIER'S,1339.8,Nov-24,3,Home
KIRSTENHOF,1066,Nov-24,3,Lifeline1
ERF 9443     MFULENI,143.6,Nov-24,1,Lifeline2
36 TAHOE WAY,163.7,Nov-24,1,Lifeline1
VIKING VILLAGE,661.8,Nov-24,2,Lifeline2
36 DIMBAZA RD,101.4,Nov-24,1,Lifeline2
VILLAGE 3,505.8,Nov-24,2,Lifeline2
KENILWORTH ,1183.6,Nov-24,2,Home
VINEYARD MEWS,681.8,Nov-24,2,Home
VOORBRUG,580.8,Nov-24,3,Lifeline1
KALKBAAI,6623.3,Nov-24,2,Small Power 1
JONKERSHOEK RD,76.2,Nov-24,1,Lifeline2
32 DIMBAZA RD,155.4,Nov-24,1,Lifeline1
32 ASTER CRES,119.6,Nov-24,1,Lifeline1
JOHNDOWN WALK,170.1,Nov-24,1,Lifeline1
VREDEKLOOF ,862.2,Nov-24,2,Home
D.URBANVALE,422.4,Nov-24,1,Domestic
DURBANVILLE,836.6,Nov-24,2,Error
30 MAKHOSI CRES,64,Nov-24,1,Lifeline1
INTLABATHI ROAD     PAROW,430.2,Nov-24,1,Lifeline2
2 SUSSEX RD,438.6,Nov-24,1,Home
HYDRANGEA 6 PROTEA PARK,72,Nov-24,1,Lifeline1
E280 EUROPE,261.5,Nov-24,1,Lifeline2
HOOSAIN PARKER RD,192.1,Nov-24,2,Lifeline1
109 KOMMETJIE ROAD,1252.3,Nov-24,5,Home
EDGEMEAD  ,1190,Nov-24,2,Home
HOOP 22 SAXONSEA,440.1,Nov-24,1,Domestic
WASHINGTON STREET,169.6,Nov-24,1,Lifeline1
EDINBURGH 30 SAXONSEA,182.6,Nov-24,1,Lifeline1
EDINBURGH 3 SAXONSEA,428.3,Nov-24,1,Domestic
HIGH CAPE,1024,Nov-24,3,Domestic
EDINBURGH 45 SAXONSEA,203.6,Nov-24,1,Lifeline1
27 LEEUBEKKIE CRES,186.9,Nov-24,1,Domestic
WELEVREDEN VALLEY,90.9,Nov-24,1,Lifeline2
HEIDEVELDWEG,275.6,Nov-24,1,Lifeline1
HEBRON STREET     DURBANVILLE,2460.4,Nov-24,7,Home
HAZELWOOD PARK,999.2,Nov-24,2,Home
22 ZAMA CLOSE,51.9,Nov-24,1,Lifeline2
WELTEVREDE VALLEY,537.6,Nov-24,1,Domestic
ERF 112,278.4,Nov-24,1,Lifeline2
ERF 161593,724.3,Nov-24,1,Home
222 VOORTREKKER ROAD,197.3,Nov-24,1,Small Power 2
222 VOORTREKKER RD,525.7,Nov-24,1,Small Power 2
GRUNDLE 12 AVONDALE,138.4,Nov-24,1,Domestic
ERF 16284,283.7,Nov-24,1,Lifeline1
20 PETUNIA ST,110.3,Nov-24,1,Domestic
20 MATHAMBISA RD,299.7,Nov-24,1,Lifeline2
GROSVENOR 237 SAXONSEA,94.4,Nov-24,1,Lifeline1
ERF 1636,324.8,Nov-24,1,Lifeline2
GREENHILL VILLAGE,435.2,Nov-24,1,Domestic
ERF 3448,249.9,Nov-24,1,Lifeline1
17 CHEPSTOW RD,225.3,Nov-24,1,Domestic
GOODWOOD ,363.8,Nov-24,2,Domestic
ERF 7081     MFULENI,181.3,Nov-24,1,Lifeline2
ERF 7400     MFULENI,101.4,Nov-24,1,Lifeline2
ERF 7595     MFULENI,118.2,Nov-24,1,Lifeline2
ERF 7608     MFULENI,195.2,Nov-24,1,Lifeline1
ERF 7704     MFULENI,185.5,Nov-24,1,Lifeline2
149936,139.3,Nov-24,1,Lifeline1
WINSLOW,635.8,Nov-24,3,Lifeline1
FISKAAL 37 ROBINVALE,298.7,Nov-24,1,Lifeline1
ERF 9423     MFULENI,136.4,Nov-24,1,Lifeline1
FIRGROVE,3520.3,Nov-24,2,Small Power 1
WOODLAND,408.3,Nov-24,2,Domestic
FARMFIELD RD,611.9,Nov-24,1,Domestic
FAIRVIEW GOLF ESTAT,585.9,Nov-24,2,Lifeline2
FAIRTREES RETIREMENT VILL     DURBANVILLE,1514.3,Nov-24,4,Home
ERF 7916     MFULENI,238.1,Nov-24,1,Domestic
ERF 9009     MFULENI,186.9,Nov-24,1,Lifeline1
ERF 9010     MFULENI,128,Nov-24,1,Lifeline1
EXTENTION 12,23.4,Nov-24,1,Domestic
ERF 9013     MFULENI,142.6,Nov-24,1,Lifeline2
ERF 9026     MFULENI,94.4,Nov-24,1,Lifeline1
EXT 21     BELHAR,890.1,Nov-24,2,Home
EXT 18     BELHAR,301.6,Nov-24,2,Lifeline1
EXT 18     BELHAR,1179.6,Nov-24,2,Home
EVERSDAL HEIGHTS,393,Nov-24,2,Small Power 2
EVERSDAL EXT.4,514.2,Nov-24,2,Lifeline2
ERF 9191     MFULENI,202.4,Nov-24,1,Lifeline2
EVERSDAL,675,Nov-24,1,Domestic
ERF 9211     MFULENI,88.8,Nov-24,1,Lifeline2
ERF 9322     MFULENI,248.1,Nov-24,1,Lifeline1
ERF 9700     MFULENI,160.5,Nov-24,1,Lifeline2
ERF 9653     MFULENI,128,Nov-24,1,Lifeline1
AND CUBUNGU STR,182.6,Nov-24,1,Lifeline1
SAREL CILLIERS STREET 119     PAROW,110.2,Nov-24,1,Lifeline1
SCHOONGELEGEN,2346.9,Nov-24,6,Home
SAMORA MACHEL,1140.8,Nov-24,2,Domestic
AMANDELRUG,1016.2,Nov-24,2,Lifeline2
RYWOOD WALK,29.4,Nov-24,1,Domestic
ARDLEIGH PARK,228.8,Nov-24,1,Lifeline1
RYAN STREET     PAROW,695.3,Nov-24,3,Lifeline2
RYAN STREET     PAROW,291.8,Nov-24,2,Lifeline1
ASANDA 30897,316.4,Nov-24,1,Lifeline2
AMANDAGLEN     DURBANVILLE,3663.9,Nov-24,6,Home
ASCOT PARK,332.8,Nov-24,1,Domestic
ZEVENZICHT,921.6,Nov-24,2,Domestic
FIRGROVE RURAL,2320,Nov-24,1,Small Power 2
PETREL 38 ROBINVALE,357.2,Nov-24,1,Domestic
NORMANDIE ESTATE,1222.1,Nov-24,4,Lifeline2
ERF 9365     MFULENI,144.7,Nov-24,1,Lifeline1
RACEC HOSTEL,132.1,Nov-24,1,Lifeline1
GOEDE HOOP,628.2,Nov-24,2,Small Power 2
VAN RIEBEECKSHOF,839.7,Nov-24,2,Domestic
HATTON ESTATE,652.5,Nov-24,3,Home
NONKQUBELA ST,189.6,Nov-24,1,Lifeline2
 PAROW,405,Nov-24,1,Home
NOMZANO,178.4,Nov-24,1,Lifeline1
ERF 7112     MFULENI,333.2,Nov-24,1,Lifeline2
PHUMLANI,1307.4,Nov-24,2,Home
9388     MFULENI,127.9,Nov-24,1,Lifeline1
ZWELITSHA,328.9,Nov-24,1,Lifeline2
ERF 162334,299.3,Nov-24,1,Lifeline2
76 MAKHOSI CRESC,224.8,Nov-24,1,Lifeline1
ERF 9057     MFULENI,127.9,Nov-24,1,Lifeline1
RICHMOND,1006.2,Nov-24,1,Small Power 1
FERNANDE 74 SAXONSEA,271,Nov-24,1,Lifeline1
WHISPERING PINES,372.6,Nov-24,1,Small Power 2
WHITE MUSSEL LANE 5,793.7,Nov-24,1,Home
BERGPLAATS 17 SHERWOOD,97.4,Nov-24,1,Domestic
21 TAHOE WAY,231.9,Nov-24,1,Lifeline2
BERZELIA 61 PROTEA PARK,320.4,Nov-24,1,Lifeline2
KOORNHOF ST,849.7,Nov-24,1,Domestic
7512     MFULENI,274,Nov-24,1,Lifeline2
KOMMETJIE RD,1453.4,Nov-24,1,Domestic
ERF 7391     MFULENI,227.6,Nov-24,1,Lifeline2
ERF 7636     MFULENI,292.2,Nov-24,1,Lifeline1
158 DRURY RD,296.4,Nov-24,1,Lifeline1
BACH CLOSE     DURBANVILLE,1019.4,Nov-24,5,Home
SETTLERS PLACE,371.1,Nov-24,1,Lifeline2
BROUNGER RD,286.7,Nov-24,1,Lifeline2
BROWNS FARM,152.7,Nov-24,1,Error
COLLINE WILLIAMS ST,392.2,Nov-24,1,Lifeline2
WILLESTON RD,277.2,Nov-24,2,Home
LAVENDER LANE     DURBANVILLE,568.2,Nov-24,3,Home
BROWNS FARM VILLAGE 3,202.6,Nov-24,1,Lifeline2
NEW CROSS RD,132.1,Nov-24,1,Lifeline1
STRANDVALE,939.8,Nov-24,3,Lifeline2
DE OUDE SPRUIT,2065.8,Nov-24,3,Small Power 2
ERF 9651     MFULENI,607.4,Nov-24,1,Lifeline2
GROUND FLOOR,7934.4,Nov-24,2,Domestic
DESHAMDAN,194.2,Nov-24,1,Home
WILLOW RD,229,Nov-24,1,Lifeline1
RIDGEWORTH,4559.6,Nov-24,3,Small Power 1
ROTTERDAM 19,404.8,Nov-24,1,Lifeline2
BUH-REIN ESTATE,711.9,Nov-24,1,Small Power 2
PAROW GOLF COURSE,329,Nov-24,1,Lifeline2
STUART'S HILL,415.2,Nov-24,1,Small Power 2
MFULENI 732,151.4,Nov-24,1,Lifeline2
141 THIRD AVENUE,1200.1,Nov-24,3,Home
PHASE 5 EXT 6     MFULENI,316.2,Nov-24,1,Lifeline2
BIGNONIA 5 PROTEA PARK,241.5,Nov-24,1,Lifeline1
FRANCKESTRAAT     SILVEROAKS,742.4,Nov-24,2,Domestic
MZAZI RD,263.7,Nov-24,2,Lifeline1
SAN MICHEL,295.2,Nov-24,2,Lifeline1
 SCOTTSVILLE ,607.7,Nov-24,1,Domestic
MURRAY STREET 197     GOODWOOD,366.1,Nov-24,1,Domestic
PAROW SOUTH,321.7,Nov-24,1,Lifeline1
ALPHEN HILL,233.6,Nov-24,1,Home
BELLAIR,4341.5,Nov-24,1,Small Power 1
12 RAVENSCRAIG RD,379,Nov-24,2,Home
FERNANDE 64 SAXONSEA,210,Nov-24,1,Lifeline1
CYBELLE 12,320.4,Nov-24,1,Lifeline2
EIKENBOSCH,1461.5,Nov-24,1,Small Power 2
BASIL FEBRUARY,203.6,Nov-24,1,Lifeline1
BURCHELL RD,306.1,Nov-24,1,Home
23 LUNTU RD,243.2,Nov-24,1,Domestic
KLIPDAM ,162.7,Nov-24,2,Small Power 2
BERBAGO,1095,Nov-24,3,Home
HERMES 37 SAXONSEA,384,Nov-24,1,Domestic
WESTLAKE BUSINESS PARK,655.6,Nov-24,2,Home
LAVENDER HILL,103.5,Nov-24,1,Error
 PHILIPPI ,19,Nov-24,1,Domestic
1A PAVO ST,692.7,Nov-24,1,Home
BLOEMHOF,1012.8,Nov-24,1,Small Power 1
ERF 7790     MFULENI,153.1,Nov-24,1,Lifeline1
AMANDELSIG,1070.2,Nov-24,4,Lifeline2
VERGESIG,1024.2,Nov-24,3,Lifeline2
GREY TOWN,177.5,Nov-24,1,Home
EXT 19     BELLVILLE,254.2,Nov-24,1,Lifeline1
BELLAIR,580.9,Nov-24,3,Lifeline1
SONNENDAL,1573.3,Nov-24,1,Small Power 1
PLUTO RD,102.4,Nov-24,1,Domestic
WYNBERG SOUTH,161.5,Nov-24,1,Lifeline1
HERITAGE PARK,1218.5,Nov-24,2,Small Power 2
 KLIPDAM ,216.3,Nov-24,2,Small Power 2
CAMBRIDGE EST,495.2,Nov-24,1,Home
KLIP CENTRE,108.1,Nov-24,1,Home
KLEIN PANORAMA     PAROW,1903.3,Nov-24,3,Home
RAVENSMEAD ,627.2,Nov-24,2,Domestic
KLEINBRON PARK,950.9,Nov-24,2,Home
THORNTON  ,176.9,Nov-24,1,Small Power 2
ERF 16749,168.7,Nov-24,1,Lifeline2
ERF 9580     MFULENI,282.5,Nov-24,1,Lifeline2
ORCHARD VILLAGE,797.9,Nov-24,1,Home
DEVILS PEAK,792.3,Nov-24,3,Lifeline2
"RAVENSMEAD, OVERDALE",655.4,Nov-24,1,Domestic
65039,394.4,Nov-24,1,Domestic
KLEINBOSCH,978.4,Nov-24,4,Lifeline1
ST CLAIRE C/R 3RD AVE,435.2,Nov-24,1,Domestic
LAKE VIEW,573.5,Nov-24,1,Domestic
BELTHORNE ESTATE,746.8,Nov-24,3,Home
ZIZENI CRES,312,Nov-24,1,Lifeline2
ERF 9492     MFULENI,210.9,Nov-24,1,Lifeline2
TABLE MOUNTAIN,169.9,Nov-24,1,Lifeline1
HARBOUR ISLAND,268.8,Nov-24,1,Domestic
ERF 9424     MFULENI,237.3,Nov-24,1,Lifeline1
ALPHEN,243.2,Nov-24,1,Domestic
60 CHRIS HANI ST,189.9,Nov-24,1,Lifeline2
ROZETTA 12 AVONDALE,320.4,Nov-24,1,Lifeline2
MAITLAND GARDEN VILAGE,814.6,Nov-24,1,Home
BLOUBERGSTRAND,666.2,Nov-24,2,Small Power 2
RUWARI,494.9,Nov-24,2,Lifeline2
MONTREAL 128 SHERWOOD,20.2,Nov-24,1,Domestic
WESTLAKE VILLAGE,419.7,Nov-24,2,Lifeline1
EXT  18     BELHAR,759.4,Nov-24,1,Domestic
HIGHBURY,932.6,Nov-24,1,Small Power 1
METEREN 24 AVONDALE,136.3,Nov-24,1,Lifeline1
ERF 9427     MFULENI,114,Nov-24,1,Lifeline2
STEENBERG ,838.2,Nov-24,2,Home
ERF 16863,168.6,Nov-24,1,Lifeline2
BERG STREET,776.5,Nov-24,3,Small Power 2
VILLAGE 1A,163,Nov-24,2,Lifeline2
KHOLEA ST,181.3,Nov-24,1,Lifeline2
FALSE BAY COASTAL PARK,267.8,Nov-24,1,Lifeline2
141 SILIMELA ST,245.8,Nov-24,1,Lifeline1
ROCKS RD,136.3,Nov-24,1,Lifeline1
HANTAMPARK,1151.9,Nov-24,3,Home
PHILIPPI EAST,47.2,Nov-24,1,Home
ERF 7882     MFULENI,127.9,Nov-24,1,Lifeline1
LO-ARTI VILLAGE,757.1,Nov-24,2,Home
LABIANCEE     BELLVILLE,671.7,Nov-24,1,Home
 WELGELEGEN,885.1,Nov-24,2,Home
GREENFIELD CIRCLE,345.6,Nov-24,1,Domestic
MFULENI     ERF 9181,109.7,Nov-24,1,Lifeline2
RUSTHOFF,50.1,Nov-24,1,Home
ERF 7885     MFULENI,278.2,Nov-24,1,Lifeline2
CHEPSTONE RD,190.8,Nov-24,1,Domestic
PRICKIA MGENE ST,253.1,Nov-24,1,Lifeline2
UNIT 1,218.3,Nov-24,3,Lifeline1
GRASSYPARK,442.9,Nov-24,2,Home
DOOR DE KRAAL     BELLVILLE,873.8,Nov-24,2,Home
PHASE 2B,188.9,Nov-24,1,Lifeline1
KAYMOR,2126.8,Nov-24,1,Domestic
MABILLE PARK,461.9,Nov-24,2,Lifeline1
ELIM,1486.8,Nov-24,1,Small Power 1
PANORAMA,6596.8,Nov-24,2,Small Power 1
PRINCE RUPERT 9 SAXONSEA,257.3,Nov-24,1,Domestic
BOLAND ROAD     DURBANVILLE,728.3,Nov-24,2,Home
SILVERGLADES,2023.6,Nov-24,6,Home
49 FOURTH AVENUE,108.1,Nov-24,1,Home
SILVERGLADE,1087.5,Nov-24,3,Lifeline2
ERF 7599     MFULENI,243.3,Nov-24,1,Domestic
10 MARTIN RD,294.8,Nov-24,1,Domestic
DOROTHY ZIHLANGU,181.3,Nov-24,1,Lifeline2
LYSTER 11 ROBINVALE,332.8,Nov-24,1,Domestic
ERF 7600     MFULENI,160.2,Nov-24,1,Lifeline2
KALK BAY,767.2,Nov-24,2,Lifeline2
AMANDELSIG,809.6,Nov-24,4,Lifeline1
C/O WEIMAR AND 2ND AVENUE     PAROW,581.9,Nov-24,1,Home
LLANDUDNO,863.4,Nov-24,1,Small Power 2
KALAMUNDA,1817.1,Nov-24,6,Home
KABONKEL RD,179.4,Nov-24,2,Lifeline1
KAAPZICHT,4312.3,Nov-24,1,Small Power 1
5 JOHNSTON RD,106.6,Nov-24,1,Home
THORN LANE,55.1,Nov-24,1,Lifeline2
STELLENDAL,384,Nov-24,1,Domestic
33 DE WAAL RD,234.3,Nov-24,1,Domestic
ERF 7710     MFULENI,165.8,Nov-24,1,Lifeline1
DUNROBIN,598.8,Nov-24,1,Home
ERF 9660     MFULENI,421.8,Nov-24,1,Lifeline2
BONAVENTURA 68,234,Nov-24,1,Lifeline2
BANTRY BAY,1406.2,Nov-24,3,Small Power 2
ERF 9204     MFULENI,160.3,Nov-24,1,Lifeline2
ZWELITSHA DR,195.3,Nov-24,1,Lifeline1
ERF 7792     MFULENI,170,Nov-24,1,Lifeline1
CBD,297.1,Nov-24,1,Domestic
5 MAGWAZA CLOSE,62,Nov-24,1,Domestic
OBSEVATORY,382,Nov-24,2,Small Power 2
ERF 9212     MFULENI,51.2,Nov-24,1,Domestic
VREDEKLOOF EAST,686.8,Nov-24,3,Lifeline2
SOUTH PENINSULA,44,Nov-24,1,Domestic
HAASENDAL,1424.5,Nov-24,3,Lifeline1
TAXI SITE,229.8,Nov-24,2,Lifeline1
MOLENVLIET RD,311.2,Nov-24,1,Domestic
(LTA) HOSTEL,139.1,Nov-24,1,Lifeline2
JACONA 70 ROBINVALE,320.4,Nov-24,1,Lifeline2
VALMARY PARK EAST     DURBANVILLE,3532.8,Nov-24,1,Home
JACARANDAS,934.4,Nov-24,3,Domestic
UNIT 5,104.8,Nov-24,1,Lifeline1
BECOTT ROAD,163.3,Nov-24,1,Lifeline1
FERNWOOD ESTATE,1938.7,Nov-24,1,Small Power 1
ERF 9215     MFULENI,145.5,Nov-24,1,Lifeline2
3 OLIVER RD,363.6,Nov-24,1,Domestic
ERF 4253,236.3,Nov-24,1,Home
BAVIAANSKLOOF,303.2,Nov-24,1,Home
SHIRLEY PARK     BELLVILLE,2300.2,Nov-24,6,Home
STERLITZIA 14 PROTEA PARK,189.9,Nov-24,1,Lifeline2
TWIN PALMS,704.2,Nov-24,4,Lifeline1
LOUCHAMANTE,135.2,Nov-24,1,Home
GORDONS BAY EXT 12,1464.6,Nov-24,1,Small Power 2
SILLERY,609.2,Nov-24,1,Small Power 2
DELLVILLE 4 SHERWOOD,115.3,Nov-24,1,Lifeline1
VREDENBERG - BELLVILE,685,Nov-24,1,Small Power 2
60 MAKHOSI CRESC,106.9,Nov-24,1,Lifeline1
RARABE ST,280.5,Nov-24,2,Lifeline1
BOTTLEBRUSH 19 PROTEAPARK,119.5,Nov-24,1,Lifeline1
PROTEA PARK ,240.3,Nov-24,1,Lifeline2
ERF 52063,204.8,Nov-24,1,Domestic
GARLANDDALE,34,Nov-24,1,Home
ERF 6171     BELLVILLE,460.6,Nov-24,1,Home
IBIS 5 ROBINVALE,391.7,Nov-24,1,Domestic
AMANDA GLEN,110.6,Nov-24,1,Small Power 2
PROTEA PARK - GORDON'S BA,383.7,Nov-24,1,Lifeline2
HYDE PARK,352.1,Nov-24,2,Lifeline1
3 DAHLIA ST,87.3,Nov-24,1,Domestic
DYAMALA ST,191,Nov-24,1,Lifeline1
ZWELIBANZI MYANDA,379,Nov-24,1,Domestic
PENELOPE 40 AVONDALE,122.3,Nov-24,1,Lifeline2
ERF 7798     MFULENI,253,Nov-24,1,Lifeline2
RUMBLY COTTAGE,644.4,Nov-24,1,Home
BELMONTPARK,240.2,Nov-24,2,Lifeline1
EASTRIDGE ,138.4,Nov-24,1,Lifeline1
PARKDENE STREET     RAVENSMEAD,55.1,Nov-24,1,Lifeline2
EASTRIDGE ,265.6,Nov-24,1,Lifeline2
PARK RD,501.9,Nov-24,1,Lifeline2
LANGENHOVEN STREET,1428.8,Nov-24,1,Home
HOSTEL 2 PHASE 2,76.1,Nov-24,1,Lifeline2
VUKUZENZELE,390.2,Nov-24,2,Lifeline1
SIGNAL HILL / LIONSHEAD,31.6,Nov-24,1,Small Power 2
LEKOTA AVE MANDELA PK,307.2,Nov-24,1,Domestic
LEGATO RETIREMENT CENTRE     DURBANVILLE,2356,Nov-24,7,Home
81 MONTCLAIR DRIVE,242.7,Nov-24,1,Domestic
LONGLANDS,1466.2,Nov-24,1,Small Power 2
HOOP 92 SAXONSEA,90.1,Nov-24,1,Lifeline1
ERF 7055     MFULENI,313.3,Nov-24,1,Lifeline1
ST IRENE RD,172.7,Nov-24,1,Lifeline2
ERF 9667     MFULENI,265.8,Nov-24,1,Lifeline2
HOOP 142 SAXONSEA,84.5,Nov-24,1,Lifeline2
AMANDA GLEN,1196.7,Nov-24,4,Lifeline2
WALMER EST,670,Nov-24,3,Home
PEARL MAN 79 AVONDALE,165.8,Nov-24,1,Lifeline1
ERF 9665     MFULENI,133.3,Nov-24,1,Domestic
WATERBURY ST,266.5,Nov-24,1,Domestic
EDGEMEAD     GOODWOOD,767.4,Nov-24,4,Lifeline1
HOOGSTEDE,568.4,Nov-24,2,Domestic
BELMONTHOF     BELLVILLE,184.4,Nov-24,1,Domestic
YELLOWWOOD RD,204.8,Nov-24,1,Domestic
LANGEBERG VILLAGE,2694.6,Nov-24,1,Small Power 1
13KD KARBONKEL RD,191.8,Nov-24,1,Lifeline2
HLAZO VILLAGE,244.7,Nov-24,1,Domestic
TABLE VIEW,2870.7,Nov-24,1,Small Power 1
CNR STURKE AND LINECOLN WAY     BELLVILLE,617.8,Nov-24,1,Home
VANGUARD ESTATE,307.9,Nov-24,2,Small Power 2
PHLOX 23 PROTEA PARK,178.3,Nov-24,1,Lifeline1
MARINDA HEIGHTS,1114.4,Nov-24,1,Small Power 2
NOTTINGHAM 88 SHERWOOD,145.6,Nov-24,1,Lifeline2
8 TULIP ST,223.5,Nov-24,1,Lifeline2
13 MARTIN ST,243.2,Nov-24,1,Domestic
CAPTAIN ST,153.1,Nov-24,1,Lifeline1
NOTTINGHAM 46 SHERWOOD,212.1,Nov-24,1,Lifeline1
WAVECREST,460.8,Nov-24,1,Domestic
ST MICHAELS,1373.9,Nov-24,4,Lifeline2
TYHALI RD,123.7,Nov-24,1,Lifeline1
176747,377.7,Nov-24,1,Domestic
NORTHPINE,728.3,Nov-24,2,Home
476,169.9,Nov-24,1,Lifeline1
LOERIE 12 ROBINVALE,307.4,Nov-24,1,Domestic
46 PUTNEY AVE,537.6,Nov-24,1,Domestic
MFULENI     ERF 9220,278.2,Nov-24,1,Lifeline2
HERCULES 15,72.7,Nov-24,1,Domestic
HELDERZICHT,402.8,Nov-24,2,Lifeline1
HELDERVUE,580.8,Nov-24,3,Lifeline1
11 ABELIA ST,127.8,Nov-24,1,Lifeline1
SHIRLEY PARK,568.5,Nov-24,1,Lifeline2
AND DOWNBERG RD,104.3,Nov-24,1,Small Power 2
HEATHFIELD 60 PROTEAPARK,181.3,Nov-24,1,Lifeline2
462815,322.6,Nov-24,1,Domestic
ELIM,982,Nov-24,3,Lifeline2
BHONGEWENI ST,151.6,Nov-24,1,Lifeline2
ALACRITY 13 SAXONSEA,144.6,Nov-24,1,Lifeline1
MFULENI     ERF 9170,223.4,Nov-24,1,Lifeline2
SONEIKE I,519.4,Nov-24,2,Small Power 2
THAMBO SQUARE,105.4,Nov-24,1,Lifeline2
MFULENI     ERF 9158,71.8,Nov-24,1,Lifeline2
LIESBEECK RD,362.6,Nov-24,1,Lifeline2
23 DYUSHU RD,94.2,Nov-24,1,Lifeline1
PENELOPE 50 AVONDALE,257.1,Nov-24,1,Lifeline2
ENON STR 38,143.6,Nov-24,1,Lifeline2
LIBERTY ST,314.9,Nov-24,1,Domestic
ALBATROS 15 ROBINVALE,117.3,Nov-24,1,Lifeline1
ERF 7895     MFULENI,345.8,Nov-24,1,Lifeline2
LERATHOLI ST,90,Nov-24,1,Lifeline1
112 MONTREAL DRIVE,491.6,Nov-24,1,Domestic
22 GROVE RD,278.2,Nov-24,1,Lifeline2
DALIAH 34 PROTEA PARK,278.2,Nov-24,1,Lifeline2
ERF 10140,166.4,Nov-24,1,Domestic
FAGANSTRAAT,450.6,Nov-24,2,Domestic
ASTER 2 PROTEA PARK,300.6,Nov-24,1,Lifeline1
ROOSMARYN 6 PROTEA PARK,224.6,Nov-24,1,Lifeline1
WYNBERG ,336.9,Nov-24,2,Lifeline2
ROSENDAL,767.3,Nov-24,2,Lifeline2
ALLENBY DRIVE,672.6,Nov-24,2,Home
SEAFERER DRIVE,568.1,Nov-24,1,Home
1ST AVE,451.4,Nov-24,1,Home
ERF 163767,181.2,Nov-24,1,Lifeline2
GROENKLOOF AVE 23,115.2,Nov-24,1,Domestic
MEYERHOF,402,Nov-24,2,Domestic
WESTLAKE GOLF ESTATE,383.7,Nov-24,1,Lifeline2
ERF 9433     MFULENI,165.7,Nov-24,1,Lifeline1
18 MERRIGOLD CRES,195.1,Nov-24,1,Lifeline1
REGENCY ROAD 6     PLATTEKLOOF,1775,Nov-24,1,Home
ZOO PARK,647.4,Nov-24,2,Lifeline1
RETREAT,108.3,Nov-24,1,Error
GREAT DUTCH RD,136.3,Nov-24,1,Lifeline1
LANSEDOWNE,934.5,Nov-24,1,Home
LANSDOWNE ROAD,1050.2,Nov-24,1,Home
SHELLY 27 AVONDALE,174,Nov-24,1,Lifeline1
UNIT 2,94.2,Nov-24,1,Lifeline1
DARTERS 27 ROBINVALE,278.2,Nov-24,1,Lifeline2
DARTERS 28 ROBINVALE,163.5,Nov-24,1,Lifeline1
REVEL FOX CLOSE,184.2,Nov-24,1,Lifeline1
 ,307.2,Nov-24,1,Domestic
SOL PLAATJIES ST,163.9,Nov-24,1,Domestic
ERF 4504,158.7,Nov-24,1,Domestic
DARTERS 2 ROBINVALE,66.6,Nov-24,1,Lifeline1
ERF 7011     MFULENI,224.8,Nov-24,1,Lifeline1
GONUBIE SITE,67.6,Nov-24,1,Lifeline2
WESTRIDGE- SOMERSET WEST,1001.5,Nov-24,2,Home
GOEDEMOED     DURBANVILLE,307.2,Nov-24,2,Domestic
17 1ST AVE,292,Nov-24,1,Domestic
RHODE CRESCENT,151.6,Nov-24,1,Lifeline2
GOEDEHOOP 11 SAXONSEA,257.1,Nov-24,1,Lifeline2
GOEDEDACHT     PAROW,409.6,Nov-24,1,Domestic
CHURCH RD,281.6,Nov-24,1,Domestic
GLENRIDGE,448.8,Nov-24,1,Lifeline2
16 MOSES MADIBA CRES,91.8,Nov-24,1,Lifeline1
LANGEBERG ST,169.8,Nov-24,1,Lifeline1
LANGEBERG PARK,1310.4,Nov-24,3,Home
ALS WAY,179.2,Nov-24,1,Domestic
LANGEBERG CLOSE,193.8,Nov-24,1,Lifeline2
GLEN IVE     BELLVILLE,1881.6,Nov-24,3,Home
ERF 7403     MFULENI,200.3,Nov-24,1,Lifeline2
UPPER KLOOF ST,3427.3,Nov-24,1,Home
GERANIUM 15 PROTEA PARK,147.4,Nov-24,1,Lifeline2
GEORGE ST,408.1,Nov-24,1,Home
SCHUYLENBURG 47 SAXONSEA,278.2,Nov-24,1,Lifeline2
FLAT 3     BELMONT PARK,268.8,Nov-24,1,Domestic
OXFORD ROAD,320.7,Nov-24,1,Home
SQUARE HILL,419.9,Nov-24,1,Domestic
PELIKAN HEIGHTS,165.6,Nov-24,1,Lifeline1
MCKINLEY RD,256,Nov-24,1,Domestic
OU NOOIENSFONTEINWEG,139,Nov-24,1,Lifeline2
THE ROW,539,Nov-24,2,Home
STANDFONTEIN,635.9,Nov-24,1,Home
ERF 7589     MFULENI,172.7,Nov-24,1,Lifeline2
GEORGE PARK,309.1,Nov-24,2,Home
ORCHID 8 PROTEA PARK,109.1,Nov-24,1,Lifeline2
ATHLONE CENTRAL,115.2,Nov-24,1,Lifeline1
ERF 9622     MFULENI,320,Nov-24,1,Domestic
PALERMO WAY,184,Nov-24,1,Home
BELTHORN ESTATE,111.3,Nov-24,1,Error
ERF 7594     MFULENI,97.5,Nov-24,1,Lifeline2
DEERLODGE 143,45.2,Nov-24,1,Domestic
PALMER 71,278.2,Nov-24,1,Lifeline2
ERF 9486     MFULENI,156,Nov-24,1,Lifeline2
MBOYA ST,510.6,Nov-24,2,Domestic
MAVUSO MTHIMKHULU,140.4,Nov-24,1,Lifeline1
88 IBIS STR,89.7,Nov-24,1,Domestic
OLYVENBOSCH,1362.7,Nov-24,4,Home
LABIANCE     BELLVILLE,309.9,Nov-24,1,Lifeline2
OLIEN PARK,320.7,Nov-24,1,Home
STEENLOPER 17,364.2,Nov-24,1,Home
STELLENBERG,320.2,Nov-24,2,Domestic
MORAY PLACE,484.1,Nov-24,2,Domestic
OLDENBURGH 19 AVONDALE,421.7,Nov-24,1,Lifeline2
SANDBURY RD,166.4,Nov-24,1,Domestic
OFF 11TH AVE,509.6,Nov-24,1,Home
MAU MAU,244.5,Nov-24,1,Lifeline2
BONAVENTURA 64,358.4,Nov-24,1,Domestic
MATROOSFONTEIN,341.5,Nov-24,1,Lifeline2
CHAD RD,84.4,Nov-24,1,Lifeline2
ERF 9044     MFULENI,272.1,Nov-24,1,Lifeline2
SKILPADVLEIWEG     DURBANVILLE,271.2,Nov-24,1,Home
ZIZENI ST,76,Nov-24,1,Lifeline2
3 ROSE CRES,230.4,Nov-24,1,Domestic
BERGSHOOP     DURBANVILLE,1747.2,Nov-24,5,Home
PINE ACRES,602,Nov-24,3,Lifeline1
BOSONIA,181.2,Nov-24,1,Lifeline1
DELAIRE STREET     BELLVILLE,1455.2,Nov-24,4,Home
ERF 7604     MFULENI,90,Nov-24,1,Lifeline1
CHAMPAGNE PARK,1166.4,Nov-24,2,Home
BELLVILLE CENTRAL,222.6,Nov-24,1,Error
PARADISE PLACE,307.8,Nov-24,1,Lifeline2
KRUGER ROAD     BELLVILLE,448.8,Nov-24,2,Home
SAMORA MARCHEL,127.8,Nov-24,1,Lifeline1
NY 111,161.6,Nov-24,1,Lifeline1
ERF 7615     MFULENI,307.8,Nov-24,1,Lifeline2
]APE TOWN,154.8,Nov-24,1,Home
NTSHATSHONGA RD,244.5,Nov-24,1,Lifeline2
ROZETTA 4 AVONDALE,207.7,Nov-24,1,Lifeline1
NTOLENI RD,257.1,Nov-24,1,Lifeline2
DENNEGEUR,703.9,Nov-24,2,Lifeline2
NORTHWAY STREET 58     RAVENSMEAD,102.6,Nov-24,1,Lifeline1
CNR TURQUOIS AND WOOD CLOSE,692.7,Nov-24,1,Home
NORTH CAMP WINGFIELD,955.6,Nov-24,1,Home
 RONDEBOSCH,378.9,Nov-24,1,Home
MARINDA HEIGHTS,407,Nov-24,2,Lifeline1
13A THIRD AVENUE,537.6,Nov-24,1,Domestic
CHARLES NDABA,220.4,Nov-24,1,Lifeline1
9387     MFULENI,274,Nov-24,1,Lifeline2
GALAWMI ST,261.4,Nov-24,1,Lifeline2
ZONE 2,128.7,Nov-24,2,Lifeline1
93 SILIMELA ST,203.6,Nov-24,1,Lifeline1
ZONE 2,198.1,Nov-24,1,Lifeline2
BRIDGEBANK,257.1,Nov-24,1,Lifeline2
NIMROD 5 SAXONSEA,435.2,Nov-24,1,Domestic
BRIZA ,2260.1,Nov-24,4,Home
VAN RIEBEECKWEG,278.2,Nov-24,1,Lifeline2
BLAAUWBERGSTRAND,596.5,Nov-24,2,Domestic
 BROOKLYN  ,233.1,Nov-24,1,Lifeline1
RIDGEWORTH,808.7,Nov-24,3,Lifeline1
VAN RIEBEEKHOF     BELLVILLE,1747.8,Nov-24,3,Home
PLATTEKLOOF 2,658,Nov-24,1,Lifeline2
ERF 9060     MFULENI,1579.7,Nov-24,1,Domestic
NAUTILUS CLOSE,437,Nov-24,1,Home
VASCO BOULEVARD 181     GOODWOOD,243.2,Nov-24,1,Domestic
WINGATE HEIGTS,945.1,Nov-24,1,Home
FARLEIGH 15 SHERWOOD,140.8,Nov-24,1,Domestic
VASCO BOULEVARD     GOODWOOD  40741,383.8,Nov-24,1,Lifeline2
51A PARK CRES,181.1,Nov-24,1,Home
6 MAGWASA CLOSE,469.3,Nov-24,1,Domestic
KLIPKOP,186.5,Nov-24,1,Small Power 2
KLIPKERK STREET     BELLVILLE,682.1,Nov-24,1,Home
38 NTANTISO ST,337.3,Nov-24,1,Lifeline2
BIGHORN 39 SHERWOOD,166.4,Nov-24,1,Domestic
4 SYCAMORE CRES,158.8,Nov-24,1,Domestic
6 DASA RD,139,Nov-24,1,Lifeline2
6 DAHLIA ST,196.3,Nov-24,1,Domestic
6 BIGNONIA CLOSE,272.8,Nov-24,1,Domestic
BURGUNDY,1361.6,Nov-24,3,Lifeline2
BURGUNDY,563.5,Nov-24,1,Small Power 2
BUSH ST,155.3,Nov-24,1,Lifeline1
6931,86.5,Nov-24,1,Lifeline2
ADENIUM STREET 16,537.6,Nov-24,1,Domestic
ERF 7690     MFULENI,207.8,Nov-24,1,Lifeline1
CAPE TOWN,1191.7,Nov-24,3,Home
MOUNTVIEW,4729.6,Nov-24,1,Small Power 2
CONRADIESTRAAT,509.9,Nov-24,2,Home
ERF 9154     MFULENI,148.9,Nov-24,1,Lifeline1
MOULLE POINT,118.2,Nov-24,1,Home
MOSSEL STREET     PAROW,304.7,Nov-24,1,Domestic
SUNVALLEY,383.9,Nov-24,1,Home
PAROWW VALLEY,294.5,Nov-24,1,Home
SONNEKUIL,331.1,Nov-24,2,Lifeline1
MORNINGSIDE     DURBANVILLE,1047.5,Nov-24,1,Home
SCHOONGEZICHT ,509.9,Nov-24,1,Home
MORGENTER,579.8,Nov-24,1,Home
ERF 7800     MFULENI,88.7,Nov-24,1,Lifeline2
MAITLAND ,1269.2,Nov-24,2,Home
KINGSTON COURT 4     BELLVILLE,344.4,Nov-24,1,Domestic
C/O ONTARIO AND NYASA RD,358.4,Nov-24,1,Domestic
VIKING VILLAGE,870.1,Nov-24,1,Lifeline1
EXT 13     BELHAR,179.2,Nov-24,1,Domestic
ERF 7818     MFULENI,295.2,Nov-24,1,Lifeline2
TIERHOUT STREET,902.9,Nov-24,1,Home
KHORHAMER STR 34,512,Nov-24,1,Domestic
ROUXVILLE,186.6,Nov-24,1,Lifeline1
36A LEAFMORE RD,285.7,Nov-24,1,Home
ERF 9187     MFULENI,151.6,Nov-24,1,Lifeline2
DIRKIE UYSSTRAAT,307.8,Nov-24,1,Lifeline2
CAPRICORN BEACH,637.6,Nov-24,2,Domestic
POLLA PARK     MFULENI,266.9,Nov-24,1,Lifeline1
KENRIDGE,1150.7,Nov-24,3,Lifeline2
COTTAGER 10,408.1,Nov-24,1,Home
PRIMROSE PARK,143.2,Nov-24,1,Error
DORDONS BAY,692.7,Nov-24,1,Home
34 PUTNEY AVE,596.9,Nov-24,1,Home
ROYAL SAXON 46 SAXONSEA,67.6,Nov-24,1,Lifeline2
49 KREEF HOF,105.4,Nov-24,1,Lifeline2
MABELE ST,257.1,Nov-24,1,Lifeline2
FAIRVIEW GOLF ESTATE,626.4,Nov-24,2,Lifeline1
DUBULA CRESCENT,233.3,Nov-24,1,Lifeline1
KAAPZICHT,588.8,Nov-24,3,Domestic
33 UBUSHWA ST,85.8,Nov-24,1,Lifeline1
KAAP  STR 35,386.6,Nov-24,1,Domestic
9 BELLMNT RD,644.2,Nov-24,1,Home
TOMBO VILLAGE,236.1,Nov-24,1,Lifeline2
RONDEBOSCH ,1281.4,Nov-24,5,Home
CHRIS HANI ST,257.1,Nov-24,1,Lifeline2
DUNROBIN,514.6,Nov-24,1,Small Power 2
D'URBANVALE,661.5,Nov-24,3,Lifeline2
JOE SLOVO INTERSITE,66.6,Nov-24,1,Lifeline1
AVON,1037.3,Nov-24,2,Home
JEFF MASEMOLA ST,408.7,Nov-24,2,Lifeline2
JACARANDAS,830.1,Nov-24,3,Lifeline2
LOYISO AVE,107.4,Nov-24,1,Lifeline1
,460.9,Nov-24,3,Error
WOODSTOCK ,411,Nov-24,1,Home
ERF 9647     MFULENI,236.1,Nov-24,1,Lifeline2
LOUCHARMANTE,318.4,Nov-24,2,Lifeline1
30B SIPRESS AVE,229.2,Nov-24,1,Domestic
ERICA 54,278.2,Nov-24,1,Lifeline2
IKWELERA STREET 69C     MFULENI,115.2,Nov-24,1,Lifeline1
BENGAL 46,808.3,Nov-24,1,Home
SILLERY,94.2,Nov-24,1,Lifeline1
MIKRO PARK,1413,Nov-24,2,Domestic
ERF 9510     MFULENI,168.7,Nov-24,1,Lifeline2
VREDENBURG     BELLVILLE,1448,Nov-24,2,Home
TOWNSEND STREET     GOODWOOD,809.4,Nov-24,2,Lifeline2
LOONARD RADU,320.4,Nov-24,1,Lifeline2
VRIJZEE     GOODWOOD,496.5,Nov-24,3,Lifeline1
CAPRI VILLAGE,1906,Nov-24,2,Home
HOSTEL TO HOME-NEW FLATS,154.1,Nov-24,2,Lifeline1
"PROTEA PARK -WESFLEUR,",27.3,Nov-24,1,Domestic
LONSDALEHOF,94.2,Nov-24,1,Lifeline1
HOOSAIN PARKER AVE,404.8,Nov-24,1,Lifeline2
FAIRIE KNOWE,564.8,Nov-24,2,Lifeline2
HOOP 50 SAXONSEA,87.9,Nov-24,1,Lifeline1
ZEELAND 92 EXT13 SAXONSEA,278.2,Nov-24,1,Lifeline2
WALLACEDENE,189.8,Nov-24,1,Home
MFULENI     ERF 9392,236.1,Nov-24,1,Lifeline2
PROTEAVILLAGE,233.4,Nov-24,1,Home
HOHEIZEN,994.7,Nov-24,3,Lifeline2
PROTEAVILLE ESTATE     DURBANVILLE,640.1,Nov-24,1,Home
HILLCREST HEIGHTS,276.5,Nov-24,1,Domestic
HIGHLANDS VILLAGE,287.9,Nov-24,1,Lifeline1
TSHWETE ST,485,Nov-24,1,Lifeline2
11 BERKLEY RD,885.1,Nov-24,2,Home
WATER WORKS- RED HILL RD,184.6,Nov-24,1,Domestic
RONDEBSOCH EAST,498.2,Nov-24,1,Home
ROOM C,164.4,Nov-24,1,Lifeline2
FOREST GLADE,524.4,Nov-24,1,Home
P.A.W.C HOSTEL,81.5,Nov-24,1,Lifeline1
PAWC HOSTEL,109.6,Nov-24,1,Lifeline2
CAPE NIGHT WATCHMAN,168.5,Nov-24,1,Lifeline2
MORGENSTER HEIGHTS,2291,Nov-24,1,Small Power 1
ERF 7705     MFULENI,71.7,Nov-24,1,Lifeline2
CAPE TOWN CITY CENTE,315.9,Nov-24,2,Lifeline2
SURRY ESTATE,341.5,Nov-24,1,Lifeline2
PEACOCK CLOSE,331,Nov-24,2,Lifeline1
SONEIKE II,517.6,Nov-24,3,Lifeline1
5 NDIBELA CRES,143.3,Nov-24,1,Lifeline2
BERTIE AVE,1439.4,Nov-24,1,Home
CARETAKERS COTTAGE,163.9,Nov-24,1,Domestic
BERGZICHT     GOODWODO,240.5,Nov-24,1,Lifeline2
TAFELSIG ,161.3,Nov-24,1,Lifeline1
MOGENSTER,175.2,Nov-24,1,Home
M KAFI ROAD,299.6,Nov-24,1,Domestic
SONEIKE,263.5,Nov-24,2,Lifeline1
ALBERTO 18,643.4,Nov-24,1,Domestic
ROUNDHAY,556.3,Nov-24,2,Lifeline2
PELIKAN PARK ,153.6,Nov-24,1,Domestic
CHAPMAN'S PEAK(NOORDHOEK),2226.7,Nov-24,1,Small Power 2
13 THIRD AVENUE,294.4,Nov-24,1,Domestic
MILNERTON EXT.6,151.6,Nov-24,2,Small Power 2
57 OLD TRAFFORD RD,345.6,Nov-24,1,Domestic
CHARNWOOD 2 SHERWOOD,256,Nov-24,1,Domestic
57 DIMAZA ROAD,186.6,Nov-24,1,Lifeline1
TARENTAALPLAAS,2153.1,Nov-24,1,Small Power 1
RIVERSIDE GLEN,815.4,Nov-24,2,Home
CHIEF MAQOMA,232,Nov-24,2,Lifeline1
FICUS STR.3,696.1,Nov-24,1,Domestic
MILLDENE STREET     RAVENSMEAD,38.1,Nov-24,1,Lifeline2
MILKY WAY,358.4,Nov-24,1,Domestic
MIDDELBURG 41 SAXONSEA,425.9,Nov-24,1,Lifeline2
ERF 7801     MFULENI,358.4,Nov-24,1,Domestic
MFULENI     ERF 9241,172.8,Nov-24,1,Lifeline2
MFULENI     ERF 9178,177,Nov-24,1,Lifeline2
MFULENI     ERF 9175,130.6,Nov-24,1,Lifeline2
MFULENI     ERF 9167,404.8,Nov-24,1,Lifeline2
MFULENI     ERF 9156,136.3,Nov-24,1,Lifeline1
9TH AVE,480.8,Nov-24,1,Home
MFULENI     ERF 9097,136.1,Nov-24,1,Lifeline1
ROATH RD,466.2,Nov-24,1,Home
THE CREST     DURBANVILLE,552.5,Nov-24,1,Small Power 2
METER ROOM   BATH RD,5241.6,Nov-24,2,Domestic
MELKBOSTRAND,499.2,Nov-24,1,Domestic
BABBLERS 19 ROBINVALE,198.2,Nov-24,1,Lifeline2
THE POPLAR,243.4,Nov-24,1,Home
CHURCHILL,309.4,Nov-24,2,Small Power 2
 MELKBOSCH STRAND ,1790.1,Nov-24,3,Home
 ROCKLANDS  ,107.6,Nov-24,1,Domestic
PHILILIPI,710.3,Nov-24,1,Small Power 2
111 SIXTH AVENUE,288.7,Nov-24,1,Home
MAU-MAU,5.4,Nov-24,1,Domestic
SKOONGESIG,455.7,Nov-24,1,Domestic
MATANZIMA ST,119.3,Nov-24,1,Lifeline1
CLOVELLY,1695.1,Nov-24,1,Small Power 1
CNR MAIN LANGLEY ROAD,1428.9,Nov-24,1,Home
111 FIRST AVENUE,114,Nov-24,1,Home
CNR NEW OTTERY AND,466.2,Nov-24,1,Home
COLEBROOK 25 AVONDALE,422.5,Nov-24,1,Home
MANNA LANE 35,89.9,Nov-24,1,Lifeline1
MANENBERG ,265.6,Nov-24,1,Lifeline2
CONCORDIA 30 SHERWOOD,151.6,Nov-24,1,Lifeline2
THORNTON,3447.5,Nov-24,1,Small Power 1
4 SEINE STREET,242.4,Nov-24,1,Lifeline2
CONSTANTIA VALE,1762,Nov-24,3,Domestic
CONSTANTIAWEG,320.4,Nov-24,1,Lifeline2
4 CEGCUWANE CRES,130.5,Nov-24,1,Lifeline2
C/O TEMBE ST,2341.7,Nov-24,2,Home
BELRAIL     BELLVILLE,499.2,Nov-24,1,Domestic
TOKAI COURT 12,148.7,Nov-24,1,Lifeline1
BEL OMBRE,2349.9,Nov-24,2,Small Power 2
TORTELDUIF 57 ROBINVALE,297.3,Nov-24,1,Home
1113,238.4,Nov-24,1,Small Power 2
CRAVENBY,154.3,Nov-24,1,Error
LTA HOSTELS,94.1,Nov-24,1,Lifeline1
ERF 9512     MFULENI,59.1,Nov-24,1,Lifeline2
WORLD'S VIEW - SOMESET W,1881.5,Nov-24,3,Home
CULVER ST,211.1,Nov-24,1,Home
FAIRTREES ROAD     DURBANVILLE,1592.6,Nov-24,2,Home
SEAFORTH,721.7,Nov-24,2,Home
TRAFALGAR 40 SAXONSEA,81.5,Nov-24,1,Lifeline1
47 KOBODI ST,193.8,Nov-24,1,Lifeline2
FAIRIE KNOWE,407,Nov-24,2,Lifeline1
LOEVENSTEIN,1221.5,Nov-24,2,Small Power 2
BELLVILLE SOUTH EXT.7,203.5,Nov-24,1,Lifeline1
LOCK RD C\O DE OUDE WAY,1369.3,Nov-24,1,Domestic
RODGER ST,510.2,Nov-24,1,Lifeline2
CURLEWWEG,378.7,Nov-24,1,Home
45 LEEUBEKKIE CRES,278.2,Nov-24,1,Lifeline2
PHOKELA STR,33.7,Nov-24,1,Domestic
LISBOA 11 SAXONSEA,345.6,Nov-24,1,Domestic
FAIRFIELD     PAROW,394.7,Nov-24,1,Small Power 2
LILIAN VGOYI,345.8,Nov-24,1,Lifeline2
10 VICTORIA MXENGE ST,240.3,Nov-24,1,Lifeline2
LIDDLE RD (SOMERSET RD),1548.4,Nov-24,2,Domestic
SCOTTSVILLE,2582.4,Nov-24,1,Small Power 1
ERF 8967     MFULENI,148.9,Nov-24,1,Lifeline1
LEE BOZALEK STR,157.2,Nov-24,1,Lifeline1
44 MARTIN RD,51.8,Nov-24,1,Domestic
UITSIG,1024.2,Nov-24,2,Small Power 2
LAVENDER SINGEL 12,171.9,Nov-24,1,Lifeline1
SACRAMENTO 101 EXT13 SSEA,157.1,Nov-24,1,Lifeline1
43 HELEN JOSEPH ST,165.7,Nov-24,1,Lifeline1
ERF 9012     MFULENI,564.6,Nov-24,1,Domestic
LA ROCHELLE,623.1,Nov-24,3,Lifeline1
WYNBERG CENTRAL,229.9,Nov-24,2,Lifeline1
LANTANA STREET 27,129.8,Nov-24,1,Lifeline1
BELLVILLE EXT.4,1397.6,Nov-24,5,Home
ROME,279.5,Nov-24,1,Lifeline1
UNIT 7/9 KOEBERG RD,229,Nov-24,1,Small Power 2
UNIVERSITY DRIVE - BLK 19,158,Nov-24,1,Lifeline2
LANGEEBRG HOOGTE,285.6,Nov-24,1,Home
WYNBERG EAST,844.5,Nov-24,2,Home
41 TAHOE WAY,81.5,Nov-24,1,Lifeline1
UN NAMED ROAD 16,236.2,Nov-24,1,Lifeline2
DATURA 66 PROTEA PARK,226.4,Nov-24,1,Lifeline2
LANGA FLATS,131.9,Nov-24,1,Lifeline1
ROZETTE 6 AVONDALE,124.5,Nov-24,1,Lifeline2
DE BEERSSTRAAT,236.6,Nov-24,1,Home
ROME GLEN,483.9,Nov-24,1,Domestic
LANCASTERSTRAAT,112.1,Nov-24,1,Small Power 2
LANCASTER RD,89.2,Nov-24,1,Home
WYNNE STREET     PAROW,253.1,Nov-24,1,Lifeline2
LAKESIDE  ,794.4,Nov-24,2,Home
DEERLODGE 27,294.4,Nov-24,1,Domestic
DEERLODGE 52 SHERWOOD,7.8,Nov-24,1,Domestic
AVONDALE TB,32.2,Nov-24,1,Home
LABIANCE,686.2,Nov-24,3,Lifeline1
KUSWEG 106,4081.7,Nov-24,1,Small Power 1
PINATI ESTATE ,378.9,Nov-24,2,Home
DE KUILEN,520.9,Nov-24,2,Lifeline1
VALMARY PARK,1153.7,Nov-24,1,Small Power 1
KUILSRIVIER INDUSTRIA,609.3,Nov-24,3,Domestic
3 NEW FLATS,136.2,Nov-24,1,Lifeline1
DELT,245.9,Nov-24,1,Lifeline1
SIMON'S TOWN ,1281.3,Nov-24,3,Home
3B SIZABANTHU STREET,105.4,Nov-24,1,Lifeline2
ERF 9415     MFULENI,130.7,Nov-24,1,Lifeline2
ERF 9623     MFULENI,215,Nov-24,1,Lifeline2
BELLE CONSTANTIA,309.9,Nov-24,1,Lifeline2
VAN RIEBEECKHOF     BELLVILLE,1653.4,Nov-24,3,Home
DE OUDE SPRUIT,512,Nov-24,1,Domestic
VAN RIEBEECKSHOF,1677.9,Nov-24,3,Lifeline2
AVONDALE - PAROW ,356.8,Nov-24,1,Small Power 2
PINELANDS ,408,Nov-24,1,Home
PINE STR. 25,362.6,Nov-24,1,Lifeline2
SILWERBOOMKLOOFSTRAAT,1639.3,Nov-24,1,Home
ERF 9484     MFULENI,181.2,Nov-24,1,Lifeline2
KNOLE PARK,1470.2,Nov-24,3,Domestic
KLIPFONTEIN  C/R LIBRA,955.5,Nov-24,1,Home
VASCO     GOODWOOD,236.8,Nov-24,1,Small Power 2
KLIPDAM,352.2,Nov-24,2,Lifeline1
EXT.18 BELHAR     I/D 6205015269086,396.8,Nov-24,1,Domestic
ERF 9467     MFULENI,409.1,Nov-24,1,Lifeline2
KLEINBRON,918.7,Nov-24,3,Lifeline2
VICTORIA ST     VRIJZEE,177.9,Nov-24,1,Home
DE WETSTRAAT     GOODWOOD,217.6,Nov-24,1,Domestic
DE WET STREET     GOODWOOD,531,Nov-24,2,Lifeline2
KINGSTONE COURT 6     BELLVILLE,76.9,Nov-24,1,Domestic
376 MAIN RD,231.7,Nov-24,1,Home
VIERLANDEN,549.2,Nov-24,2,Lifeline2
KINGSTON 11 AVONDALE,361,Nov-24,1,Domestic
KINEPARK,734.8,Nov-24,1,Home
ERF 9646     MFULENI,165.5,Nov-24,1,Lifeline1
KHETSHA ST,92.3,Nov-24,1,Domestic
DIE WINGERD,1090.3,Nov-24,2,Lifeline1
DIE WINGERD,682.9,Nov-24,2,Lifeline2
KERRIA 65 PROTEA PARK,130.6,Nov-24,1,Lifeline2
DISA CLS 11,236,Nov-24,1,Lifeline2
BELGRAVIA ,1280.1,Nov-24,1,Small Power 2
AIRPORT INDUSTRIA,204.9,Nov-24,1,Home
ALPHINE PARK,537.6,Nov-24,1,Domestic
KATZENELLENBOGEN RD,757,Nov-24,2,Home
VOORBRUGWEG     DELFT,193.1,Nov-24,1,Lifeline1
KANONBERG     BELLVILLE,1674.6,Nov-24,2,Home
VOORTREKKER ROAD     BELLVILLE,160.5,Nov-24,1,Home
VOORTREKKER ROAD     GOODWOOD,220.4,Nov-24,1,Lifeline1
DROSTDYPARK,217.3,Nov-24,1,Home
SILVERGLADE,475.4,Nov-24,3,Lifeline1
EVERITE INDUSTRILE AREA,238.4,Nov-24,1,Small Power 2
KAAPSIG,573.2,Nov-24,2,Lifeline2
JOOL STREET 3     BELLVILLE,268.8,Nov-24,1,Domestic
EVERITE INDUSTRIAL AREA,517.8,Nov-24,1,Small Power 2
PRINCE WILLIAM ST,560.7,Nov-24,1,Domestic
ALICE DALE,279.5,Nov-24,1,Lifeline1
SEABREEZE RD,495.3,Nov-24,2,Home
JOE QHABI,396.8,Nov-24,1,Domestic
JAGERSHOF,495.3,Nov-24,1,Home
BEGONIA 49 PROTEA PARK,738.1,Nov-24,1,Domestic
VREDELUST     BELLVILLE,1071.4,Nov-24,1,Home
ERICA 57,140.3,Nov-24,1,Lifeline1
INDUSTRIELE AREA,1336.2,Nov-24,1,Small Power 1
DURMONTE,644,Nov-24,3,Lifeline1
DURMONTE STREET 4     DURBANVILLE,128,Nov-24,1,Domestic
VREDENBERG - BELLVILE,725,Nov-24,2,Lifeline2
IKWELERA STREET 67A     MFULENI,71.7,Nov-24,1,Lifeline2
VREDENBERG - BELLVILLE,839,Nov-24,2,Lifeline2
IDA MNWAMA CRES,102.5,Nov-24,1,Lifeline1
DWYKER STREET     BELLVILLE,899.7,Nov-24,1,Small Power 2
VRIJEE     GOODWOOD,1287,Nov-24,2,Home
HUNTERS CREEK,441.6,Nov-24,1,Domestic
BEACH ROAD,1598.7,Nov-24,2,Small Power 2
29 THOR CIRCLE,131,Nov-24,1,Small Power 2
ERF 9688     MFULENI,145,Nov-24,1,Lifeline2
11 BERKLEY ROAD,61.7,Nov-24,1,Small Power 2
EDGEMAED     GOODWOOD,501.1,Nov-24,1,Home
B/BAY B/CLUB 165 BLOUBERG,236,Nov-24,1,Lifeline2
HOOGEGEES 12 SAXONSEA,231.8,Nov-24,1,Lifeline2
HILLCREST RD,130.7,Nov-24,1,Domestic
ERF 9661     MFULENI,153,Nov-24,1,Lifeline1
EDINBURGH 39 SAXONSEA,193.9,Nov-24,1,Lifeline2
ZWELINZIMA NYANDA CRES,156,Nov-24,1,Lifeline2
SHOBASHOBANE ST,233.5,Nov-24,1,Lifeline2
EDINBURGH 40 SAXONSEA,101.2,Nov-24,1,Lifeline2
27 NDUBELA CRES,178.3,Nov-24,1,Lifeline1
HIBISCUS STREET     DURBANVILLE,404.9,Nov-24,2,Home
ERF 9436     MFULENI,127.7,Nov-24,1,Lifeline1
HIBISCUS 4 PROTEA PARK,257.2,Nov-24,1,Lifeline2
HELDERZICHT,299.3,Nov-24,1,Lifeline2
ELDORADO STREET     DURBANVILLE,1444.9,Nov-24,2,Home
WELGELEGEN,496.5,Nov-24,3,Lifeline1
HEATHERDALE,140.3,Nov-24,1,Lifeline1
HEARTLAND HISTORIC PRECIN,1262.6,Nov-24,2,Small Power 2
ELK 23 SHERWOOD,165.6,Nov-24,1,Lifeline1
ELSIES RIVER INDUSTIA,330.3,Nov-24,1,Domestic
ELSIES RIVER INDUSTRIA ,520.9,Nov-24,1,Small Power 2
HARMONY RD,140.3,Nov-24,1,Lifeline1
EMERALD DRIVE,524.4,Nov-24,1,Home
WELGEVONDEN     DURBANVILLE,364.3,Nov-24,1,Home
ENCHANTRESS 51 SAXONSEA,165.5,Nov-24,1,Lifeline1
WELLWAY PARK ,1944.6,Nov-24,3,Home
HARBARHOF     BELLVILLE,137.2,Nov-24,1,Home
ENON STR 38,157.2,Nov-24,1,Lifeline1
RAILWAY COTTAGE,172.8,Nov-24,1,Lifeline2
WELTEVREDEN,198.1,Nov-24,1,Lifeline2
235 SECOND AVENUE,153.6,Nov-24,1,Domestic
AND 3RD AVE,511.5,Nov-24,1,Small Power 2
22 NGCISININDE CRES,236,Nov-24,1,Lifeline2
HAARLEM CRESCENT     GOODWOOD,160.6,Nov-24,1,Home
AND MEMANI STR,106.7,Nov-24,1,Lifeline1
SAREL CILLIERS STREET     PAROW,147.5,Nov-24,1,Lifeline1
GULENSTRAAT,257.1,Nov-24,1,Lifeline2
WEMMERSHOEKSTRAAT     BELLVILLE,495.2,Nov-24,1,Home
BATH RD  MARLBOROUGH PARK,236,Nov-24,1,Lifeline2
22 DYALA CRES,342.8,Nov-24,1,Lifeline1
ERF 162133,220.3,Nov-24,1,Domestic
GUGUGLETU,214.9,Nov-24,1,Lifeline2
ATLANTIS,1339.4,Nov-24,3,Home
ERF 9652     MFULENI,75.9,Nov-24,1,Lifeline2
GRUNDEL 6 AVONDALE,128,Nov-24,1,Domestic
SAN MICHELE,1100.5,Nov-24,2,Domestic
SAND STR 4,236,Nov-24,1,Lifeline2
1ST FLOOR,89.9,Nov-24,1,Lifeline1
1 NYAWULA CRES,174,Nov-24,1,Lifeline1
GREENWAYS COUNTRY ESTATE,1428.9,Nov-24,1,Home
ERF 16832,93.1,Nov-24,1,Lifeline2
RAVESMEAD,320.7,Nov-24,1,Home
AMSTELVEEN 19,353.4,Nov-24,1,Domestic
GREENHAVEN,516.3,Nov-24,1,Small Power 2
SHELLY 35 AVONDALE,271,Nov-24,1,Lifeline1
BARBAROSSA/DEURDRIF/LANSTEAD,2052.1,Nov-24,4,Domestic
ERF 2327,755.7,Nov-24,1,Home
 GRASSY PARK,178.5,Nov-24,1,Home
17 SILIMELA ST,140.8,Nov-24,1,Domestic
SCHAAP KRAAL,652.7,Nov-24,1,Small Power 1
RETREAT INDUSTRIAL AREA,4076,Nov-24,3,Domestic
ERF 3973,187,Nov-24,1,Lifeline1
REV MARAWU,96.9,Nov-24,1,Lifeline2
SANDPIPER WAY 11,1239.6,Nov-24,1,Home
ERF 44940,184.4,Nov-24,1,Domestic
 GORDON'S BAY,466.2,Nov-24,1,Home
ROSENDAL,1589.4,Nov-24,1,Small Power 1
GOLDEN ACRE,855,Nov-24,3,Lifeline1
AMSTELVEEN 14 AVONDALE,165.5,Nov-24,1,Lifeline1
ERF 7087     MFULENI,155.9,Nov-24,1,Lifeline2
ERF 7113     MFULENI,54.9,Nov-24,1,Lifeline2
BACH CLOSE     DURBANVILLE,593.4,Nov-24,1,Small Power 2
ERF 7377     MFULENI,144.6,Nov-24,1,Lifeline1
GLEN LILLY,1317,Nov-24,2,Home
GLEN IVE     STELLENBERG,524.4,Nov-24,1,Home
ERF 7412     MFULENI,269.8,Nov-24,1,Lifeline2
RICK TENER CRES,221.5,Nov-24,1,Lifeline2
ERF 7582     MFULENI,161.4,Nov-24,1,Lifeline1
PAARDE VLEI,271,Nov-24,1,Lifeline1
SPRINGBOK ST,234.8,Nov-24,1,Lifeline2
OUTBUILDING,154,Nov-24,2,Lifeline1
(OUTBUILDING),341.5,Nov-24,1,Lifeline2
ERF 7584     MFULENI,236,Nov-24,1,Lifeline2
OTTERY RD,463.4,Nov-24,2,Domestic
BLOMMENDAL,728.5,Nov-24,3,Lifeline1
ERF 9592     MFULENI,122.2,Nov-24,1,Lifeline2
ORCHID 8 PROTEA PARK,184.6,Nov-24,1,Lifeline1
 SPRINGBOKPARK ,612.5,Nov-24,1,Small Power 2
ORANGE STREET / SONSTRAAL     DURBANVILLE,361.5,Nov-24,1,Small Power 2
GATESVILLE ,1081.1,Nov-24,1,Small Power 2
GATESVILLE ,1490.1,Nov-24,2,Home
BLUE DOWNS,629.4,Nov-24,1,Home
BLUE WATER BAY,384,Nov-24,1,Domestic
BLUE WATER BAY,313.2,Nov-24,1,Lifeline1
BLOCK C ZONE1,85.7,Nov-24,1,Lifeline1
BOIPATONG,123.5,Nov-24,1,Lifeline1
OLYMPUSSTRAAT     SPRINGBOKPARK,198.4,Nov-24,1,Domestic
BLOCK 32     LWANDLE,212.1,Nov-24,1,Lifeline1
OLIEBOOM RD,769.7,Nov-24,1,Domestic
85 NY 61,191.9,Nov-24,2,Lifeline1
OCEAN VIEW ,195.8,Nov-24,1,Small Power 2
BONGWENI RD,169.9,Nov-24,1,Lifeline1
BONNIE BROOK,611.9,Nov-24,1,Domestic
15 MARTIN RD,18.9,Nov-24,1,Domestic
BONTEHEWEUL,94.1,Nov-24,1,Lifeline1
BO OAKDALE,512.9,Nov-24,1,Small Power 1
BO OAKDALE,227.4,Nov-24,1,Small Power 2
83 SIXTH AVENUE,320.7,Nov-24,1,Home
BORCHERS QUARRY RD,347,Nov-24,1,Lifeline1
BOSBELL,1160,Nov-24,2,Small Power 2
OAKDALE     BELLVILLE,447,Nov-24,1,Lifeline2
 BOSTON ,372.6,Nov-24,1,Small Power 2
BLOCK 24     LWANDLE,216.2,Nov-24,1,Lifeline1
ERF 7606     MFULENI,143.2,Nov-24,1,Lifeline2
BOUNDARY RD,378.9,Nov-24,1,Home
PAREL VALLEI,1126.4,Nov-24,5,Domestic
BRACKENFELL ,218.4,Nov-24,1,Home
ERF 9574     MFULENI,223.5,Nov-24,1,Lifeline2
GARDENIA 69 PROTEA PARK,268.9,Nov-24,1,Lifeline1
ST JAMES,538.7,Nov-24,3,Lifeline1
BLAAUWBERGSTRAND,2550.6,Nov-24,2,Small Power 1
NOVA CONSTANTIA,408.7,Nov-24,2,Lifeline2
 BRACKENFELL INDUSTRIA  ,4081.8,Nov-24,1,Small Power 1
BRACKENFELL SOUTH,566.6,Nov-24,2,Small Power 2
NORTH CAMP WINGFIELD,767.2,Nov-24,2,Lifeline2
7E NORTHUMBRIA RD,153.6,Nov-24,1,Domestic
WINDSOR PARK,644.1,Nov-24,3,Lifeline1
RICK TURNER ST,112.1,Nov-24,1,Lifeline1
BRANTWOOD,80.5,Nov-24,1,Small Power 2
BRICKFIELD RD,517.8,Nov-24,1,Small Power 2
NKELEKETHA ST,313.2,Nov-24,1,Lifeline1
BRIZA,1429.9,Nov-24,2,Small Power 2
75 THIRD AVENUE,384.7,Nov-24,2,Home
NEW WOODLAND,81.5,Nov-24,1,Lifeline1
NEWTONWEG 56,110.6,Nov-24,1,Small Power 2
ERF 9567     MFULENI,80.1,Nov-24,1,Lifeline2
NEW FLATS MENDI AVE,140.4,Nov-24,1,Lifeline1
BROWNS FARM PHILLIPI WEST,383.7,Nov-24,1,Lifeline2
FRESNAYE,2765,Nov-24,1,Small Power 1
BISHOPS COURT,2852.5,Nov-24,2,Home
BIGNONIA CLOSE,182.3,Nov-24,1,Domestic
NELLY 2 ROBINVALE,362.5,Nov-24,1,Lifeline2
14 THIRD AVENUE,407.8,Nov-24,2,Home
SUITE 203,153.6,Nov-24,1,Domestic
ALBERTO 11 AVONDALE,371.2,Nov-24,1,Domestic
FOURTH AVE 6,582.7,Nov-24,1,Home
MURRAY STREET     DURBANVILLE,451.6,Nov-24,1,Home
SUMMER PLACES,716.8,Nov-24,3,Domestic
MURDOCK VALLEY,1244.4,Nov-24,1,Lifeline2
RIDGEWORTH     BELLVILLE,1262.7,Nov-24,1,Small Power 1
BIGHORN 39 SHERWOOD,236,Nov-24,1,Lifeline2
SUN 91,236,Nov-24,1,Lifeline2
BIGHORN 29 SHERWOOD,85.7,Nov-24,1,Lifeline1
SUNBIRDSINGEL     DURBANVILLE,786.4,Nov-24,3,Home
WINKEL 13,61.6,Nov-24,1,Small Power 2
PAROWVALLEI,1522.2,Nov-24,2,Small Power 1
ERF 9553     MFULENI,67.5,Nov-24,1,Lifeline2
67 DLEPHU RD,194.6,Nov-24,1,Domestic
BUSH ST,198.1,Nov-24,1,Lifeline2
SUNRAY,14.9,Nov-24,1,Small Power 2
FOURIESTRAAT,524.1,Nov-24,1,Small Power 2
Muizenberg,98.3,Nov-24,1,Lifeline1
MOWBRAY NORTH,1301,Nov-24,1,Small Power 1
FORTUNE 34 AVONDALE,348.2,Nov-24,1,Domestic
SEA COTTAGE DRIVE,969.6,Nov-24,1,Domestic
MOUNT CLAIRE,591.3,Nov-24,1,Home
PAROWVALLEY     PAROW,218.6,Nov-24,1,Home
MOUNTAINVIEW,244.6,Nov-24,1,Lifeline2
MOUNTAINSIDE,460.8,Nov-24,2,Domestic
CAMPS BAY/ BAKOVEN ,3305.2,Nov-24,4,Home
SUN VALLEY ,235.2,Nov-24,1,Small Power 2
AMARYLUS CLOSE,166.5,Nov-24,1,Domestic
62 TAMBO ST,257.1,Nov-24,1,Lifeline2
